Date,Adj Close,Close,High,Low,Open,Volume,Swing_High,Swing_Low,Previous_Swing_High,Previous_Swing_Low,Structure_Event,Structure_Trend,Break_of_Structure,EMA20,EMA50,EMA200,Price_vs_EMA20,EMA20_vs_EMA50,EMA50_vs_EMA200,Trend_Score,RSI_14,Momentum_Score,High_20D,Low_20D,Distance_From_20D_High_Pct,Distance_From_20D_Low_Pct,Condition_Score
2015-01-02,8395.4501953125,8395.4501953125,8410.599609375,8288.7001953125,8288.7001953125,101900,,,,,,Neutral,,,,,0,0,0,0,,0,,,,,0
2015-01-05,8378.400390625,8378.400390625,8445.599609375,8363.900390625,8407.9501953125,118200,,,,,,Neutral,,,,,0,0,0,0,,0,,,,,0
2015-01-06,8127.35009765625,8127.35009765625,8327.849609375,8111.35009765625,8325.2998046875,172800,,,,,,Neutral,,,,,0,0,0,0,,0,,,,,0
2015-01-07,8102.10009765625,8102.10009765625,8151.2001953125,8065.4501953125,8118.64990234375,164100,,,,,,Neutral,,,,,0,0,0,0,,0,,,,,0
2015-01-08,8234.599609375,8234.599609375,8243.5,8167.2998046875,8191.39990234375,143800,,,,,,Neutral,,,,,0,0,0,0,,0,,,,,0
2015-01-09,8284.5,8284.5,8303.2998046875,8190.7998046875,8285.4501953125,148000,,,,,,Neutral,,,,,0,0,0,0,,0,,,,,0
2015-01-12,8323.0,8323.0,8332.599609375,8245.599609375,8291.349609375,103200,,,,,,Neutral,,,,,0,0,0,0,,0,,,,,0
2015-01-13,8299.400390625,8299.400390625,8356.650390625,8267.900390625,8346.150390625,129600,,,,,,Neutral,,,,,0,0,0,0,,0,,,,,0
2015-01-14,8277.5498046875,8277.5498046875,8326.4501953125,8236.650390625,8307.25,146100,,,,,,Neutral,,,,,0,0,0,0,,0,,,,,0
2015-01-15,8494.150390625,8494.150390625,8527.099609375,8380.5498046875,8424.5,232100,,,,,,Neutral,,,,,0,0,0,0,,0,,,,,0
2015-01-16,8513.7998046875,8513.7998046875,8530.75,8452.25,8504.0498046875,176000,,,,,,Neutral,,,,,0,0,0,0,,0,,,,,0
2015-01-19,8550.7001953125,8550.7001953125,8570.9501953125,8531.5,8550.0498046875,125400,,,,,,Neutral,,,,,0,0,0,0,,0,,,,,0
2015-01-20,8695.599609375,8695.599609375,8707.900390625,8574.5,8575.099609375,158700,,,,,,Neutral,,,,,0,0,0,0,,0,,,,,0
2015-01-21,8729.5,8729.5,8741.849609375,8689.599609375,8719.650390625,185900,,,,,,Neutral,,,,,0,0,0,0,,0,,,,,0
2015-01-22,8761.400390625,8761.400390625,8774.150390625,8727.0,8745.849609375,175500,,,,,,Neutral,,,,,0,0,0,0,67.81894943643573,1,,,,,0
2015-01-23,8835.599609375,8835.599609375,8866.400390625,8795.400390625,8827.9501953125,191200,,,,,,Neutral,,,,,0,0,0,0,71.01161694611146,1,,,,,0
2015-01-27,8910.5,8910.5,8925.0498046875,8825.4501953125,8871.349609375,192000,,,,,,Neutral,,,,,0,0,0,0,73.83367321736947,1,,,,,0
2015-01-28,8914.2998046875,8914.2998046875,8985.0498046875,8874.0498046875,8902.75,185100,,,,,,Neutral,,,,,0,0,0,0,73.97210715200819,1,,,,,0
2015-01-29,8952.349609375,8952.349609375,8966.650390625,8861.25,8901.5,256300,,,,,,Neutral,,,,,0,0,0,0,75.37691861869959,1,,,,,0
2015-01-30,8808.900390625,8808.900390625,8996.599609375,8775.099609375,8996.599609375,267300,8996.599609375,,,,,Neutral,,8630.184314838569,,,1,0,0,1,61.82825496877554,1,8996.599609375,8065.4501953125,-2.0863351366043448,9.2177147872611,1
2015-02-02,8797.400390625,8797.400390625,8840.7998046875,8751.099609375,8802.5,210100,,,8996.599609375,,,Neutral,,8646.109655389657,,,1,0,0,1,60.8834510634972,1,8996.599609375,8065.4501953125,-2.2141612097799968,9.07513130188191,1
2015-02-03,8756.5498046875,8756.5498046875,8837.2998046875,8726.650390625,8823.150390625,208700,,,8996.599609375,,,Neutral,,8656.627764846595,,,1,0,0,1,57.52092481142096,1,8996.599609375,8065.4501953125,-2.668228165198705,8.568642699903538,1
2015-02-04,8723.7001953125,8723.7001953125,8792.849609375,8704.400390625,8789.150390625,195300,,,8996.599609375,,,Neutral,,8663.015615367158,,,1,0,0,1,54.89538354509047,0,8996.599609375,8065.4501953125,-3.0333617801343804,8.161354717465908,0
2015-02-05,8711.7001953125,8711.7001953125,8838.4501953125,8683.650390625,8733.099609375,173600,,,8996.599609375,,,Neutral,,8667.65224202862,,,1,0,0,1,53.92702723115769,0,8996.599609375,8167.2998046875,-3.1667455086654916,6.66561046666303,0
2015-02-06,8661.0498046875,8661.0498046875,8726.2001953125,8645.5498046875,8696.849609375,171300,,,8996.599609375,,,Neutral,,8667.023438472323,,,-1,0,0,-1,49.9239451208386,0,8996.599609375,8190.7998046875,-3.729740338092147,5.741197577932278,0
2015-02-09,8526.349609375,8526.349609375,8605.5498046875,8516.349609375,8584.400390625,146800,,,8996.599609375,,,Neutral,,8653.625930939244,,,-1,0,0,-1,41.171077484295225,-1,8996.599609375,8236.650390625,-5.226974861813027,3.5171969794874025,0
2015-02-10,8565.5498046875,8565.5498046875,8646.25,8470.5,8478.099609375,196200,,8470.5,8996.599609375,,,Neutral,,8645.237728439079,,,-1,0,0,-1,44.2352011737443,-1,8996.599609375,8236.650390625,-4.7912525109856,3.9931209710789117,0
2015-02-11,8627.400390625,8627.400390625,8651.9501953125,8593.650390625,8603.2998046875,161600,,,8996.599609375,8470.5,,Neutral,,8643.538934361546,,,-1,0,0,-1,48.76925182519889,0,8996.599609375,8236.650390625,-4.103764030637446,4.744040131225602,0
2015-02-12,8711.5498046875,8711.5498046875,8732.5498046875,8599.25,8676.9501953125,158800,,,8996.599609375,8470.5,,Neutral,,8650.016160106876,,,1,0,0,1,54.222668276538315,0,8996.599609375,8380.5498046875,-3.168417147190372,3.9496215369409393,0
2015-02-13,8805.5,8805.5,8822.099609375,8729.650390625,8741.5,221900,,,8996.599609375,8470.5,,Neutral,,8664.824144858601,,,1,0,0,1,59.41682723992313,1,8996.599609375,8452.25,-2.124131534939744,4.179360525303921,1
2015-02-16,8809.349609375,8809.349609375,8870.099609375,8793.400390625,8831.400390625,136400,,,8996.599609375,8470.5,,Neutral,,8678.588474812545,,,1,0,0,1,59.61901058478927,1,8996.599609375,8470.5,-2.081341930620928,4.000349558762761,1
2015-02-18,8869.099609375,8869.099609375,8894.2998046875,8808.900390625,8811.5498046875,147600,,,8996.599609375,8470.5,,Neutral,,8696.732392389922,,,1,0,0,1,62.72317175892935,1,8996.599609375,8470.5,-1.4172021156430903,4.705738851012331,1
2015-02-19,8895.2998046875,8895.2998046875,8913.4501953125,8794.4501953125,8883.0498046875,213300,8913.4501953125,,8996.599609375,8470.5,LH,Bearish,,8715.6435745135,,,1,0,0,1,64.02895666452645,1,8996.599609375,8470.5,-1.1259788040576924,5.015049934330906,1
2015-02-20,8833.599609375,8833.599609375,8899.9501953125,8816.2998046875,8895.5,197600,,,8913.4501953125,8470.5,,Bearish,,8726.877482595548,,,1,0,0,1,58.804844525176556,1,8996.599609375,8470.5,-1.8117956458809648,4.286637263148574,1
2015-02-23,8754.9501953125,8754.9501953125,8869.0,8736.099609375,8856.849609375,139600,,,8913.4501953125,8470.5,,Bearish,,8729.551074282877,,,1,0,0,1,52.881911194245056,0,8996.599609375,8470.5,-2.686008320417932,3.3581275640458097,1
2015-02-24,8762.099609375,8762.099609375,8800.5,8726.75,8772.900390625,149800,,,8913.4501953125,8470.5,,Bearish,,8732.650934767842,,,1,0,0,1,53.34196625570753,0,8996.599609375,8470.5,-2.606540361712184,3.442531248155367,1
2015-02-25,8767.25,8767.25,8840.650390625,8751.400390625,8801.900390625,135200,,,8913.4501953125,8470.5,,Bearish,,8735.94608383757,,,1,0,0,1,53.69273884140015,0,8996.599609375,8470.5,-2.5492921696326665,3.5033351041851235,1
2015-02-26,8683.849609375,8683.849609375,8786.0498046875,8669.4501953125,8779.0,217500,,8669.4501953125,8913.4501953125,8470.5,HL,Bullish,,8730.984514841135,,,-1,0,0,-1,47.469373327426965,0,8996.599609375,8470.5,-3.476313424842159,2.5187369030753803,0
2015-02-27,8844.599609375,8844.599609375,8856.9501953125,8717.4501953125,8729.5,249500,,,8913.4501953125,8669.4501953125,,Bullish,,8741.805000034838,,,1,0,0,1,57.656734039127564,1,8996.599609375,8470.5,-1.689527228060772,4.4164997269936945,1
2015-03-02,8956.75,8956.75,8972.349609375,8885.4501953125,8953.849609375,218100,,,8913.4501953125,8669.4501953125,,Bullish,Bullish_BOS,8762.275952412472,,,1,0,0,1,63.04183656358941,1,8972.349609375,8470.5,-0.17386314682500403,5.740511185880415,1
2015-03-03,8996.25,8996.25,9008.400390625,8925.5498046875,8962.849609375,177800,,,8913.4501953125,8669.4501953125,,Bullish,Bullish_BOS,8784.559195039856,,,1,0,0,1,64.7425887332681,1,9008.400390625,8470.5,-0.13487844787233305,6.206835487869666,1
2015-03-04,8922.650390625,8922.650390625,9119.2001953125,8893.9501953125,9109.150390625,248400,9119.2001953125,,8913.4501953125,8669.4501953125,HH,Bullish,Bullish_BOS,8797.710737476536,,,1,0,0,1,59.269586256639,1,9119.2001953125,8470.5,-2.155340385975202,5.3379421595537435,1
2015-03-05,8937.75,8937.75,8957.5498046875,8849.349609375,8929.400390625,160100,,,9119.2001953125,8669.4501953125,,Bullish,,8811.047810097818,,,1,0,0,1,60.01636634538899,1,9119.2001953125,8470.5,-1.9897599726538484,5.516203293784305,1
2015-03-09,8756.75,8756.75,8891.2998046875,8740.4501953125,8891.150390625,155500,,,9119.2001953125,8669.4501953125,,Bullish,,8805.876590088503,,,-1,0,0,-1,48.53001963388648,0,9119.2001953125,8470.5,-3.974583160251366,3.379375479605695,0
2015-03-10,8712.0498046875,8712.0498046875,8778.0,8677.349609375,8769.75,163800,,,9119.2001953125,8669.4501953125,,Bullish,,8796.940705764599,,,-1,0,0,-1,46.17943255403976,0,9119.2001953125,8470.5,-4.464759868242451,2.851659343456703,0
2015-03-11,8699.9501953125,8699.9501953125,8755.599609375,8682.349609375,8728.75,172800,,,9119.2001953125,8669.4501953125,,Bullish,,8787.70351429297,,,-1,0,0,-1,45.5364901888218,0,9119.2001953125,8470.5,-4.597442659669926,2.7088152448202507,0
2015-03-12,8776.0,8776.0,8787.2001953125,8732.900390625,8740.650390625,173900,,,9119.2001953125,8669.4501953125,,Bullish,,8786.588893884116,,,-1,0,0,-1,50.22708545124126,0,9119.2001953125,8593.650390625,-3.763490086432286,2.1219109585133733,0
2015-03-13,8647.75,8647.75,8849.75,8631.75,8844.0498046875,179200,,,9119.2001953125,8669.4501953125,,Bullish,Bearish_BOS,8773.36614208563,,,-1,0,0,-1,43.43360720769607,-1,9119.2001953125,8599.25,-5.169863422395715,0.5640026746518645,0
2015-03-16,8633.150390625,8633.150390625,8663.5498046875,8612.0,8656.75,163300,,,9119.2001953125,8669.4501953125,,Bullish,Bearish_BOS,8760.01226099414,,,-1,0,0,-1,42.72516166645655,-1,9119.2001953125,8612.0,-5.329960898734754,0.24559208807477528,0
2015-03-17,8723.2998046875,8723.2998046875,8742.5498046875,8630.7998046875,8689.099609375,177000,,,9119.2001953125,8669.4501953125,,Bullish,,8756.515836583985,8686.75032607389,,-1,1,0,0,48.329561071413764,0,9119.2001953125,8612.0,-4.341393786140402,1.2923804538724992,0
2015-03-18,8685.900390625,8685.900390625,8747.25,8664.0,8742.900390625,156400,,,9119.2001953125,8669.4501953125,,Bullish,,8749.790556016462,8686.716995271972,,-1,1,0,0,46.30522873141523,0,9119.2001953125,8612.0,-4.751511047100676,0.8581095056316768,0
2015-03-19,8634.650390625,8634.650390625,8788.2001953125,8614.650390625,8749.4501953125,163500,,,9119.2001953125,8669.4501953125,,Bullish,Bearish_BOS,8738.82482597918,8684.675167638758,,-1,1,0,0,43.60957226901105,-1,9119.2001953125,8612.0,-5.313512087787819,0.2630096449721231,0
2015-03-20,8570.900390625,8570.900390625,8627.900390625,8553.0,8627.900390625,174600,,,9119.2001953125,8669.4501953125,,Bullish,Bearish_BOS,8722.832022612114,8680.213411677434,,-1,1,0,0,40.454749074764756,-1,9119.2001953125,8553.0,-6.012586553032795,0.20928785952296636,0
2015-03-23,8550.900390625,8550.900390625,8608.349609375,8540.5498046875,8591.5498046875,150700,,,9119.2001953125,8669.4501953125,,Bullish,Bearish_BOS,8706.457581470484,8675.142312812633,,-1,1,0,0,39.48956523827663,-1,9119.2001953125,8540.5498046875,-6.231904032325342,0.12119343805967464,0
2015-03-24,8542.9501953125,8542.9501953125,8627.75,8535.849609375,8537.0498046875,156700,,,9119.2001953125,8669.4501953125,,Bullish,Bearish_BOS,8690.885449455438,8669.958308204787,,-1,1,0,0,39.09031772956104,-1,9119.2001953125,8535.849609375,-6.319084872116387,0.08318546205057231,0
2015-03-25,8530.7998046875,8530.7998046875,8573.75,8516.5498046875,8568.900390625,161000,,,9119.2001953125,8669.4501953125,,Bullish,Bearish_BOS,8675.639197572778,8664.501111988422,,-1,1,0,0,38.45049607379637,-1,9119.2001953125,8516.5498046875,-6.452324524331122,0.1673212782969502,0
2015-03-26,8342.150390625,8342.150390625,8499.4501953125,8325.349609375,8474.9501953125,280100,,,9119.2001953125,8669.4501953125,,Bullish,Bearish_BOS,8643.878358815848,8651.859907229073,,-1,-1,0,-2,30.188556925463686,-1,9119.2001953125,8325.349609375,-8.52103022244125,0.2018027114570886,-1
2015-03-27,8341.400390625,8341.400390625,8413.2001953125,8269.150390625,8396.0,193000,,8269.150390625,9119.2001953125,8669.4501953125,LL,Bearish,Bearish_BOS,8615.070933273862,8639.685024224991,,-1,-1,0,-2,30.16081008527479,-1,9119.2001953125,8269.150390625,-8.529254627914728,0.8737294230603432,-1
2015-03-30,8492.2998046875,8492.2998046875,8492.2998046875,8380.75,8390.9501953125,134700,,,9119.2001953125,8269.150390625,,Bearish,,8603.378444837066,8633.90521169411,,-1,-1,0,-2,41.75946235428196,-1,9119.2001953125,8269.150390625,-6.8745106719692695,2.698577284499404,0
2015-03-31,8491.0,8491.0,8550.4501953125,8454.150390625,8527.599609375,167200,,,9119.2001953125,8269.150390625,,Bearish,,8592.675735804965,8628.301085745323,,-1,-1,0,-2,41.69522762280013,-1,9119.2001953125,8269.150390625,-6.888764166351025,2.682858563396273,0
2015-04-01,8586.25,8586.25,8603.400390625,8464.75,8483.7001953125,125500,,,9119.2001953125,8269.150390625,,Bearish,,8592.063760966397,8626.652023559232,,-1,-1,0,-2,48.00674251195621,0,9119.2001953125,8269.150390625,-5.844264671220289,3.8347302249394977,0
2015-04-06,8659.900390625,8659.900390625,8667.5498046875,8573.75,8615.7998046875,146900,,,9119.2001953125,8269.150390625,,Bearish,,8598.524392362455,8627.955881091224,,1,-1,0,0,52.30595052333535,0,8957.5498046875,8269.150390625,-3.3228887424855746,4.725394769008018,0
2015-04-07,8660.2998046875,8660.2998046875,8693.599609375,8586.849609375,8684.4501953125,148700,,,9119.2001953125,8269.150390625,,Bearish,,8604.40776496484,8629.224270251862,,1,-1,0,0,52.328971774876386,0,8891.2998046875,8269.150390625,-2.598045337288213,4.730224939504768,1
2015-04-08,8714.400390625,8714.400390625,8730.5,8679.7998046875,8698.9501953125,148200,,,9119.2001953125,8269.150390625,,Bearish,,8614.883253122951,8632.564510266495,,1,-1,0,0,55.46465952863843,1,8849.75,8269.150390625,-1.5294173211107709,5.384470942804409,1
2015-04-09,8778.2998046875,8778.2998046875,8785.5,8682.4501953125,8756.2001953125,152700,,,9119.2001953125,8269.150390625,,Bearish,,8630.446734224337,8638.279619851632,,1,-1,0,0,58.90313970569542,1,8849.75,8269.150390625,-0.8073696467414293,6.157215554329976,1
2015-04-10,8780.349609375,8780.349609375,8787.400390625,8733.599609375,8774.349609375,139000,,,9119.2001953125,8269.150390625,,Bearish,,8644.7231985244,8643.850991989802,,1,1,0,2,59.01246328852935,1,8849.75,8269.150390625,-0.7842073575524688,6.182004131035801,1
2015-04-13,8834.0,8834.0,8841.650390625,8762.099609375,8801.75,121600,8841.650390625,,9119.2001953125,8269.150390625,LH,Bearish,,8662.749560569695,8651.30781583334,,1,1,0,2,61.871379300512515,1,8849.75,8269.150390625,-0.17797112912794066,6.830805859032241,1
2015-04-16,8706.7001953125,8706.7001953125,8760.0,8645.650390625,8757.0498046875,142900,,,8841.650390625,8269.150390625,,Bearish,,8666.935335307106,8653.480066008991,,1,1,0,2,52.511988621418176,0,8841.650390625,8269.150390625,-1.5263009658874394,5.2913513966750925,1
2015-04-17,8606.0,8606.0,8699.849609375,8596.7001953125,8698.0498046875,150400,,,8841.650390625,8269.150390625,,Bearish,,8661.131970039762,8651.61810263609,,-1,1,0,0,46.51738673707583,0,8841.650390625,8269.150390625,-2.665230813410868,4.07356975581068,1
2015-04-20,8448.099609375,8448.099609375,8619.9501953125,8422.75,8618.7998046875,148900,,,8841.650390625,8269.150390625,,Bearish,,8640.843173785974,8643.636985253303,,-1,-1,0,-2,38.99946058045319,-1,8841.650390625,8269.150390625,-4.45110091287132,2.1640580990385683,0
2015-04-21,8377.75,8377.75,8469.349609375,8352.7001953125,8416.099609375,407800,,,8841.650390625,8269.150390625,,Bearish,,8615.786681044452,8633.210044655134,,-1,-1,0,-2,36.192930718661096,-1,8841.650390625,8269.150390625,-5.2467624270338025,1.3133103673881985,0
2015-04-22,8429.7001953125,8429.7001953125,8449.9501953125,8284.7001953125,8400.400390625,171800,,,8841.650390625,8269.150390625,,Bearish,,8598.06415859379,8625.22926624954,,-1,-1,0,-2,39.64691772804502,-1,8841.650390625,8269.150390625,-4.659200229736527,1.941551394076968,0
2015-04-23,8398.2998046875,8398.2998046875,8504.9501953125,8361.849609375,8478.2001953125,156000,,,8841.650390625,8269.150390625,,Bearish,,8579.038982031287,8616.33007167848,,-1,-1,0,-2,38.2974745923461,-1,8841.650390625,8269.150390625,-5.014341965020408,1.5618220489606927,0
2015-04-24,8305.25,8305.25,8413.2998046875,8273.349609375,8405.7001953125,173600,,,8841.650390625,8269.150390625,,Bearish,,8552.96384088545,8604.130853181285,,-1,-1,0,-2,34.545173844316736,-1,8841.650390625,8269.150390625,-6.066745086344483,0.4365576591269571,0
2015-04-27,8213.7998046875,8213.7998046875,8334.4501953125,8202.349609375,8330.5498046875,171500,,,8841.650390625,8269.150390625,,Bearish,Bearish_BOS,8520.662504104694,8588.823753240353,,-1,-1,0,-2,31.299405998362786,-1,8841.650390625,8202.349609375,-7.101056456645516,0.13959652852899573,-1
2015-04-28,8285.599609375,8285.599609375,8308.0,8185.14990234375,8215.5498046875,174600,,,8841.650390625,8269.150390625,,Bearish,,8498.275561749486,8576.932610343672,,-1,-1,0,-2,36.35549050099443,-1,8841.650390625,8185.14990234375,-6.288993080291805,1.2272189053310623,0
2015-04-29,8239.75,8239.75,8308.2001953125,8219.2001953125,8274.7998046875,160400,,,8841.650390625,8269.150390625,,Bearish,Bearish_BOS,8473.654079678106,8563.709762879214,,-1,-1,0,-2,34.60411742420814,-1,8841.650390625,8185.14990234375,-6.807557006135512,0.6670628920383725,0
2015-04-30,8181.5,8181.5,8229.400390625,8144.75,8224.5,267700,,,8841.650390625,8269.150390625,,Bearish,Bearish_BOS,8445.829881613525,8548.72114472709,,-1,-1,0,-2,32.46437877765092,-1,8841.650390625,8144.75,-7.466370659995469,0.4512109027287492,-1
2015-05-04,8331.9501953125,8331.9501953125,8346.0,8220.4501953125,8230.0498046875,131700,,,8841.650390625,8269.150390625,,Bearish,,8434.984197203903,8540.220323181418,,-1,-1,0,-2,42.37547751500027,-1,8841.650390625,8144.75,-5.764763056600231,2.298415486202776,0
2015-05-05,8324.7998046875,8324.7998046875,8355.650390625,8280.599609375,8338.400390625,155500,8355.650390625,,8841.650390625,8269.150390625,LH,Bearish,,8424.490445535674,8531.772459711068,,-1,-1,0,-2,42.05955883066949,-1,8841.650390625,8144.75,-5.845634729976745,2.2106240791614162,0
2015-05-06,8097.0,8097.0,8331.9501953125,8083.0,8316.599609375,209600,,,8355.650390625,8269.150390625,,Bearish,Bearish_BOS,8393.300879294182,8514.722559330243,,-1,-1,0,-2,33.49273897527064,-1,8841.650390625,8083.0,-8.42207458705413,0.17320301868117838,-1
2015-05-07,8057.2998046875,8057.2998046875,8122.60009765625,7997.14990234375,8077.0,161600,,7997.14990234375,8355.650390625,8269.150390625,LL,Bearish,Bearish_BOS,8361.300776950688,8496.784412089351,,-1,-1,0,-2,32.259529289455685,-1,8841.650390625,7997.14990234375,-8.871087990192017,0.7521417389728002,-1
2015-05-08,8191.5,8191.5,8224.9501953125,8123.4501953125,8131.5,183100,,,8355.650390625,7997.14990234375,,Bearish,,8345.129274383955,8484.812474360358,,-1,-1,0,-2,40.26619392006967,-1,8841.650390625,7997.14990234375,-7.353269603538825,2.4302420240902567,-1
2015-05-11,8325.25,8325.25,8332.75,8224.650390625,8243.2001953125,192000,,,8355.650390625,7997.14990234375,,Bearish,,8343.23601015691,8478.55512242466,,-1,-1,0,-2,46.99098076383815,0,8841.650390625,7997.14990234375,-5.840542973431195,4.1027128622422415,0
2015-05-12,8126.9501953125,8126.9501953125,8326.650390625,8115.2998046875,8326.150390625,173400,,,8355.650390625,7997.14990234375,,Bearish,,8322.637361124109,8464.766693910457,,-1,-1,0,-2,39.83126734252977,-1,8841.650390625,7997.14990234375,-8.083334713961465,1.623081904850987,-1
2015-05-13,8235.4501953125,8235.4501953125,8254.9501953125,8089.7998046875,8181.5498046875,169800,,,8355.650390625,7997.14990234375,,Bearish,,8314.333821523003,8455.773890043869,,-1,-1,0,-2,44.788117808353135,-1,8841.650390625,7997.14990234375,-6.856188251406858,2.9798152576696157,0
2015-05-14,8224.2001953125,8224.2001953125,8236.25,8137.2998046875,8232.4501953125,134800,,,8355.650390625,7997.14990234375,,Bearish,,8305.749666645812,8446.692568681854,,-1,-1,0,-2,44.379865729139006,-1,8760.0,7997.14990234375,-6.116436126569635,2.839140140441887,0
2015-05-15,8262.349609375,8262.349609375,8279.2001953125,8212.2001953125,8240.2998046875,129800,,,8355.650390625,7997.14990234375,,Bearish,,8301.616327858115,8439.463433022762,,-1,-1,0,-2,46.17169381809542,0,8699.849609375,7997.14990234375,-5.028822561812419,3.316177766700701,0
2015-05-18,8373.650390625,8373.650390625,8384.599609375,8271.9501953125,8284.9501953125,148700,,,8355.650390625,7997.14990234375,,Bearish,Bullish_BOS,8308.476714788296,8436.88252939932,,1,-1,0,0,51.119316807864855,0,8619.9501953125,7997.14990234375,-2.857322827937414,4.70793336224582,1
2015-05-19,8365.650390625,8365.650390625,8427.7998046875,8335.0,8356.2001953125,140300,,,8355.650390625,7997.14990234375,,Bearish,Bullish_BOS,8313.921826772745,8434.089112192483,,1,-1,0,0,50.758182783370835,0,8504.9501953125,7997.14990234375,-1.637867377098512,4.6078977233283025,1
2015-05-20,8423.25,8423.25,8440.349609375,8391.4501953125,8392.650390625,123600,,,8355.650390625,7997.14990234375,,Bearish,Bullish_BOS,8324.334033746769,8433.664048969249,,1,-1,0,0,53.31542022878387,0,8504.9501953125,7997.14990234375,-0.9606193268189789,5.328149438981655,1
2015-05-21,8421.0,8421.0,8446.349609375,8382.5,8434.5,143800,,,8355.650390625,7997.14990234375,,Bearish,Bullish_BOS,8333.540316247076,8433.167419597907,,1,-1,0,0,53.199197857861236,0,8504.9501953125,7997.14990234375,-0.9870745081936971,5.300014415536092,1
2015-05-22,8458.9501953125,8458.9501953125,8489.5498046875,8420.599609375,8432.5,187300,8489.5498046875,,8355.650390625,7997.14990234375,HH,Bullish,Bullish_BOS,8345.484114253308,8434.178508841616,,1,-1,0,0,54.98174779261372,0,8489.5498046875,7997.14990234375,-0.360438540075525,5.774560919927341,1
2015-05-25,8370.25,8370.25,8441.9501953125,8364.150390625,8438.150390625,121300,,,8489.5498046875,7997.14990234375,,Bullish,,8347.842770038707,8431.671508494886,,1,-1,0,0,50.171769964983305,0,8489.5498046875,7997.14990234375,-1.4052547830231132,4.665413331153201,1
2015-05-26,8339.349609375,8339.349609375,8378.900390625,8320.0498046875,8377.099609375,116800,,,8489.5498046875,7997.14990234375,,Bullish,,8347.033897594545,8428.051041862735,,-1,-1,0,-2,48.57742213781837,0,8489.5498046875,7997.14990234375,-1.7692362818764185,4.2790207912816625,1
2015-05-27,8334.599609375,8334.599609375,8342.849609375,8277.9501953125,8302.75,165500,,,8489.5498046875,7997.14990234375,,Bullish,,8345.849679668874,8424.386279804392,,-1,-1,0,-2,48.32321147424249,0,8489.5498046875,7997.14990234375,-1.8251874230944987,4.219624630674401,1
2015-05-28,8319.0,8319.0,8364.5,8270.150390625,8345.7001953125,232300,,,8489.5498046875,7997.14990234375,,Bullish,,8343.292567319457,8420.253484517945,,-1,-1,0,-2,47.44508846322938,0,8489.5498046875,7997.14990234375,-2.0089381487971347,4.024560019337953,1
2015-05-29,8433.650390625,8433.650390625,8443.900390625,8305.7001953125,8327.099609375,363900,,,8489.5498046875,7997.14990234375,,Bullish,,8351.898074300936,8420.778853384889,,1,-1,0,0,54.05351890637492,0,8489.5498046875,7997.14990234375,-0.6584496863618727,5.458200654127077,1
2015-06-01,8433.400390625,8433.400390625,8467.150390625,8405.400390625,8417.25,122200,8467.150390625,,8489.5498046875,7997.14990234375,LH,Bearish,,8359.660199665133,8421.2738156296,,1,-1,0,0,54.03756268990713,0,8489.5498046875,7997.14990234375,-0.6613944832680851,5.45507454041092,1
2015-06-02,8236.4501953125,8236.4501953125,8445.349609375,8226.0498046875,8442.7998046875,146800,,,8467.150390625,7997.14990234375,,Bearish,,8347.92591353631,8414.025830519126,,-1,-1,0,-2,43.21477190678404,-1,8489.5498046875,7997.14990234375,-2.9813077866066684,2.992319712534308,1
2015-06-03,8135.10009765625,8135.10009765625,8236.7001953125,8094.14990234375,8232.4501953125,171400,,,8467.150390625,7997.14990234375,,Bearish,,8327.656788214399,8403.087566485288,,-1,-1,0,-2,38.897426293394524,-1,8489.5498046875,7997.14990234375,-4.175129602697436,1.7249919908600253,0
2015-06-04,8130.64990234375,8130.64990234375,8160.0498046875,8056.75,8155.14990234375,154700,,,8467.150390625,7997.14990234375,,Bearish,,8308.89422765529,8392.403736518954,,-1,-1,0,-2,38.71453282415336,-1,8489.5498046875,8056.75,-4.227549288250643,0.9172420931982561,0
2015-06-05,8114.7001953125,8114.7001953125,8191.0,8100.14990234375,8119.14990234375,162100,,,8467.150390625,7997.14990234375,,Bearish,,8290.399557908357,8381.513401569682,,-1,-1,0,-2,38.02445409527444,-1,8489.5498046875,8056.75,-4.415423879933266,0.7192750837806905,0
2015-06-08,8044.14990234375,8044.14990234375,8131.0,8030.5498046875,8124.35009765625,135900,,,8467.150390625,7997.14990234375,,Bearish,,8266.947209759346,8368.283460423567,,-1,-1,0,-2,35.04850871227889,-1,8489.5498046875,8030.5498046875,-5.246449017800947,0.16935450233197535,0
2015-06-09,8022.39990234375,8022.39990234375,8057.14990234375,8005.14990234375,8026.5,136000,,,8467.150390625,7997.14990234375,,Bearish,,8243.65699000548,8354.719399322397,,-1,-1,0,-2,34.16087043880894,-1,8489.5498046875,8005.14990234375,-5.502646348641638,0.21548628333554198,0
2015-06-10,8124.4501953125,8124.4501953125,8152.25,8023.7998046875,8024.14990234375,136800,,,8467.150390625,7997.14990234375,,Bearish,,8232.303961939482,8345.689234459263,,-1,-1,0,-2,41.63039422004555,-1,8489.5498046875,8005.14990234375,-4.300576800590894,1.4902943033436644,0
2015-06-11,7965.35009765625,7965.35009765625,8163.0498046875,7958.25,8157.2998046875,166200,,,8467.150390625,7997.14990234375,,Bearish,Bearish_BOS,8206.879784388699,8330.77397419248,,-1,-1,0,-2,34.96941505453594,-1,8489.5498046875,7958.25,-6.174646702017261,0.08921682098765871,0
2015-06-12,7982.89990234375,7982.89990234375,7995.60009765625,7940.2998046875,7959.85009765625,136600,,7940.2998046875,8467.150390625,7997.14990234375,LL,Bearish,Bearish_BOS,8185.548367051085,8317.131853727824,,-1,-1,0,-2,36.18239762433251,-1,8489.5498046875,7940.2998046875,-5.967924259823576,0.5365049016297974,0
2015-06-15,8013.89990234375,8013.89990234375,8057.7001953125,7944.85009765625,7986.60009765625,133000,,,8467.150390625,7940.2998046875,,Bearish,,8169.200894221814,8305.240404653938,,-1,-1,0,-2,38.369196389533435,-1,8489.5498046875,7940.2998046875,-5.602769443452937,0.9269183716816398,0
2015-06-16,8047.2998046875,8047.2998046875,8061.85009765625,7952.35009765625,8004.2001953125,124000,,,8467.150390625,7940.2998046875,,Bearish,,8157.591266647118,8295.125087008195,,-1,-1,0,-2,40.7258818595416,-1,8489.5498046875,7940.2998046875,-5.20934572709394,1.3475561708240935,0
2015-06-17,8091.5498046875,8091.5498046875,8136.85009765625,8048.9501953125,8084.2001953125,152500,,,8467.150390625,7940.2998046875,,Bearish,,8151.301603603345,8287.141742603462,,-1,-1,0,-2,43.79244056688918,-1,8489.5498046875,7940.2998046875,-4.688116674693921,1.9048399143658301,0
2015-06-18,8174.60009765625,8174.60009765625,8186.89990234375,8101.7998046875,8113.7001953125,144800,,,8467.150390625,7940.2998046875,,Bearish,,8153.520507798859,8282.728344762396,,1,-1,0,0,49.11353583115731,0,8489.5498046875,7940.2998046875,-3.7098516915154978,2.95077388426106,0
2015-06-19,8224.9501953125,8224.9501953125,8250.7998046875,8195.650390625,8201.150390625,147100,,,8467.150390625,7940.2998046875,,Bearish,,8160.32333518111,8280.462534980048,,1,-1,0,0,52.07567938985775,0,8467.150390625,7940.2998046875,-2.8604688016486524,3.5848821534038233,1
2015-06-22,8353.099609375,8353.099609375,8369.4501953125,8257.400390625,8259.2998046875,122700,,,8467.150390625,7940.2998046875,,Bearish,,8178.682980342433,8283.31104770142,,1,-1,0,0,58.67000216503944,1,8467.150390625,7940.2998046875,-1.3469795148114971,5.198793683379654,1
2015-06-23,8381.5498046875,8381.5498046875,8398.4501953125,8334.9501953125,8377.4501953125,131700,,,8467.150390625,7940.2998046875,,Bearish,,8198.003630280058,8287.163547975384,,1,-1,0,0,59.986364826068545,1,8467.150390625,7940.2998046875,-1.0109727829126447,5.55709495678629,1
2015-06-24,8360.849609375,8360.849609375,8421.349609375,8338.900390625,8399.400390625,130100,,,8467.150390625,7940.2998046875,,Bearish,,8213.512771146243,8290.053197442036,,1,-1,0,0,58.52576532391137,1,8467.150390625,7940.2998046875,-1.255449311112966,5.296397050892598,1
2015-06-25,8398.0,8398.0,8423.150390625,8329.5,8336.25,201200,,,8467.150390625,7940.2998046875,,Bearish,,8231.08298341803,8294.286405385485,,1,-1,0,0,60.38982163027634,1,8467.150390625,7940.2998046875,-0.8166902373857088,5.76426843533413,1
2015-06-26,8381.099609375,8381.099609375,8408.5498046875,8339.7001953125,8393.9501953125,110600,,,8467.150390625,7940.2998046875,,Bearish,,8245.370281128216,8297.690844757622,,1,-1,0,0,59.088743307953486,1,8467.150390625,7940.2998046875,-1.0162897466103438,5.551425204716787,1
2015-06-29,8318.400390625,8318.400390625,8329.4501953125,8195.650390625,8247.0498046875,132000,,8195.650390625,8467.150390625,7940.2998046875,HL,Bullish,,8252.32552965172,8298.502983811246,,1,-1,0,0,54.405640502438864,0,8445.349609375,7940.2998046875,-1.5031848842477324,4.761792315628832,1
2015-06-30,8368.5,8368.5,8378.0,8298.9501953125,8316.349609375,158500,,,8467.150390625,8195.650390625,,Bullish,,8263.389764922984,8301.247964838256,,1,-1,0,0,57.31665443680061,1,8423.150390625,7940.2998046875,-0.6488117638956847,5.392745939639654,1
2015-07-01,8453.0498046875,8453.0498046875,8481.599609375,8370.150390625,8376.25,131800,,,8467.150390625,8195.650390625,,Bullish,,8281.452625852939,8307.200978165678,,1,-1,0,0,61.75453914956754,1,8481.599609375,7940.2998046875,-0.33660872951304377,6.457564734486487,1
2015-07-02,8444.900390625,8444.900390625,8479.25,8433.2001953125,8471.9501953125,112000,,,8467.150390625,8195.650390625,,Bullish,,8297.019079640753,8312.600955124868,,1,-1,0,0,61.095178596938354,1,8481.599609375,7940.2998046875,-0.43269218591072134,6.354931153098442,1
2015-07-03,8484.900390625,8484.900390625,8497.75,8424.150390625,8440.099609375,88400,,,8467.150390625,8195.650390625,,Bullish,Bullish_BOS,8314.912537829729,8319.357795732716,,1,-1,0,0,63.173591059723854,1,8497.75,7940.2998046875,-0.15121190167985965,6.8586904692943484,1
2015-07-06,8522.150390625,8522.150390625,8533.150390625,8386.150390625,8386.150390625,101500,,,8467.150390625,8195.650390625,,Bullish,Bullish_BOS,8334.649476191184,8327.310446512805,,1,1,0,2,65.04630880648259,1,8533.150390625,7940.2998046875,-0.12890901362860863,7.327816332501813,1
2015-07-07,8510.7998046875,8510.7998046875,8561.349609375,8483.849609375,8525.5,122200,8561.349609375,,8467.150390625,8195.650390625,HH,Bullish,Bullish_BOS,8351.425697952738,8334.506107617695,,1,1,0,2,63.97866879443682,1,8561.349609375,7940.2998046875,-0.5904420096586871,7.184867247244364,1
2015-07-08,8363.0498046875,8363.0498046875,8457.5,8341.400390625,8439.2001953125,188100,,,8561.349609375,8195.650390625,,Bullish,,8352.532755737002,8335.625468287099,,1,1,0,2,52.011409524330126,0,8561.349609375,7940.2998046875,-2.3162213171431967,5.32410627304567,1
2015-07-09,8328.5498046875,8328.5498046875,8400.2998046875,8323.0,8364.849609375,131300,,,8561.349609375,8195.650390625,,Bullish,,8350.248665160858,8335.347991283194,,-1,1,0,0,49.674873098905984,0,8561.349609375,7940.2998046875,-2.7191951655913593,4.889613862826692,1
2015-07-10,8360.5498046875,8360.5498046875,8377.099609375,8315.400390625,8365.7001953125,154100,,8315.400390625,8561.349609375,8195.650390625,HL,Bullish,,8351.229726068157,8336.336297691205,,1,1,0,2,51.8361513444346,0,8561.349609375,7944.85009765625,-2.3454223206539337,5.232316556279426,1
2015-07-13,8459.650390625,8459.650390625,8471.650390625,8355.400390625,8397.25,117800,,,8561.349609375,8315.400390625,,Bullish,,8361.555503644999,8341.172144472923,,1,1,0,2,57.87041050195394,1,8561.349609375,7952.35009765625,-1.1878876975031538,6.379249992002545,1
2015-07-14,8454.099609375,8454.099609375,8480.25,8424.099609375,8470.599609375,101700,,,8561.349609375,8315.400390625,,Bullish,,8370.369228000236,8345.600672508299,,1,1,0,2,57.43634810152838,1,8561.349609375,8048.9501953125,-1.2527230506105824,5.033568406205924,1
2015-07-15,8523.7998046875,8523.7998046875,8531.400390625,8462.9501953125,8463.400390625,105500,,,8561.349609375,8315.400390625,,Bullish,,8384.981663875215,8352.588873770228,,1,1,0,2,61.355956937087534,1,8561.349609375,8101.7998046875,-0.43859679140285657,5.208719175655774,1
2015-07-16,8608.0498046875,8608.0498046875,8616.099609375,8542.900390625,8546.150390625,116000,,,8561.349609375,8315.400390625,,Bullish,Bullish_BOS,8406.22624871448,8362.606949492474,,1,1,0,2,65.49250331635108,1,8616.099609375,8195.650390625,-0.09342747939846685,5.031930285047825,1
2015-07-17,8609.849609375,8609.849609375,8642.9501953125,8593.150390625,8623.650390625,105000,,,8561.349609375,8315.400390625,,Bullish,Bullish_BOS,8425.618949729767,8372.302740076104,,1,1,0,2,65.57727303956253,1,8642.9501953125,8195.650390625,-0.3829778627609359,5.053890771424352,1
2015-07-20,8603.4501953125,8603.4501953125,8624.099609375,8559.0,8623.900390625,90600,,,8561.349609375,8315.400390625,,Bullish,Bullish_BOS,8442.555258832885,8381.367346163806,,1,1,0,2,64.96617049254877,1,8642.9501953125,8195.650390625,-0.45701987292976476,4.975807718127934,1
2015-07-21,8529.4501953125,8529.4501953125,8646.75,8517.900390625,8601.5,164100,,,8561.349609375,8315.400390625,,Bullish,,8450.830967069038,8387.174516718658,,1,1,0,2,58.2109208647756,1,8646.75,8195.650390625,-1.3565768027004377,4.072889749779152,1
2015-07-22,8633.5,8633.5,8643.900390625,8498.650390625,8512.25,136800,,,8561.349609375,8315.400390625,,Bullish,Bullish_BOS,8468.228017824367,8396.834339592437,,1,1,0,2,63.895628761251096,1,8646.75,8195.650390625,-0.15323676525862417,5.3424632397186755,1
2015-07-23,8589.7998046875,8589.7998046875,8654.75,8573.7998046875,8643.9501953125,132900,8654.75,,8561.349609375,8315.400390625,HH,Bullish,Bullish_BOS,8479.806283239905,8404.40161273342,,1,1,0,2,60.1921327892108,1,8654.75,8195.650390625,-0.7504572091914796,4.809251191502351,1
2015-07-24,8521.5498046875,8521.5498046875,8589.150390625,8513.5,8588.150390625,127400,,,8654.75,8315.400390625,,Bullish,,8483.781856711104,8408.995659476717,,1,1,0,2,54.84544018530607,0,8654.75,8195.650390625,-1.5390415126086854,3.9764923896131066,1
2015-07-27,8361.0,8361.0,8492.2001953125,8351.5498046875,8492.099609375,136600,,,8654.75,8315.400390625,,Bullish,,8472.088346548142,8407.11347675214,,-1,1,0,0,44.77075069382175,-1,8654.75,8298.9501953125,-3.3940899506051614,0.7476825770390549,0
2015-07-28,8337.0,8337.0,8397.400390625,8321.75,8371.099609375,174600,,8321.75,8654.75,8315.400390625,HL,Bullish,,8459.222789734034,8404.363928644212,,-1,1,0,0,43.48482747463729,-1,8654.75,8315.400390625,-3.67139432103758,0.2597542915594442,0
2015-07-29,8375.0498046875,8375.0498046875,8381.5,8338.4501953125,8365.599609375,141000,,,8654.75,8321.75,,Bullish,,8451.206314967698,8403.214355155715,,-1,1,0,0,46.12674787421971,0,8654.75,8315.400390625,-3.2317536071232555,0.7173366435818229,0
2015-07-30,8421.7998046875,8421.7998046875,8458.900390625,8408.2998046875,8417.0,215200,,,8654.75,8321.75,,Bullish,,8448.405694941011,8403.943196313823,,-1,1,0,0,49.26492085926053,0,8654.75,8315.400390625,-2.6915878022184314,1.2795464928238243,1
2015-07-31,8532.849609375,8532.849609375,8548.9501953125,8448.0,8456.099609375,203300,,,8654.75,8321.75,,Bullish,,8456.447972506154,8408.998349767204,,1,1,0,2,55.844648276034334,1,8654.75,8315.400390625,-1.4084796282388234,2.615018021202653,1
2015-08-03,8543.0498046875,8543.0498046875,8563.9501953125,8508.099609375,8510.650390625,156700,,,8654.75,8321.75,,Bullish,,8464.695766047234,8414.255269567999,,1,1,0,2,56.403919377370165,1,8654.75,8315.400390625,-1.2906230140963038,2.737684337114521,1
2015-08-04,8516.900390625,8516.900390625,8565.150390625,8448.25,8564.099609375,187400,,,8654.75,8321.75,,Bullish,,8469.66763505464,8418.28056843298,,1,1,0,2,54.49819831843122,0,8654.75,8315.400390625,-1.5927624642537386,2.423214644326399,1
2015-08-05,8567.9501953125,8567.9501953125,8591.849609375,8545.849609375,8547.4501953125,132800,,,8654.75,8321.75,,Bullish,,8479.027878888723,8424.14996556551,,1,1,0,2,57.516010122490016,1,8654.75,8315.400390625,-1.0029152163551824,3.037133425014993,1
2015-08-06,8588.650390625,8588.650390625,8606.2998046875,8551.5,8585.7998046875,134900,,,8654.75,8321.75,,Bullish,,8489.4681181017,8430.600962626666,,1,1,0,2,58.71179913947837,1,8654.75,8315.400390625,-0.7637379401484679,3.2860714717726447,1
2015-08-07,8564.599609375,8564.599609375,8595.9501953125,8552.7001953125,8580.7998046875,143700,,,8654.75,8321.75,,Bullish,,8496.623498222967,8435.855811518757,,1,1,0,2,56.714412548538945,1,8654.75,8321.75,-1.0416290548542761,2.9182516823384574,1
2015-08-10,8525.599609375,8525.599609375,8621.5498046875,8497.7998046875,8577.0,123400,8621.5498046875,,8654.75,8321.75,LH,Bearish,,8499.383127856494,8439.375176140571,,1,1,0,2,53.533978713144435,0,8654.75,8321.75,-1.4922486568069604,2.449600256857032,1
2015-08-11,8462.349609375,8462.349609375,8556.25,8441.2998046875,8548.4501953125,154400,,,8621.5498046875,8321.75,,Bearish,,8495.856126096352,8440.276134306627,,-1,1,0,0,48.75843033128353,0,8654.75,8321.75,-2.22306121638407,1.6895437783519096,1
2015-08-12,8349.4501953125,8349.4501953125,8446.9501953125,8337.9501953125,8445.7001953125,190000,,8337.9501953125,8621.5498046875,8321.75,HL,Bullish,,8481.912704116938,8436.714332777445,,-1,1,0,0,41.62127780307461,-1,8654.75,8321.75,-3.5275404221670192,0.33286502613631974,0
2015-08-13,8355.849609375,8355.849609375,8429.5,8339.75,8384.4501953125,189200,,,8621.5498046875,8337.9501953125,,Bullish,,8469.906695093896,8433.54316715382,,-1,1,0,0,42.13828875449523,-1,8654.75,8321.75,-3.453599360177939,0.4097648856911107,0
2015-08-14,8518.5498046875,8518.5498046875,8530.099609375,8381.2001953125,8402.349609375,155900,,,8621.5498046875,8337.9501953125,,Bullish,,8474.539372198049,8436.876760782594,,1,1,0,2,53.43050596632711,0,8654.75,8321.75,-1.5737045589127363,2.3648848461861993,1
2015-08-17,8477.2998046875,8477.2998046875,8530.599609375,8428.0498046875,8530.5,174700,,,8621.5498046875,8337.9501953125,,Bullish,,8474.802270530377,8438.46197819063,,1,1,0,2,50.72747064972471,0,8654.75,8321.75,-2.0503214455934615,1.869195838465476,1
2015-08-18,8466.5498046875,8466.5498046875,8525.75,8433.599609375,8505.849609375,153300,,,8621.5498046875,8337.9501953125,,Bullish,,8474.016321402485,8439.563461582664,,-1,1,0,0,50.017317489451735,0,8654.75,8321.75,-2.1745306948496523,1.7400162788776319,1
2015-08-19,8495.150390625,8495.150390625,8520.4501953125,8425.9501953125,8468.0498046875,130500,,,8621.5498046875,8337.9501953125,,Bullish,,8476.029089899868,8441.743341152951,,1,1,0,2,51.94484228036803,0,8654.75,8321.75,-1.8440695499581161,2.083701031934382,1
2015-08-20,8372.75,8372.75,8501.349609375,8359.75,8471.0498046875,184100,,,8621.5498046875,8337.9501953125,,Bullish,,8466.19298609988,8439.037719931266,,-1,1,0,0,44.10571316894454,-1,8621.5498046875,8321.75,-2.885789797934346,0.6128518640910796,1
2015-08-21,8299.9501953125,8299.9501953125,8322.2001953125,8225.0498046875,8305.400390625,201300,,,8621.5498046875,8337.9501953125,,Bullish,Bearish_BOS,8450.360339358225,8433.58330720112,,-1,1,0,0,40.21813277911597,-1,8621.5498046875,8225.0498046875,-3.7301832809705227,0.9106375329461791,0
2015-08-24,7809.0,7809.0,8060.0498046875,7769.39990234375,8055.9501953125,312400,,,8621.5498046875,8337.9501953125,,Bullish,Bearish_BOS,8389.27840227649,8409.089844173624,,-1,-1,0,-2,24.521125925613333,-1,8621.5498046875,7769.39990234375,-9.424637369092503,0.5096931314386932,-1
2015-08-25,7880.7001953125,7880.7001953125,7925.39990234375,7667.25,7895.39990234375,299100,,7667.25,8621.5498046875,8337.9501953125,LL,Bearish,Bearish_BOS,8340.842382565634,8388.368681473188,,-1,-1,0,-2,28.886434828044486,-1,8621.5498046875,7667.25,-8.592998082226512,2.783921162248526,-1
2015-08-26,7791.85009765625,7791.85009765625,7930.0498046875,7777.10009765625,7865.25,216600,,,8621.5498046875,7667.25,,Bearish,,8288.557403050454,8364.975795833308,,-1,-1,0,-2,26.816689169527507,-1,8621.5498046875,7667.25,-9.623556388668607,1.6250950165476619,-1
2015-08-27,7948.9501953125,7948.9501953125,7963.60009765625,7862.2998046875,7921.60009765625,305000,,,8621.5498046875,7667.25,,Bearish,,8256.213859456362,8348.66106640112,,-1,-1,0,-2,35.60273897673676,-1,8621.5498046875,7667.25,-7.80137706806856,3.6740708247742004,-1
2015-08-28,8001.9501953125,8001.9501953125,8091.7998046875,7961.64990234375,8053.7001953125,195600,,,8621.5498046875,7667.25,,Bearish,,8231.998272395042,8335.064561652547,,-1,-1,0,-2,38.29422136603638,-1,8621.5498046875,7667.25,-7.186638405059453,4.365322577358244,-1
2015-08-31,7971.2998046875,7971.2998046875,8043.60009765625,7947.9501953125,8009.25,198200,,,8621.5498046875,7667.25,,Bearish,,8207.169846899085,8320.799277065684,,-1,-1,0,-2,37.32272251810282,-1,8621.5498046875,7667.25,-7.542147464559812,3.965565289869244,-1
2015-09-01,7785.85009765625,7785.85009765625,7929.10009765625,7746.5,7907.9501953125,184900,,,8621.5498046875,7667.25,,Bearish,,8167.044156495006,8299.820877873157,,-1,-1,0,-2,32.02830880389594,-1,8621.5498046875,7667.25,-9.693149444858317,1.5468401011607735,-1
2015-09-02,7717.0,7717.0,7862.5498046875,7699.25,7856.64990234375,215300,,,8621.5498046875,7667.25,,Bearish,,8124.182808257387,8276.96515717225,,-1,-1,0,-2,30.309279560944077,-1,8621.5498046875,7667.25,-10.491730897334728,0.6488636734161446,-1
2015-09-03,7823.0,7823.0,7845.60009765625,7754.0498046875,7774.4501953125,155800,,,8621.5498046875,7667.25,,Bearish,,8095.498731280493,8259.162601989025,,-1,-1,0,-2,36.0041886437006,-1,8621.5498046875,7667.25,-9.262253571316514,2.0313671785842313,-1
2015-09-04,7655.0498046875,7655.0498046875,7804.89990234375,7626.85009765625,7803.39990234375,193600,,,8621.5498046875,7667.25,,Bearish,Bearish_BOS,8053.551214462113,8235.471904055632,,-1,-1,0,-2,31.598287767067532,-1,8621.5498046875,7626.85009765625,-11.210281467892447,0.3697425106062635,-1
2015-09-07,7558.7998046875,7558.7998046875,7705.0498046875,7545.89990234375,7685.85009765625,141400,,,8621.5498046875,7667.25,,Bearish,Bearish_BOS,8006.432032578817,8208.935743296097,,-1,-1,0,-2,29.37942760752594,-1,8556.25,7545.89990234375,-11.657562545653766,0.17095247101996947,-1
2015-09-08,7688.25,7688.25,7720.89990234375,7539.5,7587.7001953125,172200,,7539.5,8621.5498046875,7667.25,LL,Bearish,,7976.128981857024,8188.516694539388,,-1,-1,0,-2,35.898982699211984,-1,8530.599609375,7539.5,-9.874447845955292,1.9729425028184977,-1
2015-09-09,7818.60009765625,7818.60009765625,7846.0498046875,7764.5498046875,7805.85009765625,208400,,,8621.5498046875,7539.5,,Bearish,,7961.12623098076,8174.010161328284,,-1,-1,0,-2,41.7322064241414,-1,8530.599609375,7539.5,-8.346418122077527,3.701838287104575,-1
2015-09-10,7788.10009765625,7788.10009765625,7819.85009765625,7678.5,7729.0498046875,160300,,,8621.5498046875,7539.5,,Bearish,,7944.647551616521,8158.876433341146,,-1,-1,0,-2,40.7967102464366,-1,8530.599609375,7539.5,-8.703954536827096,3.297302177282968,-1
2015-09-11,7789.2998046875,7789.2998046875,7864.85009765625,7759.89990234375,7833.7998046875,136400,,,8621.5498046875,7539.5,,Bearish,,7929.852528099471,8144.383232217474,,-1,-1,0,-2,40.85287506466308,-1,8530.599609375,7539.5,-8.689890964672898,3.3132144663107654,-1
2015-09-14,7872.25,7872.25,7879.9501953125,7761.85009765625,7811.10009765625,122800,,,8621.5498046875,7539.5,,Bearish,,7924.366573042379,8133.711340757965,,-1,-1,0,-2,44.755312349754035,-1,8525.75,7539.5,-7.665014808081406,4.41342264075868,-1
2015-09-15,7829.10009765625,7829.10009765625,7880.0,7799.75,7867.35009765625,136500,,,8621.5498046875,7539.5,,Bearish,,7915.293575386558,8121.7658018128,,-1,-1,0,-2,43.16005281717231,-1,8520.4501953125,7539.5,-8.114009023098268,3.8411048167152906,-1
2015-09-16,7899.14990234375,7899.14990234375,7913.89990234375,7853.2998046875,7886.85009765625,140000,,,8621.5498046875,7539.5,,Bearish,,7913.756082715814,8113.035766539505,,-1,-1,0,-2,46.49430584115173,0,8501.349609375,7539.5,-7.083577722379097,4.770208930880693,-1
2015-09-18,7981.89990234375,7981.89990234375,8055.0,7955.85009765625,7967.4501953125,241800,8055.0,,8621.5498046875,7539.5,LH,Bearish,,7920.2459702994265,8107.893183629868,,1,-1,0,0,50.20994277004798,0,8322.2001953125,7539.5,-4.08906641251463,5.867761819003259,0
2015-09-21,7977.10009765625,7977.10009765625,7987.89990234375,7908.35009765625,7911.5,121800,,,8055.0,7539.5,,Bearish,,7925.6606490953145,8102.764043003452,,1,-1,0,0,49.993080791895686,0,8091.7998046875,7539.5,-1.4174807805403922,5.80409971027589,1
2015-09-22,7812.0,7812.0,8021.60009765625,7787.75,8014.7998046875,168400,,,8055.0,7539.5,,Bearish,,7914.835825371952,8091.36153151312,,-1,-1,0,-2,43.09772770869783,-1,8091.7998046875,7539.5,-3.4578191680596837,3.614298030373364,0
2015-09-23,7845.9501953125,7845.9501953125,7882.89990234375,7723.25,7737.35009765625,146700,,,8055.0,7539.5,,Bearish,,7908.275289175814,8081.7375575444685,,-1,-1,0,-2,44.78423918129049,-1,8091.7998046875,7539.5,-3.0382562014520165,4.064595733304599,0
2015-09-24,7868.5,7868.5,7894.5,7804.10009765625,7838.39990234375,202500,,,8055.0,7539.5,,Bearish,,7904.487166397164,8073.375300385863,,-1,-1,0,-2,45.930535634257474,0,8091.7998046875,7539.5,-2.7595814290677922,4.363684594469119,1
2015-09-28,7795.7001953125,7795.7001953125,7893.9501953125,7787.9501953125,7892.7998046875,136300,,,8055.0,7539.5,,Bearish,,7894.126502484339,8062.486080579064,,-1,-1,0,-2,42.838528115639726,-1,8091.7998046875,7539.5,-3.6592552525023248,3.3981059130247404,0
2015-09-29,7843.2998046875,7843.2998046875,7926.5498046875,7691.2001953125,7725.7001953125,240700,,7691.2001953125,8055.0,7539.5,HL,Bullish,,7889.285864598925,8053.890540348022,,-1,-1,0,-2,45.42547125634854,0,8055.0,7539.5,-2.6281836786157697,4.029442332880162,1
2015-09-30,7948.89990234375,7948.89990234375,7957.7001953125,7874.5,7924.25,210700,,,8055.0,7691.2001953125,,Bullish,,7894.963392003195,8049.773260426286,,1,-1,0,0,50.75059918700568,0,8055.0,7539.5,-1.3171955016294201,5.430067011655293,1
2015-10-01,7950.89990234375,7950.89990234375,8008.25,7930.64990234375,7992.0498046875,156900,,,8055.0,7691.2001953125,,Bullish,,7900.290678702295,8045.895873834815,,1,-1,0,0,50.8484192414918,0,8055.0,7539.5,-1.2923662030571048,5.456593969676371,1
2015-10-05,8119.2998046875,8119.2998046875,8128.89990234375,8005.10009765625,8005.10009765625,183100,,,8055.0,7691.2001953125,,Bullish,Bullish_BOS,7921.148690700886,8048.774459358449,,1,-1,0,0,58.34979053580059,1,8128.89990234375,7539.5,-0.1180983622824816,7.690162539790446,1
2015-10-06,8152.89990234375,8152.89990234375,8180.9501953125,8096.5,8180.4501953125,178500,,,8055.0,7691.2001953125,,Bullish,Bullish_BOS,7943.220234666873,8052.857810063755,,1,-1,0,0,59.67227412800278,1,8180.9501953125,7539.5,-0.34287328854321064,8.135816729806344,1
2015-10-07,8177.39990234375,8177.39990234375,8188.89990234375,8132.89990234375,8146.2001953125,193900,,,8055.0,7691.2001953125,,Bullish,Bullish_BOS,7965.523060159909,8057.741813682578,,1,-1,0,0,60.6533246489493,1,8188.89990234375,7539.5,-0.14043400379956106,8.460771965564696,1
2015-10-08,8129.35009765625,8129.35009765625,8196.75,8105.85009765625,8196.75,171700,,,8055.0,7691.2001953125,,Bullish,Bullish_BOS,7981.12563515956,8060.549981681546,,1,-1,0,0,57.6892264876672,1,8196.75,7539.5,-0.8222759306279914,7.823464389631285,1
2015-10-09,8189.7001953125,8189.7001953125,8232.2001953125,8139.64990234375,8186.35009765625,199700,,,8055.0,7691.2001953125,,Bullish,Bullish_BOS,8000.98987898365,8065.614695941585,,1,-1,0,0,60.31260863322952,1,8232.2001953125,7678.5,-0.5162653846076282,6.657552846421821,1
2015-10-12,8143.60009765625,8143.60009765625,8244.5,8128.2001953125,8231.5,199100,,,8055.0,7691.2001953125,,Bullish,Bullish_BOS,8014.571804571517,8068.672946989219,,1,-1,0,0,57.38561238662052,1,8244.5,7678.5,-1.2238450159955172,6.057173896675794,1
2015-10-13,8131.7001953125,8131.7001953125,8150.25,8088.60009765625,8121.9501953125,145900,,8088.60009765625,8055.0,7691.2001953125,HL,Bullish,Bullish_BOS,8025.726889403991,8071.144603786211,,1,-1,0,0,56.62173533458187,1,8244.5,7691.2001953125,-1.368182481502822,5.727324589320504,1
2015-10-14,8107.89990234375,8107.89990234375,8139.2998046875,8096.35009765625,8102.39990234375,138900,,,8055.0,8088.60009765625,,Bullish,Bullish_BOS,8033.552890636349,8072.585988043369,,1,-1,0,0,55.04357662090101,1,8244.5,7691.2001953125,-1.6568633350263817,5.417876228019813,1
2015-10-15,8179.5,8179.5,8190.5498046875,8129.7998046875,8134.35009765625,167200,,,8055.0,8088.60009765625,,Bullish,Bullish_BOS,8047.452615337649,8076.77869439461,,1,-1,0,0,58.76688999118664,1,8244.5,7691.2001953125,-0.7884043908059968,6.34881152859732,1
2015-10-16,8238.150390625,8238.150390625,8246.400390625,8147.64990234375,8193.650390625,156400,,,8055.0,8088.60009765625,,Bullish,Bullish_BOS,8065.614308222159,8083.106996207567,,1,-1,0,0,61.57427445090813,1,8246.400390625,7691.2001953125,-0.10004365067428633,7.111376396701341,1
2015-10-19,8275.0498046875,8275.0498046875,8283.0498046875,8239.2001953125,8262.5498046875,124500,,,8055.0,8088.60009765625,,Bullish,Bullish_BOS,8085.560545980762,8090.634165167565,,1,-1,0,0,63.2687106334297,1,8283.0498046875,7691.2001953125,-0.09658278277492327,7.591137852982088,1
2015-10-20,8261.650390625,8261.650390625,8294.0498046875,8229.2001953125,8280.2998046875,155100,,,8055.0,8088.60009765625,,Bullish,Bullish_BOS,8102.331007375452,8097.340683812954,,1,1,0,2,62.196160170683406,1,8294.0498046875,7691.2001953125,-0.39063442860192144,7.416920387278014,1
2015-10-21,8251.7001953125,8251.7001953125,8294.400390625,8217.150390625,8258.349609375,144800,,,8055.0,8088.60009765625,,Bullish,Bullish_BOS,8116.556644321838,8103.393997989407,,1,1,0,2,61.36425334778494,1,8294.400390625,7691.2001953125,-0.5148075002596064,7.287549222052547,1
2015-10-23,8295.4501953125,8295.4501953125,8328.099609375,8280.75,8308.25,152000,,,8055.0,8088.60009765625,,Bullish,Bullish_BOS,8133.594125368568,8110.925613570705,,1,1,0,2,63.66549136176966,1,8328.099609375,7691.2001953125,-0.39203918773673685,7.856381119402767,1
2015-10-26,8260.5498046875,8260.5498046875,8336.2998046875,8252.0498046875,8333.650390625,133900,8336.2998046875,,8055.0,8088.60009765625,HH,Bullish,Bullish_BOS,8145.685142446561,8116.793228908618,8282.000703689784,1,1,-1,1,60.56635570628835,1,8336.2998046875,7691.2001953125,-0.9086765324515578,7.402610709860302,1
2015-10-27,8232.900390625,8232.900390625,8241.9501953125,8217.0498046875,8230.349609375,156700,,,8336.2998046875,8088.60009765625,,Bullish,,8153.991356558794,8121.346450936712,8281.51214336078,1,1,-1,1,58.15125144297716,1,8336.2998046875,7691.2001953125,-1.2403514327106957,7.043116569019303,1
2015-10-28,8171.2001953125,8171.2001953125,8209.099609375,8131.7998046875,8188.89990234375,188900,,,8336.2998046875,8088.60009765625,,Bullish,,8155.630293582957,8123.301499735763,8280.414512036918,1,1,-1,1,53.06606782356781,0,8336.2998046875,7691.2001953125,-1.9804903043693867,6.2408985309281295,1
2015-10-29,8111.75,8111.75,8179.60009765625,8098.0,8175.4501953125,217500,,,8336.2998046875,8088.60009765625,,Bullish,,8151.451218003628,8122.848499746126,8278.736258185803,-1,1,-1,-1,48.65143434012472,0,8336.2998046875,7874.5,-2.693638783975061,3.012889707282995,1
2015-10-30,8065.7998046875,8065.7998046875,8146.10009765625,8044.39990234375,8123.5498046875,199500,,,8336.2998046875,8088.60009765625,,Bullish,Bearish_BOS,8143.293940544949,8120.611296018337,8276.617487504229,-1,1,-1,-1,45.50068102790811,0,8336.2998046875,7930.64990234375,-3.2448449112626454,1.704146621121283,0
2015-11-02,8050.7998046875,8050.7998046875,8060.7001953125,7995.60009765625,8054.5498046875,136100,,,8336.2998046875,8088.60009765625,,Bullish,Bearish_BOS,8134.484975225192,8117.8735904759515,8274.37054538665,-1,1,-1,-1,44.48782319822425,-1,8336.2998046875,7995.60009765625,-3.42478085828275,0.6903760362831468,0
2015-11-03,8060.7001953125,8060.7001953125,8100.35009765625,8031.75,8086.35009765625,132500,,,8336.2998046875,8088.60009765625,,Bullish,Bearish_BOS,8127.457853328745,8115.631496547973,8272.244472251583,-1,1,-1,-1,45.352485963643325,0,8336.2998046875,7995.60009765625,-3.3060184474175247,0.8141990202253035,0
2015-11-04,8040.2001953125,8040.2001953125,8116.10009765625,8027.2998046875,8104.89990234375,122100,,,8336.2998046875,8088.60009765625,,Bullish,Bearish_BOS,8119.147600184341,8112.6734063034455,8269.935573973584,-1,1,-1,-1,43.83012573162862,-1,8336.2998046875,7995.60009765625,-3.5519309083450135,0.5578080082984993,0
2015-11-05,7955.4501953125,7955.4501953125,8031.2001953125,7944.10009765625,8030.35009765625,132100,,,8336.2998046875,8088.60009765625,,Bullish,Bearish_BOS,8103.557371148928,8106.507790186154,8266.806366225712,-1,-1,-1,-3,38.13149295593729,-1,8336.2998046875,7944.10009765625,-4.568569009008627,0.14287455491148737,0
2015-11-06,7954.2998046875,7954.2998046875,8002.64990234375,7926.14990234375,7956.5498046875,219500,,,8336.2998046875,8088.60009765625,,Bullish,Bearish_BOS,8089.342364819268,8100.538849578364,8263.696848200456,-1,-1,-1,-3,38.059158129643826,-1,8336.2998046875,7926.14990234375,-4.5823687841121234,0.35515228314602076,0
2015-11-09,7915.2001953125,7915.2001953125,7937.75,7771.7001953125,7788.25,211800,,,8336.2998046875,8088.60009765625,,Bullish,Bearish_BOS,8072.757396294814,8093.270667058134,8260.229219813511,-1,-1,-1,-3,35.5881146744201,-1,8336.2998046875,7771.7001953125,-5.051397133512592,1.8464428168054159,0
2015-11-10,7783.35009765625,7783.35009765625,7885.10009765625,7772.85009765625,7877.60009765625,165200,,,8336.2998046875,8088.60009765625,,Bullish,Bearish_BOS,8045.194796424475,8081.116919238452,8255.4841539214,-1,-1,-1,-3,28.798010823805356,-1,8336.2998046875,7771.7001953125,-6.633035279277344,0.14990159232823874,0
2015-11-13,7762.25,7762.25,7775.10009765625,7730.89990234375,7762.4501953125,160900,,,8336.2998046875,8088.60009765625,,Bullish,Bearish_BOS,8018.247672955476,8068.612334170278,8250.576351394819,-1,-1,-1,-3,27.881216640610845,-1,8336.2998046875,7730.89990234375,-6.886146349543621,0.4055167969093221,0
2015-11-16,7806.60009765625,7806.60009765625,7838.85009765625,7714.14990234375,7732.9501953125,149500,,7714.14990234375,8336.2998046875,8088.60009765625,LL,Bearish,Bearish_BOS,7998.090761022217,8058.337344503061,8246.158677228266,-1,-1,-1,-3,32.72888377207563,-1,8336.2998046875,7714.14990234375,-6.354134561396174,1.1984495567607611,0
2015-11-17,7837.5498046875,7837.5498046875,7860.4501953125,7793.0,7848.75,145000,,,8336.2998046875,7714.14990234375,,Bearish,,7982.801146133196,8049.679009608333,8242.092917302487,-1,-1,-1,-3,35.9637543270842,-1,8336.2998046875,7714.14990234375,-5.982870238418647,1.5996565260711026,0
2015-11-18,7731.7998046875,7731.7998046875,7843.39990234375,7725.0498046875,7823.14990234375,143600,,,8336.2998046875,7714.14990234375,,Bearish,,7958.896256471702,8037.213158434968,8237.015373893384,-1,-1,-1,-3,30.556885042777182,-1,8336.2998046875,7714.14990234375,-7.251418664910414,0.22879905844697124,-1
2015-11-19,7842.75,7842.75,7854.89990234375,7765.4501953125,7788.5,132600,,,8336.2998046875,7714.14990234375,,Bearish,,7947.8347082363025,8029.587152221832,8233.092335347183,-1,-1,-1,-3,40.64024609538481,-1,8336.2998046875,7714.14990234375,-5.920490100535691,1.6670676520970762,0
2015-11-20,7856.5498046875,7856.5498046875,7906.9501953125,7817.7998046875,7841.89990234375,151900,,,8336.2998046875,7714.14990234375,,Bearish,,7939.1409078983215,8022.801373887152,8229.345643499822,-1,-1,-1,-3,41.77273017141312,-1,8336.2998046875,7714.14990234375,-5.754951372193173,1.8459571585520473,0
2015-11-23,7849.25,7849.25,7877.5,7825.2001953125,7869.5,127000,,,8336.2998046875,7714.14990234375,,Bearish,,7930.579869050863,8015.995437656284,8225.563597295844,-1,-1,-1,-3,41.323611340782065,-1,8336.2998046875,7714.14990234375,-5.842517856826978,1.75132839478791,0
2015-11-24,7831.60009765625,7831.60009765625,7870.35009765625,7812.64990234375,7837.0,130600,,,8336.2998046875,7714.14990234375,,Bearish,,7921.153224156137,8008.76424785236,8221.64356247356,-1,-1,-1,-3,40.19825174286812,-1,8336.2998046875,7714.14990234375,-6.054241316362652,1.5225293363409387,0
2015-11-26,7883.7998046875,7883.7998046875,7897.10009765625,7832.0,7837.14990234375,219800,,,8336.2998046875,7714.14990234375,,Bearish,,7917.595755635314,8003.8636814537385,8218.281933042854,-1,-1,-1,-3,44.97126886222392,-1,8241.9501953125,7714.14990234375,-4.345456865641983,2.19920411829444,0
2015-11-27,7942.7001953125,7942.7001953125,7959.2998046875,7879.4501953125,7910.60009765625,150300,,,8336.2998046875,7714.14990234375,,Bearish,,7919.986654652189,8001.465113369769,8215.539826199767,1,-1,-1,-1,49.836482203085325,0,8209.099609375,7714.14990234375,-3.245172147238473,2.962741142731895,0
2015-11-30,7935.25,7935.25,7966.0,7922.7998046875,7936.25,216300,,,8336.2998046875,7714.14990234375,,Bearish,,7921.440306590076,7998.86844225723,8212.750872705243,1,-1,-1,-1,49.243427397543186,0,8179.60009765625,7714.14990234375,-2.9873110511388634,2.8661628365437064,1
2015-12-01,7954.89990234375,7954.89990234375,7972.14990234375,7934.14990234375,7958.14990234375,138600,,,8336.2998046875,7714.14990234375,,Bearish,,7924.626934757092,7997.1441857900345,8210.185191408114,1,-1,-1,-1,50.90293927359307,0,8146.10009765625,7714.14990234375,-2.347137808526456,3.1208882773571034,1
2015-12-02,7931.35009765625,7931.35009765625,7979.2998046875,7910.7998046875,7976.7001953125,126300,7979.2998046875,,8336.2998046875,7714.14990234375,LH,Bearish,,7925.267235985583,7994.564025471063,8207.41071286332,1,-1,-1,-1,48.84187287948347,0,8116.10009765625,7714.14990234375,-2.276339593856802,2.8156076568658595,1
2015-12-03,7864.14990234375,7864.14990234375,7912.2998046875,7853.2998046875,7902.2998046875,125700,,,7979.2998046875,7714.14990234375,,Bearish,,7919.446537543504,7989.449746132738,8203.99518241039,-1,-1,-1,-3,43.43709551983502,-1,8116.10009765625,7714.14990234375,-3.1043258742614266,1.9444786774810652,0
2015-12-04,7781.89990234375,7781.89990234375,7821.39990234375,7775.7001953125,7817.60009765625,152500,,,7979.2998046875,7714.14990234375,,Bearish,,7906.34685800067,7981.310536572386,8199.795229374902,-1,-1,-1,-3,37.90786296477741,-1,8116.10009765625,7714.14990234375,-4.117743636614457,0.8782562026622864,0
2015-12-07,7765.39990234375,7765.39990234375,7825.39990234375,7746.0498046875,7816.5498046875,137600,,,7979.2998046875,7714.14990234375,,Bearish,,7892.923338414296,7972.843452877145,8195.472887812404,-1,-1,-1,-3,36.89328795463394,-1,8031.2001953125,7714.14990234375,-3.3095961562991216,0.6643635481393684,0
2015-12-08,7701.7001953125,7701.7001953125,7771.25,7685.4501953125,7738.5,135100,,,7979.2998046875,7714.14990234375,,Bearish,Bearish_BOS,7874.7116104998395,7962.210383953041,8190.559726693003,-1,-1,-1,-3,33.19909727697521,-1,8002.64990234375,7685.4501953125,-3.7606256765413404,0.2114384920471002,0
2015-12-09,7612.5,7612.5,7702.85009765625,7606.89990234375,7695.5,140000,,,7979.2998046875,7714.14990234375,,Bearish,Bearish_BOS,7849.739076166521,7948.496251249,8184.807888616455,-1,-1,-1,-3,28.843628597998887,-1,7979.2998046875,7606.89990234375,-4.5968921292068865,0.07361865843040771,0
2015-12-10,7683.2998046875,7683.2998046875,7691.9501953125,7610.0,7643.2998046875,140800,,,7979.2998046875,7714.14990234375,,Bearish,Bearish_BOS,7833.8877169780435,7938.0963905995295,8179.8177584281075,-1,-1,-1,-3,36.01849783022653,-1,7979.2998046875,7606.89990234375,-3.7095986771434775,1.004350041732649,0
2015-12-11,7610.4501953125,7610.4501953125,7703.0498046875,7575.2998046875,7699.60009765625,167800,,,7979.2998046875,7714.14990234375,,Bearish,Bearish_BOS,7812.607953009897,7925.247520196116,8174.152409541385,-1,-1,-1,-3,32.398525182263754,-1,7979.2998046875,7575.2998046875,-4.622581158791861,0.4640131946098025,0
2015-12-14,7650.0498046875,7650.0498046875,7663.9501953125,7551.0498046875,7558.2001953125,148900,,7551.0498046875,7979.2998046875,7714.14990234375,LL,Bearish,Bearish_BOS,7797.12622459824,7914.455452921268,8168.9374582493065,-1,-1,-1,-3,36.15479137069253,-1,7979.2998046875,7551.0498046875,-4.126301906923957,1.3110759769925373,0
2015-12-15,7700.89990234375,7700.89990234375,7705.0,7625.10009765625,7659.14990234375,134300,,,7979.2998046875,7551.0498046875,,Bearish,,7787.961812954955,7906.08072544764,8164.280368140794,-1,-1,-1,-3,40.71057414140004,-1,7979.2998046875,7551.0498046875,-3.4890267211190817,1.9844935675464193,0
2015-12-16,7750.89990234375,7750.89990234375,7776.60009765625,7715.75,7725.25,154300,,,7979.2998046875,7551.0498046875,,Bearish,,7784.43210718246,7899.995202972978,8160.167129675153,-1,-1,-1,-3,44.87581192726869,-1,7979.2998046875,7551.0498046875,-2.8624053229529545,2.6466531518860803,1
2015-12-17,7844.35009765625,7844.35009765625,7852.89990234375,7737.5498046875,7783.0498046875,175900,,,7979.2998046875,7551.0498046875,,Bearish,,7790.138582465678,7897.8130419801655,8157.024671645115,1,-1,-1,-1,51.70486973468,0,7979.2998046875,7551.0498046875,-1.6912474820406254,3.884232001577792,1
2015-12-18,7761.9501953125,7761.9501953125,7836.14990234375,7753.35009765625,7828.89990234375,191400,,,7979.2998046875,7551.0498046875,,Bearish,,7787.453974165375,7892.485087208885,8153.093582328373,-1,-1,-1,-3,46.262603092534334,0,7979.2998046875,7551.0498046875,-2.723918322348484,2.792994299866458,1
2015-12-21,7834.4501953125,7834.4501953125,7840.75,7733.4501953125,7745.64990234375,126300,,,7979.2998046875,7551.0498046875,,Bearish,,7791.9298047508155,7890.209209095301,8149.923001363041,1,-1,-1,-1,51.13601625193731,0,7979.2998046875,7551.0498046875,-1.8153172950076013,3.7531256971589766,1
2015-12-22,7786.10009765625,7786.10009765625,7846.2998046875,7776.85009765625,7829.39990234375,125700,,,7979.2998046875,7551.0498046875,,Bearish,,7791.374594551333,7886.12649884279,8146.302872967949,-1,-1,-1,-3,48.00904623298641,0,7979.2998046875,7551.0498046875,-2.421261410904163,3.112816085822079,1
2015-12-23,7865.9501953125,7865.9501953125,7871.4501953125,7826.10009765625,7830.4501953125,117900,,,7979.2998046875,7551.0498046875,,Bearish,,7798.477032719063,7885.335271253367,8143.513294085806,1,-1,-1,-1,53.10881847999926,0,7979.2998046875,7551.0498046875,-1.4205458141629435,4.170286235292986,1
2015-12-24,7861.0498046875,7861.0498046875,7888.75,7835.5,7888.75,93500,,,7979.2998046875,7551.0498046875,,Bearish,,7804.436344335105,7884.38290001549,8140.702712101744,1,-1,-1,-1,52.766742004500536,0,7979.2998046875,7551.0498046875,-1.481959606662897,4.105389422905947,1
2015-12-28,7925.14990234375,7925.14990234375,7937.2001953125,7863.0,7863.2001953125,122900,,,7979.2998046875,7551.0498046875,,Bearish,,7815.932873669261,7885.981605989147,8138.557908024551,1,-1,-1,-1,56.69588977920469,1,7979.2998046875,7551.0498046875,-0.6786297503439953,4.954279303309828,1
2015-12-29,7928.9501953125,7928.9501953125,7942.14990234375,7902.75,7929.2001953125,113000,,,7979.2998046875,7551.0498046875,,Bearish,,7826.696428111474,7887.66664870771,8136.472259141844,1,-1,-1,-1,56.92467192250726,1,7979.2998046875,7551.0498046875,-0.6310028524736166,5.00460731156096,1
2015-12-30,7896.25,7896.25,7944.75,7889.85009765625,7938.60009765625,106800,,,7979.2998046875,7551.0498046875,,Bearish,,7833.320577815143,7888.003250719173,8134.081987906602,1,-1,-1,-1,54.26790175052492,0,7979.2998046875,7551.0498046875,-1.0408156946141056,4.571552356841946,1
2015-12-31,7946.35009765625,7946.35009765625,7955.5498046875,7891.14990234375,7897.7998046875,150900,7955.5498046875,,7979.2998046875,7551.0498046875,LH,Bearish,,7844.085293990486,7890.291362363764,8132.214008899136,1,-1,-1,-1,57.53776233571587,1,7955.5498046875,7551.0498046875,-0.11563885912485583,5.235037553630728,1
2016-01-04,7791.2998046875,7791.2998046875,7937.5498046875,7781.10009765625,7924.5498046875,134700,,,7955.5498046875,7551.0498046875,,Bearish,,7839.058104533059,7886.409340494107,8128.821827762702,-1,-1,-1,-3,46.46506642665098,0,7955.5498046875,7551.0498046875,-2.064596464511126,3.181676802752098,1
2016-01-05,7784.64990234375,7784.64990234375,7831.2001953125,7763.25,7828.39990234375,145200,,,7955.5498046875,7551.0498046875,,Bearish,,7833.87637099122,7882.418774292133,8125.397231489877,-1,-1,-1,-3,46.055700999452974,0,7955.5498046875,7551.0498046875,-2.1481846828870776,3.0936108713153665,1
2016-01-06,7741.0,7741.0,7800.9501953125,7721.2001953125,7788.0498046875,147100,,,7955.5498046875,7551.0498046875,,Bearish,,7825.03100232539,7876.8729400061675,8121.572383415351,-1,-1,-1,-3,43.35558546899019,-1,7955.5498046875,7551.0498046875,-2.69685703634317,2.515546847467265,1
2016-01-07,7568.2998046875,7568.2998046875,7674.9501953125,7556.60009765625,7673.35009765625,188900,,,7955.5498046875,7551.0498046875,,Bearish,,7800.580412074161,7864.772032738769,8116.067183627016,-1,-1,-1,-3,34.69000678024139,-1,7955.5498046875,7551.0498046875,-4.867671116480576,0.22844505659718184,0
2016-01-08,7601.35009765625,7601.35009765625,7634.10009765625,7581.0498046875,7611.64990234375,157400,,,7955.5498046875,7551.0498046875,,Bearish,,7781.606096415313,7854.441760774749,8110.945620582531,-1,-1,-1,-3,37.27386232612215,-1,7955.5498046875,7551.0498046875,-4.452234172709868,0.6661364216870247,0
2016-01-11,7563.85009765625,7563.85009765625,7605.10009765625,7494.35009765625,7527.4501953125,189000,,,7955.5498046875,7551.0498046875,,Bearish,,7760.86742986683,7843.046009279906,8105.501884036001,-1,-1,-1,-3,35.555042210822364,-1,7955.5498046875,7494.35009765625,-4.923603228534324,0.9273652697614931,0
2016-01-12,7510.2998046875,7510.2998046875,7588.2998046875,7487.7998046875,7587.2001953125,163900,,,7955.5498046875,7551.0498046875,,Bearish,Bearish_BOS,7737.003846516418,7829.997138511576,8099.579475286265,-1,-1,-1,-3,33.2006040768419,-1,7955.5498046875,7487.7998046875,-5.5967219228224,0.30048880294468727,0
2016-01-13,7562.39990234375,7562.39990234375,7590.9501953125,7425.7998046875,7557.89990234375,215200,,,7955.5498046875,7551.0498046875,,Bearish,,7720.374899452354,7819.503129250093,8094.234404908728,-1,-1,-1,-3,37.53458582602293,-1,7955.5498046875,7425.7998046875,-4.941831953740039,1.8395338044263188,0
2016-01-14,7536.7998046875,7536.7998046875,7604.7998046875,7443.7998046875,7467.39990234375,200800,,,7955.5498046875,7551.0498046875,,Bearish,Bearish_BOS,7702.891557093796,7808.4167243652855,8088.687791971204,-1,-1,-1,-3,36.288712546283136,-1,7955.5498046875,7425.7998046875,-5.2636211233731185,1.4947884796184807,0
2016-01-15,7437.7998046875,7437.7998046875,7566.5,7427.2998046875,7561.64990234375,197500,,,7955.5498046875,7551.0498046875,,Bearish,Bearish_BOS,7677.644723531292,7793.882727515176,8082.211294585298,-1,-1,-1,-3,31.88154234614524,-1,7955.5498046875,7425.7998046875,-6.508035430749681,0.16159875455334927,0
2016-01-18,7351.0,7351.0,7463.64990234375,7336.39990234375,7420.35009765625,233600,,,7955.5498046875,7551.0498046875,,Bearish,Bearish_BOS,7646.535702242598,7776.514777416542,8074.935560310818,-1,-1,-1,-3,28.60173131945622,-1,7955.5498046875,7336.39990234375,-7.5990952169175285,0.19900902146277044,-1
2016-01-19,7435.10009765625,7435.10009765625,7462.75,7364.14990234375,7381.7998046875,188300,,,7955.5498046875,7551.0498046875,,Bearish,Bearish_BOS,7626.3989779962785,7763.12596644555,8068.569038294355,-1,-1,-1,-3,35.52287115761176,-1,7955.5498046875,7336.39990234375,-6.541970320198298,1.345349171614374,0
2016-01-20,7309.2998046875,7309.2998046875,7470.89990234375,7241.5,7357.0,225600,,7241.5,7955.5498046875,7551.0498046875,LL,Bearish,Bearish_BOS,7596.199056728776,7745.328862062882,8061.014120547023,-1,-1,-1,-3,30.724970479870606,-1,7955.5498046875,7241.5,-8.123260062041492,0.936267412656222,-1
2016-01-21,7276.7998046875,7276.7998046875,7398.7001953125,7250.0,7376.64990234375,240700,,,7955.5498046875,7241.5,,Bearish,,7565.780080343892,7726.9551735383575,8053.210993026033,-1,-1,-1,-3,29.612213180656653,-1,7955.5498046875,7241.5,-8.5317799104227,0.4874653688807573,-1
2016-01-22,7422.4501953125,7422.4501953125,7433.39990234375,7327.60009765625,7355.7001953125,229200,,,7955.5498046875,7241.5,,Bearish,,7552.129615102807,7715.013801843226,8046.9347661831125,-1,-1,-1,-3,40.08490258030824,-1,7955.5498046875,7241.5,-6.700977587506163,2.4987943839328786,0
2016-01-25,7436.14990234375,7436.14990234375,7487.14990234375,7421.2001953125,7468.75,163200,,,7955.5498046875,7241.5,,Bearish,,7541.083928173373,7704.0779626471685,8040.857304851377,-1,-1,-1,-3,40.97448261124481,-1,7955.5498046875,7241.5,-6.528774441682383,2.687977661309815,0
2016-01-27,7437.75,7437.75,7477.89990234375,7419.7001953125,7469.60009765625,187600,,,7955.5498046875,7241.5,,Bearish,,7531.242601680671,7693.633728817867,8034.856237141414,-1,-1,-1,-3,41.084509326383966,-1,7955.5498046875,7241.5,-6.508661467776955,2.710073879721042,0
2016-01-28,7424.64990234375,7424.64990234375,7468.85009765625,7409.60009765625,7426.5,274500,,,7955.5498046875,7241.5,,Bearish,,7521.090916029536,7683.085343465941,8028.784532317557,-1,-1,-1,-3,40.420201233166104,-1,7955.5498046875,7241.5,-6.673327618801883,2.5291707842815647,0
2016-01-29,7563.5498046875,7563.5498046875,7575.64990234375,7402.7998046875,7413.35009765625,298700,,,7955.5498046875,7241.5,,Bearish,,7525.134619711247,7678.397675278552,8024.1553310476065,1,-1,-1,-1,49.706007926280385,0,7955.5498046875,7241.5,-4.9273778635516745,4.4472803243457815,0
2016-02-01,7555.9501953125,7555.9501953125,7600.4501953125,7541.25,7589.5,200400,7600.4501953125,,7955.5498046875,7241.5,LH,Bearish,,7528.069436435176,7673.595813319099,8019.4965734781035,1,-1,-1,-1,49.25370074131889,0,7937.5498046875,7241.5,-4.807523968538097,4.3423350868259325,0
2016-02-02,7455.5498046875,7455.5498046875,7576.2998046875,7428.0498046875,7566.64990234375,230200,,,7600.4501953125,7241.5,,Bearish,,7521.162804840159,7665.044989451193,8013.885162843371,-1,-1,-1,-3,43.60798005428564,-1,7831.2001953125,7241.5,-4.796843156300001,2.9558766096458022,0
2016-02-03,7361.7998046875,7361.7998046875,7419.39990234375,7350.2998046875,7392.4501953125,192000,,,7600.4501953125,7241.5,,Bearish,,7505.985376254192,7653.153021421244,8007.396751319433,-1,-1,-1,-3,39.100969230867534,-1,7800.9501953125,7241.5,-5.6294474343507535,1.6612553295242805,0
2016-02-04,7404.0,7404.0,7457.0498046875,7365.9501953125,7411.4501953125,222700,,,7600.4501953125,7241.5,,Bearish,,7496.272483277602,7643.3823146988425,8001.392803545111,-1,-1,-1,-3,42.00652764775329,-1,7674.9501953125,7241.5,-3.530318613376593,2.2440102188773015,0
2016-02-05,7489.10009765625,7489.10009765625,7503.14990234375,7406.64990234375,7418.25,249800,,,7600.4501953125,7241.5,,Bearish,,7495.5893989327105,7637.332031677564,7996.29536368552,-1,-1,-1,-3,47.45132001175252,0,7634.10009765625,7241.5,-1.8993725278047657,3.4191824574501206,1
2016-02-08,7387.25,7387.25,7512.5498046875,7363.2001953125,7489.7001953125,171500,,,7600.4501953125,7241.5,,Bearish,,7485.271360939119,7627.524893180405,7990.235210813027,-1,-1,-1,-3,42.32910956829104,-1,7605.10009765625,7241.5,-2.8645263686060796,2.01270455016227,1
2016-02-09,7298.2001953125,7298.2001953125,7323.4501953125,7275.14990234375,7303.9501953125,212100,,,7600.4501953125,7241.5,,Bearish,,7467.45505945087,7614.61019914637,7983.349290260783,-1,-1,-1,-3,38.423716972328855,-1,7604.7998046875,7241.5,-4.0316591790623635,0.7829896473451559,0
2016-02-10,7215.7001953125,7215.7001953125,7271.85009765625,7177.75,7264.2998046875,246900,,,7600.4501953125,7241.5,,Bearish,Bearish_BOS,7443.4784057234065,7598.966669584257,7975.710990808561,-1,-1,-1,-3,35.18489220775088,-1,7604.7998046875,7177.75,-5.116500359880138,0.5287199374804041,0
2016-02-11,6976.35009765625,6976.35009765625,7208.64990234375,6959.9501953125,7203.60009765625,292300,,,7600.4501953125,7241.5,,Bearish,Bearish_BOS,7398.989995431296,7574.5503334302175,7965.767101324459,-1,-1,-1,-3,27.850215441116475,-1,7604.7998046875,6959.9501953125,-8.263856027398408,0.23563246695061935,-1
2016-02-12,6980.9501953125,6980.9501953125,7034.7998046875,6869.0,7023.64990234375,333900,,6869.0,7600.4501953125,7241.5,LL,Bearish,Bearish_BOS,7359.176681134268,7551.271896641288,7955.967928130311,-1,-1,-1,-3,28.160177211630113,-1,7600.4501953125,6869.0,-8.15083296489556,1.6297888384408266,-1
2016-02-15,7162.9501953125,7162.9501953125,7182.7998046875,7056.7998046875,7057.35009765625,354200,,,7600.4501953125,6869.0,,Bearish,,7340.488444389337,7536.043594628394,7948.077204420681,-1,-1,-1,-3,39.27558616038696,-1,7600.4501953125,6869.0,-5.756237969559008,4.279373930885133,0
2016-02-16,7048.25,7048.25,7204.64990234375,7037.7001953125,7201.25,253800,,,7600.4501953125,6869.0,,Bearish,,7312.6562115903525,7516.914434054732,7939.123699899082,-1,-1,-1,-3,35.543140884188844,-1,7600.4501953125,6869.0,-7.265361670984483,2.6095501528606846,-1
2016-02-17,7108.4501953125,7108.4501953125,7123.7001953125,6960.64990234375,7058.85009765625,260000,,,7600.4501953125,6869.0,,Bearish,,7293.20801956389,7500.89622861386,7930.858291893245,-1,-1,-1,-3,38.828898338886,-1,7600.4501953125,6869.0,-6.473300756624079,3.485954219136711,0
2016-02-18,7191.75,7191.75,7215.10009765625,7127.85009765625,7177.39990234375,246700,,,7600.4501953125,6869.0,,Bearish,,7283.545351033996,7488.772847099592,7923.5039805311235,-1,-1,-1,-3,43.147532793385615,-1,7600.4501953125,6869.0,-5.3773156169691365,4.698646091134084,0
2016-02-19,7210.75,7210.75,7226.85009765625,7145.9501953125,7170.5498046875,192300,,,7600.4501953125,6869.0,,Bearish,,7276.61246045933,7477.869990350588,7916.411901122854,-1,-1,-1,-3,44.11665125584977,-1,7600.4501953125,6869.0,-5.12733042514828,4.975251128257385,0
2016-02-22,7234.5498046875,7234.5498046875,7252.39990234375,7200.7001953125,7208.85009765625,154400,7252.39990234375,,7600.4501953125,6869.0,LH,Bearish,,7272.606493242965,7468.328022285369,7909.627203645886,-1,-1,-1,-3,45.37279971322807,0,7600.4501953125,6869.0,-4.814193649353371,5.321732489263353,0
2016-02-23,7109.5498046875,7109.5498046875,7241.7001953125,7090.7001953125,7240.2998046875,194400,,,7252.39990234375,6869.0,,Bearish,,7257.077284809111,7454.258288261924,7901.666234502022,-1,-1,-1,-3,40.25482858575949,-1,7600.4501953125,6869.0,-6.458833069227365,3.5019625081889716,0
2016-02-24,7018.7001953125,7018.7001953125,7090.7998046875,7009.75,7075.0,199700,,,7252.39990234375,6869.0,,Bearish,,7234.374704857052,7437.177578734496,7892.880502768793,-1,-1,-1,-3,36.989143773392186,-1,7600.4501953125,6869.0,-7.654151860093606,2.179359372725287,-1
2016-02-25,6970.60009765625,6970.60009765625,7034.2001953125,6961.39990234375,7029.85009765625,283100,,,7252.39990234375,6869.0,,Bearish,,7209.253313695071,7418.880422613781,7883.7035833149375,-1,-1,-1,-3,35.35383274722497,-1,7600.4501953125,6869.0,-8.287010393735672,1.4791104623125717,-1
2016-02-26,7029.75,7029.75,7052.89990234375,6985.10009765625,7039.2998046875,206700,,,7252.39990234375,6869.0,,Bearish,,7192.157760009826,7403.620406040692,7875.20653273469,-1,-1,-1,-3,38.92944728542435,-1,7600.4501953125,6869.0,-7.508768305125835,2.3402241956616665,-1
2016-02-29,6987.0498046875,6987.0498046875,7094.60009765625,6825.7998046875,7050.4501953125,473400,,6825.7998046875,7252.39990234375,6869.0,LL,Bearish,,7172.623669026748,7387.284304026842,7866.369152356111,-1,-1,-1,-3,37.32449414692396,-1,7576.2998046875,6825.7998046875,-7.777543328412473,2.362360523513507,-1
2016-03-01,7222.2998046875,7222.2998046875,7235.5,7035.10009765625,7038.25,275100,,,7252.39990234375,6825.7998046875,,Bearish,,7177.354729565867,7380.814323660594,7859.960502130553,1,-1,-1,-1,49.642325162858015,0,7512.5498046875,6825.7998046875,-3.8635351185145828,5.808843085724691,0
2016-03-02,7368.85009765625,7368.85009765625,7380.35009765625,7308.14990234375,7321.7001953125,338500,,,7252.39990234375,6825.7998046875,,Bearish,Bullish_BOS,7195.592383669713,7380.34513832709,7855.0738314392665,1,-1,-1,-1,55.50850216640868,1,7512.5498046875,6825.7998046875,-1.912795399260947,7.955848523360154,1
2016-03-03,7475.60009765625,7475.60009765625,7483.9501953125,7406.0498046875,7429.5498046875,278600,,,7252.39990234375,6825.7998046875,,Bearish,Bullish_BOS,7222.259785001764,7384.080626928234,7851.2979733916745,1,-1,-1,-1,59.23375756527798,1,7512.5498046875,6825.7998046875,-0.4918397613576597,9.519767815670633,1
2016-03-04,7485.35009765625,7485.35009765625,7505.89990234375,7444.10009765625,7505.39990234375,281700,,,7252.39990234375,6825.7998046875,,Bearish,Bullish_BOS,7247.316005254572,7388.051978721489,7847.656700996297,1,-1,-1,-1,59.566753593739534,1,7512.5498046875,6825.7998046875,-0.3620569279191854,9.66260821941798,1
2016-03-08,7485.2998046875,7485.2998046875,7527.14990234375,7442.14990234375,7486.39990234375,257000,,,7252.39990234375,6825.7998046875,,Bearish,Bullish_BOS,7269.981129010089,7391.86561895545,7844.051159739493,1,-1,-1,-1,59.56405081846961,1,7527.14990234375,6825.7998046875,-0.5559886304804307,9.661871412447521,1
2016-03-09,7531.7998046875,7531.7998046875,7539.0,7424.2998046875,7436.10009765625,245100,,,7252.39990234375,6825.7998046875,,Bearish,Bullish_BOS,7294.916240979366,7397.353234082198,7840.94418108226,1,-1,-1,-1,61.311937794359885,1,7539.0,6825.7998046875,-0.09550597310651332,10.34311026108863,1
2016-03-10,7486.14990234375,7486.14990234375,7547.10009765625,7447.39990234375,7545.35009765625,224700,,,7252.39990234375,6825.7998046875,,Bearish,Bullish_BOS,7313.128970633117,7400.8354563669645,7837.4138897515295,1,-1,-1,-1,58.63242907621472,1,7547.10009765625,6825.7998046875,-0.8075975477180752,9.674325596287868,1
2016-03-11,7510.2001953125,7510.2001953125,7543.9501953125,7460.60009765625,7484.85009765625,198700,,,7252.39990234375,6825.7998046875,,Bearish,Bullish_BOS,7331.89765869782,7405.124269658946,7834.15803209542,1,-1,-1,-1,59.63334611987859,1,7547.10009765625,6825.7998046875,-0.4889282223142777,10.026669550944046,1
2016-03-14,7538.75,7538.75,7583.7001953125,7515.0498046875,7542.60009765625,166900,,,7252.39990234375,6825.7998046875,,Bearish,Bullish_BOS,7351.59788167898,7410.364494378203,7831.218648691485,1,-1,-1,-1,60.84449720670765,1,7583.7001953125,6825.7998046875,-0.5927211539860644,10.444932692325581,1
2016-03-15,7460.60009765625,7460.60009765625,7545.2001953125,7452.7998046875,7535.85009765625,193700,,,7252.39990234375,6825.7998046875,,Bearish,Bullish_BOS,7361.979045105387,7412.334518036166,7827.530901915016,1,-1,-1,-1,55.90025912915282,1,7583.7001953125,6825.7998046875,-1.623219463927894,9.300013348367052,1
2016-03-16,7498.75,7498.75,7508.0,7405.14990234375,7457.0498046875,195400,,7405.14990234375,7252.39990234375,6825.7998046875,HL,Bullish,Bullish_BOS,7375.004850333446,7415.7233604661205,7824.259450154668,1,-1,-1,-1,57.70700146029249,1,7583.7001953125,6825.7998046875,-1.1201681649415374,9.858920779516023,1
2016-03-17,7512.5498046875,7512.5498046875,7585.2998046875,7479.39990234375,7557.39990234375,239600,,,7252.39990234375,7405.14990234375,,Bullish,Bullish_BOS,7388.104369795736,7419.520475925783,7821.157861642558,1,-1,-1,-1,58.37138119464635,1,7585.2998046875,6825.7998046875,-0.9590919525032215,10.061092028049035,1
2016-03-18,7604.35009765625,7604.35009765625,7613.60009765625,7517.89990234375,7534.64990234375,237400,,,7252.39990234375,7405.14990234375,,Bullish,Bullish_BOS,7408.699201020547,7426.768696385801,7819.000570458615,1,-1,-1,-1,62.58233426222401,1,7613.60009765625,6825.7998046875,-0.1214931160207322,11.405993660026393,1
2016-03-21,7704.25,7704.25,7713.5498046875,7617.7001953125,7619.2001953125,196800,,,7252.39990234375,7405.14990234375,,Bullish,Bullish_BOS,7436.846896161447,7437.6503161353785,7817.858773737634,1,-1,-1,-1,66.5480005081387,1,7713.5498046875,6825.7998046875,-0.12056452506274962,12.869556981575103,1
2016-03-22,7714.89990234375,7714.89990234375,7728.2001953125,7643.7998046875,7695.5498046875,208900,,,7252.39990234375,7405.14990234375,,Bullish,Bullish_BOS,7463.328134845476,7448.522848927863,7816.834307355605,1,1,-1,1,66.9501378174511,1,7728.2001953125,6825.7998046875,-0.17210078197530398,13.025581222667505,1
2016-03-23,7716.5,7716.5,7726.85009765625,7670.60009765625,7717.4501953125,199600,,,7252.39990234375,7405.14990234375,,Bullish,Bullish_BOS,7487.439741050668,7459.031756813046,7815.835956038634,1,1,-1,1,67.01429770119034,1,7728.2001953125,6825.7998046875,-0.15139612091825683,13.049023129873039,1
2016-03-28,7615.10009765625,7615.10009765625,7749.39990234375,7587.7001953125,7741.0,242400,,,7252.39990234375,7405.14990234375,,Bullish,Bullish_BOS,7499.5978702512,7465.152083904936,7813.838584313437,1,1,-1,1,59.17450976686672,1,7749.39990234375,6825.7998046875,-1.7330348979265109,11.563484361593957,1
2016-03-29,7597.0,7597.0,7652.89990234375,7582.25,7606.5498046875,216800,,,7252.39990234375,7405.14990234375,,Bullish,Bullish_BOS,7508.8742635606095,7470.322590418468,7811.6809864595725,1,1,-1,1,57.873019128513754,1,7749.39990234375,6825.7998046875,-1.9666026307102569,11.298312540354495,1
2016-03-30,7735.2001953125,7735.2001953125,7741.9501953125,7643.4501953125,7651.10009765625,232600,,,7252.39990234375,7405.14990234375,,Bullish,Bullish_BOS,7530.429114203646,7480.709947473137,7810.919983562587,1,1,-1,1,64.32487057683193,1,7749.39990234375,6825.7998046875,-0.18323621454811034,13.322986560497796,1
2016-03-31,7738.39990234375,7738.39990234375,7777.60009765625,7702.0,7727.64990234375,380100,7777.60009765625,,7252.39990234375,7405.14990234375,HH,Bullish,Bullish_BOS,7550.235855931275,7490.815435899435,7810.198390714639,1,1,-1,1,64.46058329894467,1,7777.60009765625,7035.10009765625,-0.5040140251529879,9.997012052775279,1
2016-04-01,7713.0498046875,7713.0498046875,7740.14990234375,7666.10009765625,7718.0498046875,183900,,,7777.60009765625,7405.14990234375,,Bullish,,7565.741946289011,7499.5305091852415,7809.231738117354,1,1,-1,1,62.43415452442942,1,7777.60009765625,7308.14990234375,-0.8299512980643242,5.540388576510957,1
2016-04-04,7758.7998046875,7758.7998046875,7764.4501953125,7704.39990234375,7733.14990234375,155500,,,7777.60009765625,7405.14990234375,,Bullish,,7584.12840899363,7509.697932538272,7808.729927834471,1,1,-1,1,64.59722449797772,1,7777.60009765625,7405.14990234375,-0.24172357453059456,4.775729148059771,1
2016-04-05,7603.2001953125,7603.2001953125,7736.2998046875,7588.64990234375,7736.2998046875,203800,,,7777.60009765625,7405.14990234375,,Bullish,,7585.944769595427,7513.364687941184,7806.684855869079,1,1,-1,1,53.34639453931736,0,7777.60009765625,7405.14990234375,-2.2423356839380904,2.674494042396991,1
2016-04-06,7614.35009765625,7614.35009765625,7638.64990234375,7591.75,7636.0498046875,165600,,,7777.60009765625,7405.14990234375,,Bullish,,7588.650038934553,7517.324900086873,7804.771077180395,1,1,-1,1,53.965129805222546,0,7777.60009765625,7405.14990234375,-2.09897652168044,2.8250636120990213,1
2016-04-07,7546.4501953125,7546.4501953125,7630.75,7535.85009765625,7630.39990234375,234400,,,7777.60009765625,7405.14990234375,,Bullish,,7584.631006208643,7518.467068527094,7802.200720146884,-1,1,-1,-1,49.647002336605404,0,7777.60009765625,7405.14990234375,-2.971995209851508,1.9081354845231102,1
2016-04-08,7555.2001953125,7555.2001953125,7569.35009765625,7526.7001953125,7542.35009765625,143400,,,7777.60009765625,7405.14990234375,,Bullish,,7581.828071837582,7519.907583302993,7799.743003481866,-1,1,-1,-1,50.200014942905135,0,7777.60009765625,7405.14990234375,-2.8594926397767506,2.0262964956490492,1
2016-04-11,7671.39990234375,7671.39990234375,7678.7998046875,7516.85009765625,7577.7998046875,179800,,7516.85009765625,7777.60009765625,7405.14990234375,HL,Bullish,,7590.358722361979,7525.848458559493,7798.465957699398,1,1,-1,1,56.96024068468949,1,7777.60009765625,7405.14990234375,-1.3654622760111201,3.5954707671175035,1
2016-04-12,7708.9501953125,7708.9501953125,7717.39990234375,7663.35009765625,7669.25,163400,,,7777.60009765625,7516.85009765625,,Bullish,,7601.653148357266,7533.028918824317,7797.575253596046,1,1,-1,1,58.901787638594655,1,7777.60009765625,7405.14990234375,-0.8826617656060409,4.102554262576064,1
2016-04-13,7850.4501953125,7850.4501953125,7864.7998046875,7772.2001953125,7777.14990234375,220400,,,7777.60009765625,7516.85009765625,,Bullish,Bullish_BOS,7625.348105210146,7545.476812019932,7798.101372419096,1,1,-1,1,65.26124558496146,1,7864.7998046875,7405.14990234375,-0.18245358726673988,6.013386613926763,1
2016-04-18,7914.7001953125,7914.7001953125,7920.60009765625,7842.75,7908.14990234375,184600,,,7777.60009765625,7516.85009765625,,Bullish,Bullish_BOS,7652.905447124656,7559.956160384347,7799.261559711568,1,1,-1,1,67.70487588381454,1,7920.60009765625,7405.14990234375,-0.07448807250722833,6.881026038479998,1
2016-04-20,7914.75,7914.75,7950.39990234375,7877.5498046875,7950.0498046875,205300,,,7777.60009765625,7516.85009765625,,Bullish,Bullish_BOS,7677.8430235889755,7573.869644290843,7800.410698420907,1,1,-1,1,67.70677221630362,1,7950.39990234375,7479.39990234375,-0.4484038888816211,5.820655444828238,1
2016-04-21,7912.0498046875,7912.0498046875,7978.4501953125,7884.10009765625,7953.64990234375,223700,,,7777.60009765625,7516.85009765625,,Bullish,Bullish_BOS,7700.148431312644,7587.131611365222,7801.521535299182,1,1,-1,1,67.47544171078657,1,7978.4501953125,7516.85009765625,-0.8322467271151379,5.2575174693782145,1
2016-04-22,7899.2998046875,7899.2998046875,7923.35009765625,7873.35009765625,7891.7998046875,183300,,,7777.60009765625,7516.85009765625,,Bullish,Bullish_BOS,7719.115228776916,7599.373501299429,7802.494453402549,1,1,-1,1,66.32314167317864,1,7978.4501953125,7516.85009765625,-0.9920521992040854,5.087898548761771,1
2016-04-25,7855.0498046875,7855.0498046875,7911.0,7827.0,7894.7998046875,146300,,,7777.60009765625,7516.85009765625,,Bullish,Bullish_BOS,7732.061378863638,7609.400023000922,7803.017392221304,1,1,-1,1,62.343889114099646,1,7978.4501953125,7516.85009765625,-1.5466711905715802,4.499221118387076,1
2016-04-26,7962.64990234375,7962.64990234375,7974.5,7822.5498046875,7828.14990234375,202400,,,7777.60009765625,7516.85009765625,,Bullish,Bullish_BOS,7754.022190623649,7623.252959445739,7804.605775406602,1,1,-1,1,67.45692738208605,1,7978.4501953125,7516.85009765625,-0.19803711976584815,5.930673073106774,1
2016-04-27,7979.89990234375,7979.89990234375,7991.0,7940.5498046875,7942.0,206800,,,7777.60009765625,7516.85009765625,,Bullish,Bullish_BOS,7775.534353644611,7637.239114069191,7806.349995575131,1,1,-1,1,68.20234522845449,1,7991.0,7516.85009765625,-0.13890749163121274,6.160157495117247,1
2016-04-28,7847.25,7847.25,7992.0,7834.4501953125,7967.39990234375,292500,7992.0,,7777.60009765625,7516.85009765625,HH,Bullish,Bullish_BOS,7782.364415202267,7645.4748350860855,7806.756960793289,1,1,-1,1,57.32784375192298,1,7992.0,7516.85009765625,-1.8111861861861867,4.395456847633139,1
2016-04-29,7849.7998046875,7849.7998046875,7889.0498046875,7788.7001953125,7844.25,243700,,,7992.0,7516.85009765625,,Bullish,,7788.7868332484795,7653.487578992023,7807.1852477972125,1,1,-1,1,57.46822471658424,1,7992.0,7516.85009765625,-1.7792817231293778,4.429378033427378,1
2016-05-02,7805.89990234375,7805.89990234375,7829.7998046875,7777.2998046875,7822.7001953125,146300,,,7992.0,7516.85009765625,,Bullish,,7790.416649352791,7659.464532848954,7807.172458290213,1,1,-1,1,54.16438641294979,0,7992.0,7516.85009765625,-2.3285798005036273,3.8453581078812027,1
2016-05-03,7747.0,7747.0,7890.25,7735.14990234375,7824.7998046875,186500,,,7992.0,7516.85009765625,,Bullish,,7786.281730366811,7662.897296266643,7806.5737273619525,-1,1,-1,-1,50.01020603203813,0,7992.0,7516.85009765625,-3.0655655655655645,3.061786511021558,0
2016-05-04,7706.5498046875,7706.5498046875,7749.0,7697.25,7724.14990234375,199700,,,7992.0,7516.85009765625,,Bullish,,7778.688213635448,7664.609159341971,7805.578464449769,-1,1,-1,-1,47.32572973615374,0,7992.0,7516.85009765625,-3.5716991405467913,2.523659572383896,0
2016-05-05,7735.5,7735.5,7777.5498046875,7706.85009765625,7731.0,185100,,,7992.0,7516.85009765625,,Bullish,,7774.575050432071,7667.389192308952,7804.881166296041,-1,1,-1,-1,49.41843816419826,0,7992.0,7516.85009765625,-3.2094594594594628,2.9087968963479094,0
2016-05-06,7733.4501953125,7733.4501953125,7738.89990234375,7678.35009765625,7717.64990234375,163600,,7678.35009765625,7992.0,7516.85009765625,HL,Bullish,,7770.65839756354,7669.979819877719,7804.170410365857,-1,1,-1,-1,49.26918236370494,0,7992.0,7516.85009765625,-3.2351076662600065,2.881527432930797,0
2016-05-09,7866.0498046875,7866.0498046875,7873.64990234375,7753.5498046875,7755.25,160600,,,7992.0,7678.35009765625,,Bullish,,7779.743293480108,7677.668838889867,7804.786125732241,1,1,-1,1,58.08774285647865,1,7992.0,7516.85009765625,-1.5759533948010551,4.64555901068362,1
2016-05-10,7887.7998046875,7887.7998046875,7896.89990234375,7837.7001953125,7873.5498046875,162000,,,7992.0,7678.35009765625,,Bullish,,7790.034389785574,7685.9092689211475,7805.612132488016,1,1,-1,1,59.3363725377091,1,7992.0,7516.85009765625,-1.3038062476539047,4.9349089340881225,1
2016-05-11,7848.85009765625,7848.85009765625,7893.10009765625,7780.89990234375,7804.64990234375,214100,,,7992.0,7678.35009765625,,Bullish,,7795.6358857732575,7692.299105342133,7806.042360997153,1,1,-1,1,56.112472078236124,1,7992.0,7516.85009765625,-1.7911649442411193,4.416743658404432,1
2016-05-12,7900.39990234375,7900.39990234375,7916.0498046875,7849.64990234375,7871.4501953125,152700,,,7992.0,7678.35009765625,,Bullish,,7805.6134111609235,7700.459920910825,7806.981242005577,1,1,-1,1,59.26686628518754,1,7992.0,7663.35009765625,-1.146147368071193,3.0932921198523644,1
2016-05-13,7814.89990234375,7814.89990234375,7881.0,7784.2001953125,7881.0,179500,,,7992.0,7678.35009765625,,Bullish,,7806.497838892621,7704.9477633199585,7807.060034645758,1,1,-1,1,52.52383671513931,0,7992.0,7678.35009765625,-2.2159671878910214,1.778374298525165,1
2016-05-16,7860.75,7860.75,7873.89990234375,7772.14990234375,7831.2001953125,205200,,,7992.0,7678.35009765625,,Bullish,,7811.664711379038,7711.05765495447,7807.594263156745,1,1,-1,1,55.45095537321022,1,7992.0,7678.35009765625,-1.6422672672672722,2.3755090615030117,1
2016-05-17,7890.75,7890.75,7940.10009765625,7879.7001953125,7896.85009765625,183400,7940.10009765625,,7992.0,7678.35009765625,LH,Bearish,,7819.196643628653,7718.104413583707,7808.421683423842,1,1,-1,1,57.305766150847084,1,7992.0,7678.35009765625,-1.266891891891897,2.7662179979079493,1
2016-05-18,7870.14990234375,7870.14990234375,7882.0498046875,7810.75,7846.75,156400,,,7940.10009765625,7678.35009765625,,Bearish,,7824.049334934853,7724.066981770376,7809.035894557374,1,1,-1,1,55.594086367738576,1,7992.0,7678.35009765625,-1.5246508715746954,2.4979299230709184,1
2016-05-19,7783.39990234375,7783.39990234375,7876.2001953125,7766.7998046875,7875.5,170400,,,7940.10009765625,7678.35009765625,,Bearish,,7820.177960402367,7726.393762969332,7808.780810057737,-1,1,-1,-1,48.96175707783264,0,7992.0,7678.35009765625,-2.6101113320351588,1.368129915299976,1
2016-05-20,7749.7001953125,7749.7001953125,7812.39990234375,7735.75,7792.2001953125,157000,,,7940.10009765625,7678.35009765625,,Bearish,,7813.46579229857,7727.307740708279,7808.192943244351,-1,1,-1,-1,46.63428678023362,0,7992.0,7678.35009765625,-3.0317793379316837,0.9292373589220526,0
2016-05-23,7731.0498046875,7731.0498046875,7820.60009765625,7722.2001953125,7813.9501953125,172000,,,7940.10009765625,7678.35009765625,,Bearish,,7805.616650621325,7727.454488315308,7807.425349825875,-1,1,-1,-1,45.34945659731296,0,7992.0,7678.35009765625,-3.2651425839902437,0.6863415494343883,0
2016-05-24,7748.85009765625,7748.85009765625,7761.5498046875,7715.7998046875,7738.0498046875,147000,,7715.7998046875,7940.10009765625,7678.35009765625,HL,Bullish,,7800.210312243698,7728.293531818875,7806.842511495829,-1,1,-1,-1,46.854438550044044,0,7992.0,7678.35009765625,-3.04241619549237,0.9181660005515901,0
2016-05-25,7934.89990234375,7934.89990234375,7941.2001953125,7809.2998046875,7811.7998046875,176200,,,7940.10009765625,7715.7998046875,,Bullish,,7813.037892253227,7736.395742427693,7808.116714389838,1,1,-1,1,59.43002614902591,1,7992.0,7678.35009765625,-0.7144656863895094,3.3412100441448933,1
2016-05-26,8069.64990234375,8069.64990234375,8083.0,7948.5,7974.4501953125,264300,,,7940.10009765625,7715.7998046875,,Bullish,Bullish_BOS,7837.477131309468,7749.464533012637,7810.719034667987,1,1,-1,1,65.7511158406088,1,8083.0,7678.35009765625,-0.16516265812507314,5.096144350163723,1
2016-05-27,8156.64990234375,8156.64990234375,8164.2001953125,8077.0498046875,8081.9501953125,260900,,,7940.10009765625,7715.7998046875,,Bullish,Bullish_BOS,7867.874538074637,7765.432586711896,7814.1611328538165,1,1,-1,1,69.09875308712694,1,8164.2001953125,7678.35009765625,-0.09248049763753707,6.229200265738033,1
2016-05-30,8178.5,8178.5,8200.0,8150.7998046875,8166.5,247400,,,7940.10009765625,7715.7998046875,,Bullish,Bullish_BOS,7897.457915400862,7781.631308801626,7817.78639521348,1,1,-1,1,69.89464578322304,1,8200.0,7678.35009765625,-0.2621951219512142,6.513767879591947,1
2016-05-31,8160.10009765625,8160.10009765625,8213.599609375,8134.2998046875,8209.849609375,471000,,,7940.10009765625,7715.7998046875,,Bullish,Bullish_BOS,7922.4714565680415,7796.473222090042,7821.192501705449,1,1,-1,1,68.29934753280442,1,8213.599609375,7678.35009765625,-0.6513528083069153,6.274134337102577,1
2016-06-01,8179.9501953125,8179.9501953125,8215.349609375,8171.0498046875,8179.2001953125,194400,,,7940.10009765625,7715.7998046875,,Bullish,Bullish_BOS,7946.993241210371,7811.511534765434,7824.762230000047,1,1,-1,1,69.11824911271593,1,8215.349609375,7678.35009765625,-0.43089358025741875,6.5326546885295045,1
2016-06-02,8218.9501953125,8218.9501953125,8229.5,8154.75,8156.89990234375,181700,,,7940.10009765625,7715.7998046875,,Bullish,Bullish_BOS,7972.893903505811,7827.489521453554,7828.684498311613,1,1,-1,1,70.7186935471714,1,8229.5,7678.35009765625,-0.12819496552037846,7.040576305855906,1
2016-06-03,8220.7998046875,8220.7998046875,8262.0,8209.849609375,8246.2001953125,379000,,,7940.10009765625,7715.7998046875,,Bullish,Bullish_BOS,7996.503989332639,7842.913454129395,7832.586143151175,1,1,1,3,70.79599385275348,1,8262.0,7715.7998046875,-0.49867096722948645,6.545011700448766,1
2016-06-06,8201.0498046875,8201.0498046875,8234.7001953125,8186.0498046875,8228.75,171600,,,7940.10009765625,7715.7998046875,,Bullish,Bullish_BOS,8015.9845431759595,7856.95801689638,7836.252448241089,1,1,1,3,68.71014240653909,1,8262.0,7715.7998046875,-0.7377172030077483,6.289043421074791,1
2016-06-07,8266.4501953125,8266.4501953125,8294.9501953125,8216.400390625,8235.5498046875,241900,8294.9501953125,,7940.10009765625,7715.7998046875,HH,Bullish,Bullish_BOS,8039.838414808011,7873.016533697012,7840.533022838815,1,1,1,3,71.6851425884783,1,8294.9501953125,7715.7998046875,-0.34358253309472175,7.1366598999946795,1
2016-06-08,8273.0498046875,8273.0498046875,8288.900390625,8252.0498046875,8285.5,174300,,,8294.9501953125,7715.7998046875,,Bullish,,8062.049023367962,7888.704112951541,7844.8366724094485,1,1,1,3,71.97471423236502,1,8294.9501953125,7715.7998046875,-0.2640207609368894,7.222193604109051,1
2016-06-09,8203.599609375,8203.599609375,8273.349609375,8184.60009765625,8273.349609375,174900,,,8294.9501953125,7715.7998046875,,Bullish,,8075.5300315591085,7901.05295594854,7848.406452876768,1,1,1,3,64.49927971701456,1,8294.9501953125,7715.7998046875,-1.1012794988102814,6.322089958725363,1
2016-06-10,8170.0498046875,8170.0498046875,8265.599609375,8162.85009765625,8180.25,182200,,,8294.9501953125,7715.7998046875,,Bullish,,8084.531914714193,7911.601851977519,7851.606884238069,1,1,1,3,61.192856606717825,1,8294.9501953125,7715.7998046875,-1.5057400910686747,5.887270425601687,1
2016-06-13,8110.60009765625,8110.60009765625,8125.25,8063.89990234375,8102.25,169700,,8063.89990234375,8294.9501953125,7715.7998046875,HL,Bullish,,8087.014598803913,7919.405704749233,7854.1839311377535,1,1,1,3,55.740104576884356,1,8294.9501953125,7715.7998046875,-2.222437667683974,5.1167773006357775,1
2016-06-14,8108.85009765625,8108.85009765625,8134.9501953125,8069.5,8134.39990234375,145500,,,8294.9501953125,8063.89990234375,,Bullish,,8089.094170123183,7926.83489662794,7856.717922844406,1,1,1,3,55.58309333573103,1,8294.9501953125,7715.7998046875,-2.243534840768735,5.094096567020356,1
2016-06-15,8206.599609375,8206.599609375,8213.2001953125,8123.14990234375,8139.39990234375,169800,,,8294.9501953125,8063.89990234375,,Bullish,,8100.2851643376425,7937.806061833708,7860.199332660631,1,1,1,3,62.0187574210191,1,8294.9501953125,7715.7998046875,-1.0651129163792628,6.360971216351796,1
2016-06-16,8140.75,8140.75,8180.64990234375,8074.4501953125,8180.64990234375,189200,,,8294.9501953125,8063.89990234375,,Bullish,,8104.138958210248,7945.7646476441505,7862.990881589381,1,1,1,3,56.11968691046112,1,8294.9501953125,7715.7998046875,-1.8589646915497915,5.507532674115456,1
2016-06-17,8170.2001953125,8170.2001953125,8195.25,8135.7998046875,8176.64990234375,166600,,,8294.9501953125,8063.89990234375,,Bullish,,8110.430504600939,7954.56604167036,7866.047690681154,1,1,1,3,58.041876594775914,1,8294.9501953125,7715.7998046875,-1.503927052756704,5.889219551146763,1
2016-06-20,8238.5,8238.5,8244.150390625,8107.35009765625,8115.75,168600,,,8294.9501953125,8063.89990234375,,Bullish,,8122.627599400849,7965.700706702895,7869.753683808704,1,1,1,3,62.17966142233772,1,8294.9501953125,7715.7998046875,-0.6805368806722889,6.7744136517765785,1
2016-06-21,8219.900390625,8219.900390625,8257.25,8202.150390625,8255.400390625,137000,,,8294.9501953125,8063.89990234375,,Bullish,,8131.89167475553,7975.669321758664,7873.237730642697,1,1,1,3,60.43188047669673,1,8294.9501953125,7809.2998046875,-0.9047649825542181,5.257841243219263,1
2016-06-22,8203.7001953125,8203.7001953125,8238.349609375,8153.25,8213.650390625,136100,,,8294.9501953125,8063.89990234375,,Bullish,,8138.730581475242,7984.611708956854,7876.525914370755,1,1,1,3,58.8794801519845,1,8294.9501953125,7948.5,-1.100066882276951,3.2106711368497187,1
2016-06-23,8270.4501953125,8270.4501953125,8285.599609375,8188.2998046875,8201.150390625,154100,,,8294.9501953125,8063.89990234375,,Bullish,,8151.2753066026,7995.821061362958,7880.445558957241,1,1,1,3,63.08705643107745,1,8294.9501953125,8063.89990234375,-0.29536042318668576,2.5614193562685017,1
2016-06-24,8088.60009765625,8088.60009765625,8100.7001953125,7927.0498046875,8029.10009765625,297600,,7927.0498046875,8294.9501953125,8063.89990234375,LL,Bearish,,8145.3062390838995,7999.459454943087,7882.516748397033,-1,1,1,1,48.52079083764912,0,8294.9501953125,7927.0498046875,-2.487659272178133,2.0379623813290504,1
2016-06-27,8094.7001953125,8094.7001953125,8120.64990234375,8039.35009765625,8039.35009765625,162500,,,8294.9501953125,7927.0498046875,,Bearish,,8140.486615867576,8003.194385937966,7884.628026475794,-1,1,1,1,48.946624854561215,0,8294.9501953125,7927.0498046875,-2.4141193772707847,2.114915318506805,1
2016-06-28,8127.85009765625,8127.85009765625,8146.35009765625,8086.85009765625,8096.0498046875,170400,,,8294.9501953125,7927.0498046875,,Bearish,,8139.283137942688,8008.082845221037,7887.048146587043,-1,1,1,1,51.304016682735124,0,8294.9501953125,7927.0498046875,-2.0144798187055835,2.5331024519362977,1
2016-06-29,8204.0,8204.0,8212.400390625,8157.64990234375,8173.10009765625,147000,,,8294.9501953125,7927.0498046875,,Bearish,,8145.446648614813,8015.765870898644,7890.201896372248,1,1,1,3,56.29628017279242,1,8294.9501953125,7927.0498046875,-1.096452578629059,3.4937360321456667,1
2016-06-30,8287.75,8287.75,8308.150390625,8242.099609375,8260.25,279400,,,8294.9501953125,7927.0498046875,,Bearish,,8158.999348746735,8026.431915177129,7894.157598895907,1,1,1,3,61.02837095421937,1,8308.150390625,7927.0498046875,-0.2455467181723181,4.5502451000018596,1
2016-07-01,8328.349609375,8328.349609375,8356.75,8308.650390625,8313.0498046875,165500,,,8294.9501953125,7927.0498046875,,Bearish,Bullish_BOS,8175.127944997046,8038.271824753516,7898.477917408137,1,1,1,3,63.113458637354995,1,8356.75,7927.0498046875,-0.33984970981542073,5.062410538283735,1
2016-07-04,8370.7001953125,8370.7001953125,8398.4501953125,8364.7001953125,8376.75,154200,,,8294.9501953125,7927.0498046875,,Bearish,Bullish_BOS,8193.753873598518,8051.3082314421035,7903.176646541514,1,1,1,3,65.204765589052,1,8398.4501953125,7927.0498046875,-0.3304181051819288,5.596664604814983,1
2016-07-05,8335.9501953125,8335.9501953125,8381.4501953125,8319.9501953125,8379.2998046875,139000,,,8294.9501953125,7927.0498046875,,Bearish,Bullish_BOS,8207.29638042842,8062.470661397806,7907.482851006897,1,1,1,3,62.09391633615362,1,8398.4501953125,7927.0498046875,-0.7441849215809371,5.158292185614943,1
2016-07-07,8337.900390625,8337.900390625,8361.9501953125,8317.7001953125,8342.0,155500,,,8294.9501953125,7927.0498046875,,Bearish,Bullish_BOS,8219.73485759,8073.271827249853,7911.765612595137,1,1,1,3,62.20290117272061,1,8398.4501953125,7927.0498046875,-0.720964026449733,5.182893965098478,1
2016-07-08,8323.2001953125,8323.2001953125,8353.2998046875,8287.5498046875,8350.0,137900,,,8294.9501953125,7927.0498046875,,Bearish,Bullish_BOS,8229.588699277858,8083.072939722899,7915.859489040086,1,1,1,3,60.784242716940724,1,8398.4501953125,7927.0498046875,-0.8959986455834401,4.997450506627876,1
2016-07-11,8467.900390625,8467.900390625,8475.25,8407.0498046875,8413.349609375,149800,,,8294.9501953125,7927.0498046875,,Bearish,Bullish_BOS,8252.285050834727,8098.164212307295,7921.352433334465,1,1,1,3,68.41940417423773,1,8475.25,7927.0498046875,-0.08671849650452312,6.82284833908422,1
2016-07-12,8521.0498046875,8521.0498046875,8526.599609375,8479.2001953125,8502.599609375,183600,,,8294.9501953125,7927.0498046875,,Bearish,Bullish_BOS,8277.8816940588,8114.747961028088,7927.319571357879,1,1,1,3,70.6776462518675,1,8526.599609375,7927.0498046875,-0.06508813526787671,7.493329985750186,1
2016-07-13,8519.5,8519.5,8550.25,8493.5498046875,8540.4501953125,195500,,,8294.9501953125,7927.0498046875,,Bearish,Bullish_BOS,8300.892961291294,8130.620590007379,7933.211913931433,1,1,1,3,70.51929506948088,1,8550.25,7927.0498046875,-0.3596386070582769,7.473779147472581,1
2016-07-14,8565.0,8565.0,8571.400390625,8500.7001953125,8515.75,153900,,,8294.9501953125,7927.0498046875,,Bearish,Bullish_BOS,8326.046012596886,8147.655076673756,7939.49836254903,1,1,1,3,72.46946725520404,1,8571.400390625,7927.0498046875,-0.07467146946023018,8.047763178367573,1
2016-07-15,8541.400390625,8541.400390625,8594.7998046875,8510.0498046875,8565.4501953125,221700,8594.7998046875,,8294.9501953125,7927.0498046875,HH,Bullish,Bullish_BOS,8346.555953361467,8163.096069377727,7945.487437455259,1,1,1,3,69.88714467680774,1,8594.7998046875,7927.0498046875,-0.6212991026664394,7.750053312068461,1
2016-07-18,8508.7001953125,8508.7001953125,8587.099609375,8494.349609375,8564.0498046875,164300,,,8594.7998046875,7927.0498046875,,Bullish,,8361.998262118708,8176.649172355561,7951.091544498615,1,1,1,3,66.35869848614367,1,8594.7998046875,7927.0498046875,-1.0017639890581576,7.337539247969049,1
2016-07-19,8528.5498046875,8528.5498046875,8540.0498046875,8476.7001953125,8514.2998046875,167900,,8476.7001953125,8594.7998046875,7927.0498046875,HL,Bullish,,8377.860313791927,8190.449197152891,7956.837397833829,1,1,1,3,67.4335367031506,1,8594.7998046875,7927.0498046875,-0.7708149288581212,7.58794273809551,1
2016-07-20,8565.849609375,8565.849609375,8569.900390625,8512.5498046875,8515.4501953125,160300,,,8594.7998046875,8476.7001953125,,Bullish,,8395.76405622841,8205.170781945915,7962.897220834239,1,1,1,3,69.41128414803856,1,8594.7998046875,7927.0498046875,-0.3368338526827719,8.0584810292192,1
2016-07-21,8510.099609375,8510.099609375,8585.25,8503.4501953125,8582.7001953125,150000,,,8594.7998046875,8476.7001953125,,Bullish,,8406.653156528086,8217.128775178428,7968.342020720218,1,1,1,3,63.23041869113478,1,8594.7998046875,7927.0498046875,-0.9854818871558257,7.3551929034522345,1
2016-07-22,8541.2001953125,8541.2001953125,8548.9501953125,8489.7998046875,8519.650390625,143200,,,8594.7998046875,8476.7001953125,,Bullish,,8419.46716022184,8229.83745832094,7974.042102059445,1,1,1,3,65.09758528393633,1,8594.7998046875,7927.0498046875,-0.6236283635805862,7.747527841465485,1
2016-07-25,8635.650390625,8635.650390625,8641.150390625,8517.2001953125,8519.9501953125,150000,,,8594.7998046875,8476.7001953125,,Bullish,Bullish_BOS,8440.056039307856,8245.751690960316,7980.625269109849,1,1,1,3,70.06855424074165,1,8641.150390625,8039.35009765625,-0.06364893273894667,7.417269875367061,1
2016-07-26,8590.650390625,8590.650390625,8644.900390625,8577.150390625,8633.75,154800,,,8594.7998046875,8476.7001953125,,Bullish,,8454.398358480918,8259.277130162853,7986.695170816468,1,1,1,3,65.29686406108999,1,8644.900390625,8086.85009765625,-0.627537594982952,6.229870553860795,1
2016-07-27,8615.7998046875,8615.7998046875,8665.0,8572.0498046875,8599.400390625,184100,,,8594.7998046875,8476.7001953125,,Bullish,Bullish_BOS,8469.769924786306,8273.258411516761,7992.954918417175,1,1,1,3,66.66324696532759,1,8665.0,8157.64990234375,-0.5678037543277559,5.616199614206541,1
2016-07-28,8666.2998046875,8666.2998046875,8674.7001953125,8625.25,8636.9501953125,233500,,,8594.7998046875,8476.7001953125,,Bullish,Bullish_BOS,8488.487056205468,8288.671799484242,7999.654867534293,1,1,1,3,69.27894726569207,1,8674.7001953125,8242.099609375,-0.09683782074151326,5.146749195192846,1
2016-07-29,8638.5,8638.5,8670.349609375,8631.150390625,8668.2998046875,157000,,,8594.7998046875,8476.7001953125,,Bullish,Bullish_BOS,8502.774003233519,8302.390552445644,8006.011535519026,1,1,1,3,66.19962417647706,1,8674.7001953125,8287.5498046875,-0.41730773971948576,4.2346677073843875,1
2016-08-01,8636.5498046875,8636.5498046875,8711.2998046875,8590.5,8654.2998046875,188400,,,8594.7998046875,8476.7001953125,,Bullish,Bullish_BOS,8515.514555752945,8315.494836847285,8012.285548147569,1,1,1,3,65.97807269893848,1,8711.2998046875,8287.5498046875,-0.858080902688918,4.211136080323796,1
2016-08-02,8622.900390625,8622.900390625,8687.2001953125,8611.400390625,8647.4501953125,169400,,,8594.7998046875,8476.7001953125,,Bullish,Bullish_BOS,8525.741778121712,8327.549956603274,8018.361317724459,1,1,1,3,64.35469364634265,1,8711.2998046875,8287.5498046875,-1.014767210915335,4.046438257877183,1
2016-08-03,8544.849609375,8544.849609375,8635.4501953125,8529.599609375,8635.2001953125,163000,,,8594.7998046875,8476.7001953125,,Bullish,,8527.561571574406,8336.07151161393,8023.60000719362,1,1,1,3,55.886764604878216,1,8711.2998046875,8287.5498046875,-1.9107389143343978,3.104654701947851,1
2016-08-04,8551.099609375,8551.099609375,8601.400390625,8518.150390625,8599.9501953125,164700,,8518.150390625,8594.7998046875,8476.7001953125,HL,Bullish,,8529.803289460177,8344.503986035934,8028.848759454132,1,1,1,3,56.38170524091764,1,8711.2998046875,8287.5498046875,-1.838993019460733,3.180069030033872,1
2016-08-05,8683.150390625,8683.150390625,8689.400390625,8590.150390625,8600.2001953125,157900,,,8594.7998046875,8518.150390625,,Bullish,Bullish_BOS,8544.407775285397,8357.78423719629,8035.359223445882,1,1,1,3,65.25235150640026,1,8711.2998046875,8407.0498046875,-0.32313678433329995,3.2841554689441166,1
2016-08-08,8711.349609375,8711.349609375,8723.5,8697.599609375,8712.849609375,172600,,,8594.7998046875,8518.150390625,,Bullish,Bullish_BOS,8560.306997579646,8371.649545909182,8042.085495942689,1,1,1,3,66.80488692098218,1,8723.5,8476.7001953125,-0.1392834369805751,2.768169318908531,1
2016-08-09,8678.25,8678.25,8728.349609375,8638.2001953125,8727.7998046875,200100,8728.349609375,,8594.7998046875,8518.150390625,HH,Bullish,Bullish_BOS,8571.539664476823,8383.67309312843,8048.415491007936,1,1,1,3,63.233524220057525,1,8728.349609375,8476.7001953125,-0.5739871982349154,2.3776917909513307,1
2016-08-10,8575.2998046875,8575.2998046875,8690.099609375,8564.599609375,8686.7001953125,173600,,,8728.349609375,8518.150390625,,Bullish,,8571.897773068315,8391.187866130746,8053.658120994798,1,1,1,3,53.63015235937917,0,8728.349609375,8476.7001953125,-1.7534793120925318,1.1631838699394326,1
2016-08-11,8592.150390625,8592.150390625,8601.150390625,8540.0498046875,8572.7998046875,189200,,,8728.349609375,8518.150390625,,Bullish,,8573.826593787999,8399.068749444246,8059.01625303092,1,1,1,3,54.83911076438559,0,8728.349609375,8476.7001953125,-1.5604235032440794,1.3619709633749144,1
2016-08-16,8642.5498046875,8642.5498046875,8682.349609375,8600.4501953125,8670.25,224800,,,8728.349609375,8518.150390625,,Bullish,,8580.371661492713,8408.617026120452,8064.822557027503,1,1,1,3,58.33785711043997,1,8728.349609375,8476.7001953125,-0.9830014667989828,1.9565350378524915,1
2016-08-17,8624.0498046875,8624.0498046875,8667.099609375,8603.599609375,8639.7998046875,174100,,,8728.349609375,8518.150390625,,Bullish,,8584.53148465412,8417.065370377983,8070.387007252975,1,1,1,3,56.604330333898496,1,8728.349609375,8476.7001953125,-1.1949544800024192,1.7382897351552185,1
2016-08-18,8673.25,8673.25,8690.7001953125,8645.0498046875,8648.849609375,164300,,,8728.349609375,8518.150390625,,Bullish,,8592.980867068014,8427.11182644159,8076.385643996727,1,1,1,3,60.00789587568352,1,8728.349609375,8489.7998046875,-0.631271796398003,2.160830638329192,1
2016-08-19,8666.900390625,8666.900390625,8696.599609375,8647.099609375,8694.2998046875,191900,8696.599609375,,8728.349609375,8518.150390625,LH,Bearish,,8600.02082169249,8436.515299546823,8082.261412619894,1,1,1,3,59.36082402155887,1,8728.349609375,8489.7998046875,-0.7040187607058934,2.0860396006006754,1
2016-08-22,8629.150390625,8629.150390625,8684.849609375,8614.0,8667.0,152300,,,8696.599609375,8518.150390625,,Bearish,,8602.795066352728,8444.069616844006,8087.703093993079,1,1,1,3,55.527241299969546,1,8728.349609375,8489.7998046875,-1.1365174768372177,1.6413883618381586,1
2016-08-23,8632.599609375,8632.599609375,8642.150390625,8580.0,8628.349609375,187500,,,8696.599609375,8518.150390625,,Bearish,,8605.633594259612,8451.462949884437,8093.124949867527,1,1,1,3,55.80806669925259,1,8728.349609375,8517.2001953125,-1.0970000548231496,1.3548984574298428,1
2016-08-24,8650.2998046875,8650.2998046875,8661.0498046875,8620.900390625,8648.5,149600,,,8696.599609375,8518.150390625,,Bearish,,8609.88751906227,8459.260473602204,8098.668978273696,1,1,1,3,57.2982178391581,1,8728.349609375,8518.150390625,-0.8942103396461953,1.5513862517377408,1
2016-08-25,8592.2001953125,8592.2001953125,8683.0498046875,8583.650390625,8668.849609375,213100,,,8696.599609375,8518.150390625,,Bearish,,8608.20301203848,8464.473796022216,8103.579736652192,-1,1,1,1,51.195805674275256,0,8728.349609375,8518.150390625,-1.5598528949420598,0.8693178834808801,1
2016-08-26,8572.5498046875,8572.5498046875,8622.9501953125,8547.5498046875,8614.349609375,147500,,,8696.599609375,8518.150390625,,Bearish,,8604.807468481244,8468.712070871836,8108.246105488364,-1,1,1,1,49.283977605889966,0,8728.349609375,8518.150390625,-1.7849858410822317,0.6386294156343064,1
2016-08-29,8607.4501953125,8607.4501953125,8622.0,8543.75,8583.75,129700,,8543.75,8696.599609375,8518.150390625,HL,Bullish,,8605.059156750887,8474.152781634215,8113.213310362237,1,1,1,3,52.66494600460881,0,8728.349609375,8518.150390625,-1.3851348705446354,1.048347359372559,1
2016-08-30,8744.349609375,8744.349609375,8750.599609375,8642.25,8646.75,150200,,,8696.599609375,8543.75,,Bullish,Bullish_BOS,8618.32491414366,8484.748735663266,8119.493273536494,1,1,1,3,63.06601691772915,1,8750.599609375,8518.150390625,-0.071423676993565,2.6554968904863863,1
2016-08-31,8786.2001953125,8786.2001953125,8819.2001953125,8754.0498046875,8754.0498046875,362200,,,8696.599609375,8543.75,,Bullish,Bullish_BOS,8634.313036159741,8496.570361531865,8126.127173255659,1,1,1,3,65.5575884979794,1,8819.2001953125,8518.150390625,-0.37418359113267075,3.1468076095781727,1
2016-09-01,8774.650390625,8774.650390625,8813.25,8759.9501953125,8793.599609375,238900,,,8696.599609375,8543.75,,Bullish,Bullish_BOS,8647.678498489766,8507.475460711988,8132.580140592668,1,1,1,3,64.26902241078822,1,8819.2001953125,8518.150390625,-0.5051456334008497,3.011217086309048,1
2016-09-02,8809.650390625,8809.650390625,8824.099609375,8768.2001953125,8796.349609375,191500,,,8696.599609375,8543.75,,Bullish,Bullish_BOS,8663.104392978836,8519.32545796348,8139.317158005925,1,1,1,3,66.42282534674719,1,8824.099609375,8518.150390625,-0.163747230761635,3.4221044080276153,1
2016-09-06,8943.0,8943.0,8950.849609375,8848.4501953125,8852.7001953125,195600,,,8696.599609375,8543.75,,Bullish,Bullish_BOS,8689.761117457041,8535.94014588648,8147.314002204872,1,1,1,3,73.08067051392763,1,8950.849609375,8540.0498046875,-0.0876968077620055,4.718358844831649,1
2016-09-07,8917.9501953125,8917.9501953125,8968.7001953125,8913.349609375,8968.7001953125,290100,8968.7001953125,,8696.599609375,8543.75,HH,Bullish,Bullish_BOS,8711.493410586132,8550.92093213848,8154.982024026839,1,1,1,3,70.26223076497061,1,8968.7001953125,8540.0498046875,-0.565856800816289,4.425037315561986,1
2016-09-08,8952.5,8952.5,8960.349609375,8896.0,8915.5,217200,,,8968.7001953125,8543.75,,Bullish,,8734.446419101738,8566.669130878148,8162.917526275329,1,1,1,3,71.8734289279262,1,8968.7001953125,8540.0498046875,-0.1806303584656277,4.829599413882946,1
2016-09-09,8866.7001953125,8866.7001953125,8939.150390625,8858.7001953125,8934.2998046875,175900,,,8968.7001953125,8543.75,,Bullish,,8747.042016836096,8578.435054973614,8169.920338902564,1,1,1,3,62.77708078641049,1,8968.7001953125,8540.0498046875,-1.137288545482995,3.824923719364093,1
2016-09-12,8715.599609375,8715.599609375,8746.9501953125,8699.400390625,8732.9501953125,184500,,,8968.7001953125,8543.75,,Bullish,,8744.047501839801,8583.814057107002,8175.349983384877,-1,1,1,1,50.625504770359576,0,8968.7001953125,8540.0498046875,-2.822043110213268,2.055606333714155,1
2016-09-14,8726.599609375,8726.599609375,8739.849609375,8688.900390625,8710.650390625,184300,,8688.900390625,8968.7001953125,8543.75,HL,Bullish,,8742.385797795534,8589.413490529278,8180.835054290252,-1,1,1,1,51.363586162897285,0,8968.7001953125,8543.75,-2.6993943455043135,2.140156364301382,1
2016-09-15,8742.5498046875,8742.5498046875,8751.9501953125,8704.349609375,8743.849609375,145400,,,8968.7001953125,8688.900390625,,Bullish,,8742.40141749953,8595.418836182542,8186.424255786742,1,1,1,3,52.47301601325915,0,8968.7001953125,8543.75,-2.5215514589639,2.326844824433061,1
2016-09-16,8779.849609375,8779.849609375,8847.650390625,8750.5,8780.849609375,265800,,,8968.7001953125,8688.900390625,,Bullish,,8745.96791196386,8602.651415523424,8192.328985673194,1,1,1,3,55.054951523520266,1,8968.7001953125,8543.75,-2.1056628254359833,2.7634189831748257,1
2016-09-19,8808.400390625,8808.400390625,8824.2998046875,8774.2001953125,8788.4501953125,131700,,,8968.7001953125,8688.900390625,,Bullish,,8751.91386231254,8610.72000278231,8198.459049404057,1,1,1,3,56.98140056009982,1,8968.7001953125,8543.75,-1.7873248207279868,3.0975905267007997,1
2016-09-20,8775.900390625,8775.900390625,8816.4501953125,8759.2998046875,8816.099609375,136500,,,8968.7001953125,8688.900390625,,Bullish,,8754.198293580394,8617.19766505065,8204.204734391331,1,1,1,3,54.13681861243859,0,8968.7001953125,8543.75,-2.1496961710044338,2.7171955010973026,1
2016-09-21,8777.150390625,8777.150390625,8826.849609375,8757.2998046875,8790.2998046875,148800,,,8968.7001953125,8688.900390625,,Bullish,,8756.384207584642,8623.470320955526,8209.905686194652,1,1,1,3,54.23145622156582,0,8968.7001953125,8543.75,-2.1357588113784187,2.7318260790051285,1
2016-09-22,8867.4501953125,8867.4501953125,8893.349609375,8837.7998046875,8873.349609375,172800,8893.349609375,,8968.7001953125,8688.900390625,LH,Bearish,,8766.96192070158,8633.038159165604,8216.44841762866,1,1,1,3,60.562438753537684,1,8968.7001953125,8543.75,-1.128926129707386,3.7887367410387673,1
2016-09-23,8831.5498046875,8831.5498046875,8885.2001953125,8820.2998046875,8880.75,185900,,,8893.349609375,8688.900390625,,Bearish,,8773.11314774786,8640.822929578228,8222.568829440192,1,1,1,3,57.1762089831419,1,8968.7001953125,8543.75,-1.5292114535914725,3.3685419714703624,1
2016-09-26,8723.0498046875,8723.0498046875,8809.5498046875,8715.099609375,8807.900390625,164000,,,8893.349609375,8688.900390625,,Bearish,,8768.345210313539,8644.047512915846,8227.548739641657,-1,1,1,1,48.373165895617895,0,8968.7001953125,8543.75,-2.738974269129757,2.0986078090709626,1
2016-09-27,8706.400390625,8706.400390625,8768.5,8690.5,8748.900390625,151400,,,8893.349609375,8688.900390625,,Bearish,,8762.445703676534,8646.492723806401,8232.313432686267,-1,1,1,1,47.17293643794207,0,8968.7001953125,8543.75,-2.924613366210982,1.9037353694220993,1
2016-09-28,8745.150390625,8745.150390625,8767.0498046875,8703.150390625,8711.2001953125,165500,,,8893.349609375,8688.900390625,,Bearish,,8760.798531004959,8650.361651916935,8237.416287989141,-1,1,1,1,50.26587764322637,0,8968.7001953125,8642.25,-2.4925552178044597,1.1906666738985772,1
2016-09-29,8591.25,8591.25,8800.650390625,8558.25,8792.7001953125,372900,,,8893.349609375,8688.900390625,,Bearish,Bearish_BOS,8744.651051861629,8648.043547920193,8240.937021441985,-1,1,1,1,40.199215924920736,-1,8968.7001953125,8558.25,-4.208527290384556,0.3855928490053451,0
2016-09-30,8611.150390625,8611.150390625,8637.150390625,8555.2001953125,8581.5,181700,,8555.2001953125,8893.349609375,8688.900390625,LL,Bearish,Bearish_BOS,8731.936703172427,8646.596757438028,8244.620736558234,-1,1,1,1,41.821697642845464,-1,8968.7001953125,8555.2001953125,-3.9866401697134846,0.6539904857300272,0
2016-10-03,8738.099609375,8738.099609375,8745.2001953125,8635.0,8666.150390625,137300,,,8893.349609375,8555.2001953125,,Bearish,,8732.523646620291,8650.18510457281,8249.5309740987,1,1,1,3,50.96196869553819,0,8968.7001953125,8555.2001953125,-2.5711706369449527,2.137874157085329,1
2016-10-04,8769.150390625,8769.150390625,8783.650390625,8736.099609375,8770.0,184300,,,8893.349609375,8555.2001953125,,Bearish,,8736.011907954073,8654.850409908191,8254.701316551698,1,1,1,3,52.91068054907181,0,8968.7001953125,8555.2001953125,-2.224957912984926,2.5008204416972823,1
2016-10-05,8743.9501953125,8743.9501953125,8806.9501953125,8731.400390625,8806.349609375,157200,8806.9501953125,,8893.349609375,8555.2001953125,LH,Bearish,,8736.767935321543,8658.344519139731,8259.56946459907,1,1,1,3,51.13466772636224,0,8968.7001953125,8555.2001953125,-2.5059372607578734,2.2062604695494814,1
2016-10-06,8709.5498046875,8709.5498046875,8781.150390625,8684.650390625,8768.7001953125,163600,,,8806.9501953125,8555.2001953125,,Bearish,,8734.175732404015,8660.35256955337,8264.046880918357,-1,1,1,1,48.73006206789051,0,8960.349609375,8555.2001953125,-2.7989957492852047,1.8041612802885743,1
2016-10-07,8697.599609375,8697.599609375,8723.7001953125,8663.7998046875,8721.7001953125,150400,,,8806.9501953125,8555.2001953125,,Bearish,,8730.692292115538,8661.81323778167,8268.360838415438,-1,1,1,1,47.88760485095271,0,8939.150390625,8555.2001953125,-2.702167104195141,1.6644778709038466,1
2016-10-10,8708.7998046875,8708.7998046875,8745.7998046875,8703.9501953125,8735.349609375,108400,,,8806.9501953125,8555.2001953125,,Bearish,,8728.607293312869,8663.655848248563,8272.743315691776,-1,1,1,1,48.78135120606787,0,8893.349609375,8555.2001953125,-2.075143931066814,1.7953946823963118,1
2016-10-13,8573.349609375,8573.349609375,8681.5498046875,8541.349609375,8671.5,212300,,,8806.9501953125,8555.2001953125,,Bearish,,8713.820847223547,8660.114427116267,8275.73442309161,-1,1,1,1,39.87478456269487,-1,8893.349609375,8541.349609375,-3.5981943143522543,0.3746480528659779,0
2016-10-14,8583.400390625,8583.400390625,8604.4501953125,8549.7998046875,8594.0,162800,,,8806.9501953125,8555.2001953125,,Bearish,,8701.399851357019,8657.106033528375,8278.79577600239,-1,1,1,1,40.73940868025695,-1,8893.349609375,8541.349609375,-3.4851797395130446,0.4923201036501901,0
2016-10-17,8520.400390625,8520.400390625,8615.400390625,8506.150390625,8612.9501953125,197400,,8506.150390625,8806.9501953125,8555.2001953125,LL,Bearish,Bearish_BOS,8684.161807477778,8651.745027924322,8281.199802018535,-1,1,1,1,37.13465567029004,-1,8893.349609375,8506.150390625,-4.193574245151144,0.16752584125134806,0
2016-10-18,8677.900390625,8677.900390625,8685.099609375,8555.900390625,8556.0498046875,216600,,,8806.9501953125,8506.150390625,,Bearish,,8683.565482063228,8652.770728422387,8285.147071556908,-1,1,1,1,49.229424464301935,0,8893.349609375,8506.150390625,-2.4225879810558903,2.0191272445558184,1
2016-10-19,8659.099609375,8659.099609375,8698.75,8636.7001953125,8697.5,172100,,,8806.9501953125,8506.150390625,,Bearish,,8681.235398950064,8653.018919832293,8288.86799233122,-1,1,1,1,48.04124899046458,0,8893.349609375,8506.150390625,-2.6339906816781777,1.7981015115671184,1
2016-10-20,8699.400390625,8699.400390625,8727.0,8678.2998046875,8693.349609375,161000,,,8806.9501953125,8506.150390625,,Bearish,,8682.965398157201,8654.83780103985,8292.952891816729,1,1,1,3,50.78338993978899,0,8893.349609375,8506.150390625,-2.1808343005603525,2.2718855313561104,1
2016-10-21,8693.0498046875,8693.0498046875,8709.099609375,8652.0498046875,8708.599609375,157300,,,8806.9501953125,8506.150390625,,Bearish,,8683.925817826754,8656.336310986817,8296.933955626388,1,1,1,3,50.33260901547296,0,8893.349609375,8506.150390625,-2.252242557476347,2.1972267768565423,1
2016-10-24,8708.9501953125,8708.9501953125,8736.9501953125,8684.150390625,8709.849609375,157100,8736.9501953125,,8806.9501953125,8506.150390625,LH,Bearish,,8686.309091873016,8658.399600568217,8301.033619702868,1,1,1,3,51.49358098848052,0,8885.2001953125,8506.150390625,-1.983635665215322,2.3841549393602834,1
2016-10-25,8691.2998046875,8691.2998046875,8722.650390625,8663.4501953125,8721.7001953125,189800,,,8736.9501953125,8506.150390625,,Bearish,,8686.784397855348,8659.689804651327,8304.916865324607,1,1,1,3,50.09378279836442,0,8809.5498046875,8506.150390625,-1.3422933364549472,2.1766534279309413,1
2016-10-26,8615.25,8615.25,8657.2998046875,8596.599609375,8657.2998046875,219300,,,8736.9501953125,8506.150390625,,Bearish,,8679.971598059601,8657.94706721402,8308.004757211926,-1,1,1,1,44.48286909826992,-1,8806.9501953125,8506.150390625,-2.1766921699470143,1.2825967607537736,1
2016-10-27,8615.25,8615.25,8624.849609375,8550.25,8607.099609375,242800,,,8736.9501953125,8506.150390625,,Bearish,,8673.80763633964,8656.272672421313,8311.061923806832,-1,1,1,1,44.48286909826993,-1,8806.9501953125,8506.150390625,-2.1766921699470143,1.2825967607537736,1
2016-10-28,8638.0,8638.0,8653.75,8581.75,8625.0,175500,,,8736.9501953125,8506.150390625,,Bearish,,8670.397385259674,8655.556097032242,8314.315038992834,-1,1,1,1,46.55956271729324,0,8806.9501953125,8506.150390625,-1.918373461478451,1.5500502967866314,1
2016-11-01,8626.25,8626.25,8669.599609375,8614.5,8653.150390625,165000,,,8736.9501953125,8506.150390625,,Bearish,,8666.1928723778,8654.406838325094,8317.418869450617,-1,1,1,1,45.610593153189775,0,8806.9501953125,8506.150390625,-2.0517908164017773,1.411914954000415,1
2016-11-02,8514.0,8514.0,8549.5,8504.849609375,8542.7998046875,155300,,,8736.9501953125,8506.150390625,,Bearish,,8651.698313103723,8648.900687802541,8319.374900600362,-1,1,1,1,37.70438237370262,-1,8806.9501953125,8504.849609375,-3.326352355988371,0.10759026961408846,0
2016-11-03,8484.9501953125,8484.9501953125,8537.650390625,8476.150390625,8499.849609375,170500,,,8736.9501953125,8506.150390625,,Bearish,Bearish_BOS,8635.81753998075,8642.4712567245,8321.022415970632,-1,-1,1,-1,35.966797647602206,-1,8806.9501953125,8476.150390625,-3.656203258324142,0.10381841144810888,0
2016-11-04,8433.75,8433.75,8504.0,8400.25,8503.599609375,224800,,,8736.9501953125,8506.150390625,,Bearish,Bearish_BOS,8616.573012363535,8634.286109401972,8322.144083473411,-1,-1,1,-1,33.07378003785685,-1,8806.9501953125,8400.25,-4.23756450344338,0.39879765483170626,0
2016-11-07,8497.0498046875,8497.0498046875,8535.849609375,8481.4501953125,8535.75,172800,,,8736.9501953125,8506.150390625,,Bearish,Bearish_BOS,8605.189849727722,8628.904293530817,8323.884438908377,-1,-1,1,-1,39.547837939879216,-1,8781.150390625,8400.25,-3.2353458635763,1.1523443312698944,0
2016-11-08,8543.5498046875,8543.5498046875,8559.400390625,8480.099609375,8540.0,195700,,,8736.9501953125,8506.150390625,,Bearish,,8599.3193692477,8625.557058674216,8326.070163941005,-1,-1,1,-1,43.8452044912429,-1,8745.7998046875,8400.25,-2.312538641595707,1.7058992849915189,1
2016-11-09,8432.0,8432.0,8476.2001953125,8002.25,8067.5,314300,,8002.25,8736.9501953125,8506.150390625,LL,Bearish,Bearish_BOS,8583.38419122411,8617.96658578503,8327.124192160498,-1,-1,1,-1,37.04237044520329,-1,8745.7998046875,8002.25,-3.588005805018679,5.370364584960474,0
2016-11-10,8525.75,8525.75,8598.4501953125,8510.7001953125,8555.599609375,263100,8598.4501953125,,8736.9501953125,8002.25,LH,Bearish,,8577.895220631337,8614.350249087578,8329.100568357906,-1,-1,1,-1,44.79475431365226,-1,8736.9501953125,8002.25,-2.4173217265884395,6.541910087787817,1
2016-11-11,8296.2998046875,8296.2998046875,8460.599609375,8284.9501953125,8456.650390625,266900,,,8598.4501953125,8002.25,,Bearish,,8551.076609589067,8601.877682640517,8328.77419259999,-1,-1,1,-1,33.818711414409265,-1,8736.9501953125,8002.25,-5.0435264110972655,3.6745890804148917,0
2016-11-15,8108.4501953125,8108.4501953125,8288.5498046875,8093.2001953125,8284.849609375,359200,,,8598.4501953125,8002.25,,Bearish,,8508.921712991298,8582.527585098243,8326.581914020016,-1,-1,1,-1,27.810627692280292,-1,8736.9501953125,8002.25,-7.1935857015323235,1.3271291863226065,-1
2016-11-16,8111.60009765625,8111.60009765625,8210.0498046875,8089.39990234375,8205.650390625,269500,,,8598.4501953125,8002.25,,Bearish,,8471.081559149865,8564.059840492675,8324.442791469133,-1,-1,1,-1,28.04147915164596,-1,8736.9501953125,8002.25,-7.157533048451614,1.366491894857691,-1
2016-11-17,8079.9501953125,8079.9501953125,8151.25,8060.2998046875,8105.10009765625,191300,,,8598.4501953125,8002.25,,Bearish,,8433.830953070115,8545.075148524824,8322.01002931832,-1,-1,1,-1,27.10360120178528,-1,8736.9501953125,8002.25,-7.519786485134028,0.9709793534630862,-1
2016-11-18,8074.10009765625,8074.10009765625,8128.9501953125,8048.2998046875,8097.5498046875,161200,,,8598.4501953125,8002.25,,Bearish,,8399.570871602129,8526.605538686841,8319.543263829146,-1,-1,1,-1,26.924348366764008,-1,8736.9501953125,8002.25,-7.5867446058222825,0.8978736937267584,-1
2016-11-21,7929.10009765625,7929.10009765625,8102.4501953125,7916.39990234375,8102.10009765625,218800,,7916.39990234375,8598.4501953125,8002.25,LL,Bearish,Bearish_BOS,8354.764131226331,8503.173952764073,8315.658257200561,-1,-1,1,-1,22.884460721988447,-1,8736.9501953125,7916.39990234375,-9.246362627655513,0.16042892563752353,-1
2016-11-22,8002.2998046875,8002.2998046875,8019.0498046875,7938.14990234375,7989.14990234375,210200,,,8598.4501953125,7916.39990234375,,Bearish,,8321.196100127394,8483.53182931009,8312.540262648192,-1,-1,1,-1,28.70061469785614,-1,8736.9501953125,7916.39990234375,-8.408545020883263,1.085087961742781,-1
2016-11-23,8033.2998046875,8033.2998046875,8055.2001953125,7973.10009765625,8051.2001953125,181000,,,8598.4501953125,7916.39990234375,,Bearish,,8293.777405323595,8465.875671481754,8309.761750628684,-1,-1,1,-1,31.071601929295568,-1,8722.650390625,7916.39990234375,-7.9029945609009555,1.4766801044138855,-1
2016-11-24,7965.5,7965.5,8024.85009765625,7952.5498046875,8011.7998046875,260500,,,8598.4501953125,7916.39990234375,,Bearish,,8262.512890530872,8446.253096129529,8306.336260572676,-1,-1,1,-1,28.81471794494199,-1,8669.599609375,7916.39990234375,-8.121477820193812,0.6202326595667884,-1
2016-11-25,8114.2998046875,8114.2998046875,8122.25,7976.75,8007.9501953125,177900,,,8598.4501953125,7916.39990234375,,Bearish,,8248.39735854579,8433.235319994546,8304.425450066356,-1,-1,1,-1,39.24479839714272,-1,8669.599609375,7916.39990234375,-6.40513783458948,2.4998724771996272,0
2016-11-28,8126.89990234375,8126.89990234375,8146.5,8066.5,8080.64990234375,189700,,,8598.4501953125,7916.39990234375,,Bearish,,8236.826172240833,8421.222166361182,8302.659026705931,-1,-1,1,-1,40.04587263940727,-1,8669.599609375,7916.39990234375,-6.259801276686339,2.6590369687827353,0
2016-11-29,8142.14990234375,8142.14990234375,8197.349609375,8128.7001953125,8131.5498046875,189700,,,8598.4501953125,7916.39990234375,,Bearish,,8227.809384631588,8410.278156007556,8301.061920990885,-1,-1,1,-1,41.058824279431484,-1,8669.599609375,7916.39990234375,-6.083899266361559,2.851675038967705,0
2016-11-30,8224.5,8224.5,8234.25,8139.25,8172.14990234375,248000,,,8598.4501953125,7916.39990234375,,Bearish,,8227.494205142864,8402.992738124907,8300.300110831773,-1,-1,1,-1,46.331908805977235,0,8598.4501953125,7916.39990234375,-4.349041825192657,3.8919218515607534,0
2016-12-01,8192.900390625,8192.900390625,8250.7998046875,8185.0498046875,8244.0,157700,,,8598.4501953125,7916.39990234375,,Bearish,,8224.199556141162,8394.753822536675,8299.231456899368,-1,-1,1,-1,44.680090549076674,-1,8598.4501953125,7916.39990234375,-4.716545371264558,3.4927554405050687,0
2016-12-02,8086.7998046875,8086.7998046875,8159.2998046875,8070.0498046875,8153.5498046875,171500,,,8598.4501953125,7916.39990234375,,Bearish,,8211.113865526528,8382.677194385727,8297.117709116166,-1,-1,1,-1,39.5779115144912,-1,8598.4501953125,7916.39990234375,-5.950495484685481,2.15249235063657,0
2016-12-05,8128.75,8128.75,8141.89990234375,8056.85009765625,8088.75,126500,,8056.85009765625,8598.4501953125,7916.39990234375,HL,Bullish,,8203.269687857335,8372.719265194131,8295.442408527944,-1,-1,1,-1,42.37959360867769,-1,8598.4501953125,7916.39990234375,-5.4626145949948075,2.6824074108911633,0
2016-12-06,8143.14990234375,8143.14990234375,8178.7001953125,8130.85009765625,8153.14990234375,115300,,,8598.4501953125,8056.85009765625,,Bullish,,8197.543993998897,8363.716545082352,8293.927060207703,-1,-1,1,-1,43.35061448786486,-1,8598.4501953125,7916.39990234375,-5.295143690161275,2.8643070435699913,0
2016-12-07,8102.0498046875,8102.0498046875,8190.4501953125,8077.5,8168.39990234375,169800,,,8598.4501953125,8056.85009765625,,Bullish,,8188.449309302574,8353.455104282553,8292.017833784617,-1,-1,1,-1,41.215688607913336,-1,8598.4501953125,7916.39990234375,-5.7731379417143796,2.3451304208215396,0
2016-12-08,8246.849609375,8246.849609375,8256.25,8151.75,8152.10009765625,142500,,,8598.4501953125,8056.85009765625,,Bullish,,8194.011242642806,8349.27449663912,8291.568398715865,1,-1,1,1,50.47038725916259,0,8598.4501953125,7916.39990234375,-4.089115805185184,4.17424222004521,0
2016-12-09,8261.75,8261.75,8274.9501953125,8241.9501953125,8271.7001953125,149700,8274.9501953125,,8598.4501953125,8056.85009765625,LH,Bearish,,8200.4625528673,8345.842163437586,8291.27169823113,1,-1,1,1,51.3197015661868,0,8460.599609375,7916.39990234375,-2.3503016163849533,4.36246402299616,1
2016-12-12,8170.7998046875,8170.7998046875,8230.650390625,8154.4501953125,8230.650390625,108100,,,8274.9501953125,8056.85009765625,,Bearish,,8197.63752923113,8338.977757212093,8290.072972922238,-1,-1,1,-1,46.12102150499617,0,8288.5498046875,7916.39990234375,-1.4206345232239292,3.2135807372291936,1
2016-12-13,8221.7998046875,8221.7998046875,8228.849609375,8155.7998046875,8196.150390625,184000,,,8274.9501953125,8056.85009765625,,Bearish,,8199.938698322212,8334.382543387599,8289.393637914929,1,-1,1,1,49.226963422598,0,8274.9501953125,7916.39990234375,-0.6423046588861392,3.857812971946162,1
2016-12-14,8182.4501953125,8182.4501953125,8229.400390625,8165.10009765625,8229.349609375,144600,,,8274.9501953125,8056.85009765625,,Bearish,,8198.273126607,8328.424412090537,8288.329524058188,-1,-1,1,-1,46.976808511278804,0,8274.9501953125,7916.39990234375,-1.117831501298927,3.360748525222723,1
2016-12-15,8153.60009765625,8153.60009765625,8225.900390625,8121.9501953125,8128.39990234375,181800,,,8274.9501953125,8056.85009765625,,Bearish,,8194.018552421216,8321.568556622526,8286.988932750706,-1,-1,1,-1,45.340419878153696,0,8274.9501953125,7916.39990234375,-1.4664752631984523,2.996313958852359,1
2016-12-16,8139.4501953125,8139.4501953125,8178.7001953125,8127.4501953125,8178.2001953125,203000,,,8274.9501953125,8056.85009765625,,Bearish,,8188.821566029909,8314.426660100564,8285.520885612017,-1,-1,1,-1,44.521273783212735,-1,8274.9501953125,7916.39990234375,-1.6374720910919405,2.817572327324114,1
2016-12-19,8104.35009765625,8104.35009765625,8132.5,8094.85009765625,8126.0,107400,,,8274.9501953125,8056.85009765625,,Bearish,,8180.776664280037,8306.18836353412,8283.718191204496,-1,-1,1,-1,42.471468218624636,-1,8274.9501953125,7938.14990234375,-2.061645008484636,2.0936893023830283,1
2016-12-20,8082.39990234375,8082.39990234375,8124.10009765625,8062.75,8110.60009765625,128000,,,8274.9501953125,8056.85009765625,,Bearish,,8171.407448857533,8297.412345448223,8281.715024151157,-1,-1,1,-1,41.19416063066204,-1,8274.9501953125,7952.5498046875,-2.326905762862763,1.6328108700395916,1
2016-12-21,8061.2998046875,8061.2998046875,8112.5498046875,8053.25,8105.85009765625,123700,,,8274.9501953125,8056.85009765625,,Bearish,,8160.921006555625,8288.153030124273,8279.521837887838,-1,-1,1,-1,39.95036305027079,-1,8274.9501953125,7952.5498046875,-2.581893371950761,1.3674859343339119,1
2016-12-22,7979.10009765625,7979.10009765625,8046.4501953125,7964.9501953125,8043.85009765625,122600,,,8274.9501953125,8056.85009765625,,Bearish,Bearish_BOS,8143.6047295175895,8276.03330728239,8276.532566840759,-1,-1,-1,-3,35.45869837486366,-1,8274.9501953125,7964.9501953125,-3.575249284567772,0.1776521132809794,0
2016-12-23,7985.75,7985.75,8022.60009765625,7942.0498046875,7972.5,124100,,,8274.9501953125,8056.85009765625,,Bearish,Bearish_BOS,8128.57094575401,8264.649648173277,8273.639207966722,-1,-1,-1,-3,36.08476516405478,-1,8274.9501953125,7942.0498046875,-3.4948874432660926,0.5502382431133546,0
2016-12-26,7908.25,7908.25,7970.0498046875,7893.7998046875,7965.10009765625,106900,,7893.7998046875,8274.9501953125,8056.85009765625,LL,Bearish,Bearish_BOS,8107.587998539342,8250.67319138217,8270.003494454615,-1,-1,-1,-3,32.16839721376573,-1,8274.9501953125,7893.7998046875,-4.431448971381413,0.183057534647868,0
2016-12-27,8032.85009765625,8032.85009765625,8044.64990234375,7903.7001953125,7915.0498046875,118800,,,8274.9501953125,7893.7998046875,,Bearish,,8100.470103217142,8242.131109275271,8267.64375916309,-1,-1,-1,-3,42.89859573244369,-1,8274.9501953125,7893.7998046875,-2.925698547326505,1.7615127873673586,1
2016-12-28,8034.85009765625,8034.85009765625,8100.5498046875,8028.39990234375,8047.5498046875,126700,,,8274.9501953125,7893.7998046875,,Bearish,,8094.220578878009,8234.002442152956,8265.327404322226,-1,-1,-1,-3,43.05431158275782,-1,8274.9501953125,7893.7998046875,-2.901529217568699,1.7868491279065868,1
2016-12-29,8103.60009765625,8103.60009765625,8111.10009765625,8020.7998046875,8030.60009765625,178500,,,8274.9501953125,7893.7998046875,,Bearish,,8095.113866380699,8228.888624721714,8263.718177390227,1,-1,-1,-1,48.275940728223965,0,8274.9501953125,7893.7998046875,-2.0707085071438147,2.6577858339423166,1
2016-12-30,8185.7998046875,8185.7998046875,8197.0,8114.75,8119.64990234375,127600,,,8274.9501953125,7893.7998046875,,Bearish,,8103.750622409918,8227.198867073314,8262.942870199155,1,-1,-1,-1,53.737948509008994,0,8274.9501953125,7893.7998046875,-1.0773525945268037,3.699105718726292,1
2017-01-02,8179.5,8179.5,8212.0,8133.7998046875,8210.099609375,118300,,,8274.9501953125,7893.7998046875,,Bearish,,8110.964848847068,8225.328323266516,8262.112592883741,1,-1,-1,-1,53.2736326427055,0,8274.9501953125,7893.7998046875,-1.1534836229778134,3.619298720279751,1
2017-01-03,8192.25,8192.25,8219.099609375,8148.60009765625,8196.0498046875,127300,,,8274.9501953125,7893.7998046875,,Bearish,,8118.706291814014,8224.03113411881,8261.417442705793,1,-1,-1,-1,54.137326033963674,0,8274.9501953125,7893.7998046875,-0.9994041457717429,3.780817891217292,1
2017-01-04,8190.5,8190.5,8218.5,8180.89990234375,8202.650390625,132400,,,8274.9501953125,7893.7998046875,,Bearish,,8125.543787831727,8222.71618768278,8260.711796509717,1,-1,-1,-1,53.989815861412545,0,8274.9501953125,7893.7998046875,-1.02055230930983,3.7586485932454616,1
2017-01-05,8273.7998046875,8273.7998046875,8282.650390625,8223.7001953125,8226.650390625,159100,,,8274.9501953125,7893.7998046875,,Bearish,,8139.663408484657,8224.719466781004,8260.84202544681,1,-1,-1,-1,59.628647032818115,1,8282.650390625,7893.7998046875,-0.10685693008989361,4.813904702452021,1
2017-01-06,8243.7998046875,8243.7998046875,8306.849609375,8233.25,8281.849609375,139400,,,8274.9501953125,7893.7998046875,,Bearish,,8149.581160503976,8225.467715326356,8260.672451110897,1,-1,-1,-1,56.92291842424989,1,8306.849609375,7893.7998046875,-0.7590098250526034,4.433859594363709,1
2017-01-09,8236.0498046875,8236.0498046875,8263.0,8227.75,8259.349609375,99100,,,8274.9501953125,7893.7998046875,,Bearish,,8157.816269473836,8225.882699222871,8260.42744965395,1,-1,-1,-1,56.2132861103174,1,8306.849609375,7893.7998046875,-0.8523063257049546,4.335681274774217,1
2017-01-10,8288.599609375,8288.599609375,8293.7998046875,8261.0,8262.7001953125,142900,,,8274.9501953125,7893.7998046875,,Bearish,Bullish_BOS,8170.2718256549,8228.342185895504,8260.707769651173,1,-1,-1,-1,59.86674863937658,1,8306.849609375,7893.7998046875,-0.21969821121359256,5.001391148190248,1
2017-01-11,8380.650390625,8380.650390625,8389.0,8322.25,8327.7998046875,186500,,,8274.9501953125,7893.7998046875,,Bearish,Bullish_BOS,8190.307879461576,8234.315056669211,8261.901228566336,1,-1,-1,-1,65.32463404749024,1,8389.0,7893.7998046875,-0.09953044910001596,6.167506118515931,1
2017-01-12,8407.2001953125,8407.2001953125,8417.2001953125,8382.2998046875,8391.0498046875,172600,,,8274.9501953125,7893.7998046875,,Bearish,Bullish_BOS,8210.964290494998,8241.094866027772,8263.346989429481,1,-1,-1,-1,66.73000613584469,1,8417.2001953125,7893.7998046875,-0.118804350234758,6.503843564922085,1
2017-01-13,8400.349609375,8400.349609375,8461.0498046875,8373.150390625,8457.650390625,185300,8461.0498046875,,8274.9501953125,7893.7998046875,HH,Bullish,Bullish_BOS,8229.000987531188,8247.340150080605,8264.710199578194,1,-1,-1,-1,65.98685224811774,1,8461.0498046875,7893.7998046875,-0.7174073751329502,6.417059175819229,1
2017-01-16,8412.7998046875,8412.7998046875,8426.7001953125,8374.400390625,8390.9501953125,124100,,,8461.0498046875,7893.7998046875,,Bullish,,8246.50563678417,8253.828763986758,8266.183727987242,1,-1,-1,-1,66.71241177500049,1,8461.0498046875,7893.7998046875,-0.5702602054566408,6.574780369927891,1
2017-01-17,8398.0,8398.0,8440.900390625,8378.2998046875,8415.0498046875,122000,,,8461.0498046875,7893.7998046875,,Bullish,,8260.933671376153,8259.48253794806,8267.495332683886,1,1,-1,1,64.93905272556549,1,8461.0498046875,7893.7998046875,-0.7451770896392818,6.387293924189663,1
2017-01-18,8417.0,8417.0,8460.2998046875,8397.400390625,8403.849609375,163800,,,8461.0498046875,7893.7998046875,,Bullish,,8275.79713124509,8265.659693322646,8268.982941313898,1,1,-1,1,66.1819104175672,1,8461.0498046875,7893.7998046875,-0.5206186667651602,6.627989159312264,1
2017-01-19,8435.099609375,8435.099609375,8445.150390625,8404.0498046875,8418.400390625,165900,,,8461.0498046875,7893.7998046875,,Bullish,,8290.96879582889,8272.304395912935,8270.63584348366,1,1,1,3,67.36859108940948,1,8461.0498046875,7893.7998046875,-0.30670183856054134,6.857278092688213,1
2017-01-20,8349.349609375,8349.349609375,8423.650390625,8340.9501953125,8404.349609375,202600,,,8461.0498046875,7893.7998046875,,Bullish,,8296.528873309473,8275.325776833017,8271.419065034817,1,1,1,3,57.13882478877794,1,8461.0498046875,7893.7998046875,-1.3201694575845302,5.770982492069088,1
2017-01-23,8391.5,8391.5,8404.150390625,8327.2001953125,8329.599609375,195000,,8327.2001953125,8461.0498046875,7893.7998046875,HL,Bullish,,8305.573742518096,8279.881628721918,8272.6139002086,1,1,1,3,60.327769736864894,1,8461.0498046875,7903.7001953125,-0.8219997079909502,6.171790334061544,1
2017-01-24,8475.7998046875,8475.7998046875,8480.9501953125,8398.150390625,8407.0498046875,179200,,,8461.0498046875,8327.2001953125,,Bullish,Bullish_BOS,8321.785748438992,8287.564694446059,8274.635650501923,1,1,1,3,65.80711145315638,1,8480.9501953125,8020.7998046875,-0.060728933744313984,5.672750985931474,1
2017-01-25,8602.75,8602.75,8612.599609375,8493.9501953125,8499.4501953125,292500,,,8461.0498046875,8327.2001953125,,Bullish,Bullish_BOS,8348.54424858766,8299.924902506997,8277.900469899914,1,1,1,3,72.06445979066567,1,8612.599609375,8020.7998046875,-0.11436279197605259,7.2555132840044,1
2017-01-27,8641.25,8641.25,8672.7001953125,8606.900390625,8610.5,275400,,,8461.0498046875,8327.2001953125,,Bullish,Bullish_BOS,8376.420986817406,8313.310200447899,8281.515888109865,1,1,1,3,73.63994008009988,1,8672.7001953125,8114.75,-0.3626344114777358,6.4881850950429865,1
2017-01-30,8632.75,8632.75,8662.599609375,8617.75,8635.5498046875,304700,,,8461.0498046875,8327.2001953125,,Bullish,Bullish_BOS,8400.833273787177,8325.837251410727,8285.010754894844,1,1,1,3,72.66556219685856,1,8672.7001953125,8133.7998046875,-0.4606431032182168,6.134281729247326,1
2017-01-31,8561.2998046875,8561.2998046875,8631.75,8552.400390625,8629.4501953125,521000,,,8461.0498046875,8327.2001953125,,Bullish,Bullish_BOS,8416.115800539588,8335.071077029424,8287.7598996689,1,1,1,3,64.89273124472363,1,8672.7001953125,8148.60009765625,-1.2844948875923357,5.064670030254059,1
2017-02-01,8716.400390625,8716.400390625,8722.400390625,8537.5,8570.349609375,327700,,,8461.0498046875,8327.2001953125,,Bullish,Bullish_BOS,8444.714332928676,8350.025167758662,8292.024979180902,1,1,1,3,71.91554675338402,1,8722.400390625,8180.89990234375,-0.06878840377987361,6.5457406235692295,1
2017-02-02,8734.25,8734.25,8757.599609375,8685.7998046875,8724.75,283500,,,8461.0498046875,8327.2001953125,,Bullish,Bullish_BOS,8472.28915836404,8365.092808238714,8296.425228144277,1,1,1,3,72.5949761924598,1,8757.599609375,8223.7001953125,-0.2666211109948913,6.208273557668265,1
2017-02-03,8740.9501953125,8740.9501953125,8748.25,8707.75,8735.150390625,191000,,,8461.0498046875,8327.2001953125,,Bullish,Bullish_BOS,8497.875923787702,8379.832313614157,8300.84836214595,1,1,1,3,72.86039115420881,1,8757.599609375,8227.75,-0.19011389884365792,6.23743058931665,1
2017-02-06,8801.0498046875,8801.0498046875,8814.099609375,8770.2001953125,8785.4501953125,194400,,,8461.0498046875,8327.2001953125,,Bullish,Bullish_BOS,8526.74962673054,8396.350646597426,8305.82549092746,1,1,1,3,75.18220442956206,1,8814.099609375,8227.75,-0.14805601554150893,6.967880704779561,1
2017-02-07,8768.2998046875,8768.2998046875,8809.2998046875,8741.0498046875,8805.7001953125,226300,,,8461.0498046875,8327.2001953125,,Bullish,Bullish_BOS,8549.754405583582,8410.936888091155,8310.427225392736,1,1,1,3,71.58811427255483,1,8814.099609375,8261.0,-0.5196197764634425,6.140900674101202,1
2017-02-08,8769.0498046875,8769.0498046875,8791.25,8715.0,8774.5498046875,218700,,,8461.0498046875,8327.2001953125,,Bullish,Bullish_BOS,8570.639681688717,8424.980531879248,8314.990634141937,1,1,1,3,71.62157203457876,1,8814.099609375,8322.25,-0.5111106827018763,5.368738077893598,1
2017-02-09,8778.400390625,8778.400390625,8821.400390625,8724.099609375,8795.5498046875,187500,,,8461.0498046875,8327.2001953125,,Bullish,Bullish_BOS,8590.426415873124,8438.840134183003,8319.601676495004,1,1,1,3,72.06327925758384,1,8821.400390625,8327.2001953125,-0.4874509499160573,5.418390151908281,1
2017-02-10,8793.5498046875,8793.5498046875,8822.099609375,8771.2001953125,8812.349609375,225900,,,8461.0498046875,8327.2001953125,,Bullish,Bullish_BOS,8609.771500522113,8452.750317340042,8324.317578268063,1,1,1,3,72.80190815814076,1,8822.099609375,8327.2001953125,-0.32361689338852306,5.6003170145652925,1
2017-02-13,8805.0498046875,8805.0498046875,8826.900390625,8754.2001953125,8819.7998046875,204900,,,8461.0498046875,8327.2001953125,,Bullish,Bullish_BOS,8628.369434252148,8466.56598351053,8329.100983506067,1,1,1,3,73.37733366229367,1,8826.900390625,8327.2001953125,-0.24754540065624608,5.738418654135247,1
2017-02-14,8792.2998046875,8792.2998046875,8820.4501953125,8772.5,8819.900390625,188300,,,8461.0498046875,8327.2001953125,,Bullish,Bullish_BOS,8643.981850484086,8479.339858850804,8333.70992700041,1,1,1,3,71.56943011134699,1,8826.900390625,8327.2001953125,-0.3919902163419531,5.585305966785947,1
2017-02-15,8724.7001953125,8724.7001953125,8807.900390625,8712.849609375,8778.9501953125,216100,,8712.849609375,8461.0498046875,8327.2001953125,HL,Bullish,Bullish_BOS,8651.669311896316,8488.961832829695,8337.600377431376,1,1,1,3,62.74278245658357,1,8826.900390625,8327.2001953125,-1.1578265392124032,4.773513193831436,1
2017-02-16,8778.0,8778.0,8783.9501953125,8719.599609375,8739.0,184600,,,8461.0498046875,8712.849609375,,Bullish,Bullish_BOS,8663.700806001429,8500.296662914805,8341.98246322808,1,1,1,3,66.27454991330531,1,8826.900390625,8327.2001953125,-0.5539927773166808,5.413581925666455,1
2017-02-17,8821.7001953125,8821.7001953125,8896.4501953125,8804.25,8883.7001953125,298300,,,8461.0498046875,8712.849609375,,Bullish,Bullish_BOS,8678.748366888198,8512.900723008832,8346.75577399509,1,1,1,3,68.87934107953859,1,8896.4501953125,8327.2001953125,-0.8402227670468498,5.938370501508561,1
2017-02-20,8879.2001953125,8879.2001953125,8886.25,8809.7998046875,8818.5498046875,167800,,,8461.0498046875,8712.849609375,,Bullish,Bullish_BOS,8697.839017214323,8527.26540819721,8352.05372843606,1,1,1,3,71.94927098053758,1,8896.4501953125,8327.2001953125,-0.19389756162619953,6.628878699358376,1
2017-02-21,8907.849609375,8907.849609375,8920.7998046875,8860.9501953125,8890.75,175700,,,8461.0498046875,8712.849609375,,Bullish,Bullish_BOS,8717.84002599153,8542.190278831633,8357.584035709084,1,1,1,3,73.35939201207707,1,8920.7998046875,8398.150390625,-0.14516854537746093,6.069184225600277,1
2017-02-22,8926.900390625,8926.900390625,8960.75,8905.25,8931.599609375,247100,,,8461.0498046875,8712.849609375,,Bullish,Bullish_BOS,8737.750536909005,8557.276949882353,8363.248875061481,1,1,1,3,74.28510986597593,1,8960.75,8493.9501953125,-0.3777541988672861,5.0971595707192785,1
2017-02-23,8939.5,8939.5,8982.150390625,8927.5498046875,8956.400390625,377200,,,8461.0498046875,8712.849609375,,Bullish,Bullish_BOS,8756.9647714891,8572.266089102653,8368.982717100671,1,1,1,3,74.90616550741282,1,8982.150390625,8537.5,-0.4748349645705807,4.708638360175699,1
2017-02-27,8896.7001953125,8896.7001953125,8951.7998046875,8888.650390625,8943.7001953125,189900,,,8461.0498046875,8712.849609375,,Bullish,Bullish_BOS,8770.272907091328,8584.98899522853,8374.233637281883,1,1,1,3,68.82532646870324,1,8982.150390625,8537.5,-0.9513333845054261,4.207322931918012,1
2017-02-28,8879.599609375,8879.599609375,8914.75,8867.599609375,8898.9501953125,293600,,,8461.0498046875,8712.849609375,,Bullish,Bullish_BOS,8780.684973975487,8596.54235264604,8379.262154417138,1,1,1,3,66.50239128818376,1,8982.150390625,8537.5,-1.141717481785165,4.007023243045382,1
2017-03-01,8945.7998046875,8945.7998046875,8960.7998046875,8898.599609375,8904.400390625,205900,,,8461.0498046875,8712.849609375,,Bullish,Bullish_BOS,8796.41019594806,8610.238723314333,8384.899344967092,1,1,1,3,70.63439519808531,1,8982.150390625,8537.5,-0.4046980328390015,4.7824281661786205,1
2017-03-02,8899.75,8899.75,8992.5,8879.7998046875,8982.849609375,218800,8992.5,,8461.0498046875,8712.849609375,HH,Bullish,Bullish_BOS,8806.252082048244,8621.59210671377,8390.022237056972,1,1,1,3,64.65947262445854,1,8992.5,8685.7998046875,-1.031415068112318,2.463218127558453,1
2017-03-03,8897.5498046875,8897.5498046875,8907.099609375,8860.099609375,8883.5,202600,,8860.099609375,8992.5,8712.849609375,HL,Bullish,,8814.947103251983,8632.413977222544,8395.072262605534,1,1,1,3,64.379264844078,1,8992.5,8707.75,-1.0558820718654438,2.1796652945651918,1
2017-03-06,8963.4501953125,8963.4501953125,8967.7998046875,8914.0,8915.099609375,174800,,,8992.5,8860.099609375,,Bullish,,8829.090254876794,8645.39578969666,8400.727764423515,1,1,1,3,68.74783732135184,1,8992.5,8712.849609375,-0.32304481164859844,2.876218426493371,1
2017-03-07,8946.900390625,8946.900390625,8977.849609375,8932.7998046875,8977.75,173400,,,8992.5,8860.099609375,,Bullish,,8840.310267805195,8657.219499536986,8406.162317918057,1,1,1,3,66.54077749668448,1,8992.5,8712.849609375,-0.5070848971365005,2.686271331920631,1
2017-03-08,8924.2998046875,8924.2998046875,8957.0498046875,8891.9501953125,8950.7001953125,177800,,,8992.5,8860.099609375,,Bullish,,8848.309271317796,8667.69323699387,8411.317914801335,1,1,1,3,63.540791719095665,1,8992.5,8712.849609375,-0.7584119578815662,2.4268775979443102,1
2017-03-09,8927.0,8927.0,8945.7998046875,8899.5,8914.5,171500,,,8992.5,8860.099609375,,Bullish,,8855.803626430386,8677.862129660776,8416.449079828188,1,1,1,3,63.751066275064225,1,8992.5,8712.849609375,-0.728384765082013,2.4578685530687316,1
2017-03-10,8934.5498046875,8934.5498046875,8975.7001953125,8903.9501953125,8953.7001953125,152700,,,8992.5,8860.099609375,,Bullish,,8863.303262454874,8687.928312995158,8421.604310921317,1,1,1,3,64.36982686468366,1,8992.5,8712.849609375,-0.6444280824298043,2.544519936094747,1
2017-03-14,9087.0,9087.0,9122.75,9060.5,9091.650390625,270300,,,8992.5,8860.099609375,,Bullish,Bullish_BOS,8884.607713649648,8703.57818307378,8428.225163548965,1,1,1,3,74.01527621737185,1,9122.75,8712.849609375,-0.3918774492340571,4.294236758343861,1
2017-03-15,9084.7998046875,9084.7998046875,9106.5498046875,9075.5,9086.849609375,240600,,,8992.5,8860.099609375,,Bullish,Bullish_BOS,8903.673627081824,8718.528050588044,8434.758244555318,1,1,1,3,73.70516292901735,1,9122.75,8712.849609375,-0.4159951255104044,4.268984453860902,1
2017-03-16,9153.7001953125,9153.7001953125,9158.4501953125,9128.5498046875,9129.650390625,208600,,,8992.5,8860.099609375,,Bullish,Bullish_BOS,8927.48568119903,8735.593624890964,8441.911895806634,1,1,1,3,76.9606394372263,1,9158.4501953125,8712.849609375,-0.05186467031759179,5.0597749955783256,1
2017-03-17,9160.0498046875,9160.0498046875,9218.400390625,9147.599609375,9207.7998046875,286700,9218.400390625,,8992.5,8860.099609375,HH,Bullish,Bullish_BOS,8949.63464534079,8752.238965275143,8449.05754664127,1,1,1,3,77.24029325420562,1,9218.400390625,8719.599609375,-0.6329795134179861,5.051266285655398,1
2017-03-20,9126.849609375,9126.849609375,9167.599609375,9116.2998046875,9166.9501953125,332100,,,9218.400390625,8860.099609375,,Bullish,,8966.512260963096,8766.929578769255,8455.801746270463,1,1,1,3,72.29878375225977,1,9218.400390625,8804.25,-0.9931308835652852,3.664135041315264,1
2017-03-21,9121.5,9121.5,9147.75,9087.2001953125,9133.9501953125,247700,,,9218.400390625,8860.099609375,,Bullish,,8981.27299801423,8780.83430117046,8462.425609491653,1,1,1,3,71.50497099940091,1,9218.400390625,8809.7998046875,-1.0511627453668293,3.538107587264938,1
2017-03-22,9030.4501953125,9030.4501953125,9072.900390625,9019.2998046875,9047.2001953125,232300,,9019.2998046875,9218.400390625,8860.099609375,HL,Bullish,,8985.956540614065,8790.623159764267,8468.077595420218,1,1,1,3,59.52563496277011,1,9218.400390625,8860.099609375,-2.0388591008006496,1.9226712277280678,1
2017-03-23,9086.2998046875,9086.2998046875,9099.0498046875,9048.599609375,9048.75,191800,,,9218.400390625,9019.2998046875,,Bullish,,8995.513041954391,8802.218322310277,8474.229060189047,1,1,1,3,63.55854075317436,1,9218.400390625,8860.099609375,-1.4330098535516478,2.5530209059179576,1
2017-03-24,9108.0,9108.0,9133.5498046875,9089.400390625,9104.0,203700,,,9218.400390625,9019.2998046875,,Bullish,,9006.226085577782,8814.20976065105,8480.535238694629,1,1,1,3,65.01709339902558,1,9218.400390625,8860.099609375,-1.1976089771201015,2.7979413500350825,1
2017-03-27,9045.2001953125,9045.2001953125,9094.849609375,9024.650390625,9093.4501953125,202700,,,9218.400390625,9019.2998046875,,Bullish,,9009.937905552517,8823.268209069147,8486.153795476897,1,1,1,3,57.80633242194789,1,9218.400390625,8860.099609375,-1.8788530327739084,2.0891479114031997,1
2017-03-28,9100.7998046875,9100.7998046875,9110.400390625,9079.7998046875,9081.5,183300,,,9218.400390625,9019.2998046875,,Bullish,,9018.591419755849,8834.15180105418,8492.26967616556,1,1,1,3,61.841343703595065,1,9218.400390625,8860.099609375,-1.2757157527796048,2.7166759508867377,1
2017-03-29,9143.7998046875,9143.7998046875,9153.150390625,9109.099609375,9128.7001953125,243400,,,9218.400390625,9019.2998046875,,Bullish,,9030.516027844578,8846.294860020193,8498.752563016526,1,1,1,3,64.65641545316525,1,9218.400390625,8860.099609375,-0.8092573849728613,3.201997808380308,1
2017-03-30,9173.75,9173.75,9183.150390625,9136.349609375,9142.599609375,323400,,,9218.400390625,9019.2998046875,,Bullish,,9044.157358526047,8859.136238058618,8505.468955424321,1,1,1,3,66.5096563916828,1,9218.400390625,8860.099609375,-0.48436158913653937,3.540032329807241,1
2017-03-31,9173.75,9173.75,9191.7001953125,9152.099609375,9158.900390625,190900,,,9218.400390625,9019.2998046875,,Bullish,,9056.4995148569,8871.474032644555,8512.118518056915,1,1,1,3,66.5096563916828,1,9218.400390625,8860.099609375,-0.48436158913653937,3.540032329807241,1
2017-04-03,9237.849609375,9237.849609375,9245.349609375,9192.400390625,9220.599609375,139100,,,9218.400390625,9019.2998046875,,Bullish,Bullish_BOS,9073.770952430052,8885.84170232026,8519.339722945653,1,1,1,3,70.3664788025517,1,9245.349609375,8891.9501953125,-0.08112186468746119,3.890028694097336,1
2017-04-05,9265.150390625,9265.150390625,9273.900390625,9215.400390625,9264.400390625,184800,9273.900390625,,9218.400390625,9019.2998046875,HH,Bullish,Bullish_BOS,9091.997565591475,8900.716552842016,8526.760724614105,1,1,1,3,71.85324522289918,1,9273.900390625,8891.9501953125,-0.09435080852113753,4.197056743629046,1
2017-04-06,9261.9501953125,9261.9501953125,9267.9501953125,9218.849609375,9245.7998046875,186100,,,9273.900390625,9019.2998046875,,Bullish,,9108.18353032681,8914.882578036937,8534.076042730507,1,1,1,3,71.40102495470873,1,9273.900390625,8891.9501953125,-0.12885835311085003,4.161066941142444,1
2017-04-07,9198.2998046875,9198.2998046875,9250.5,9188.099609375,9223.7001953125,190000,,,9273.900390625,9019.2998046875,,Bullish,,9116.766032646878,8925.996979082058,8540.68523439177,1,1,1,3,62.919083071226034,1,9273.900390625,8899.5,-0.8151973037571647,3.3574897992864727,1
2017-04-10,9181.4501953125,9181.4501953125,9225.650390625,9174.849609375,9225.599609375,135800,,,9273.900390625,9019.2998046875,,Bullish,,9122.926429091223,8936.014752267567,8547.061005147201,1,1,1,3,60.85806209209449,1,9273.900390625,8903.9501953125,-0.9968857915053531,3.116594252134175,1
2017-04-11,9237.0,9237.0,9242.7001953125,9172.849609375,9184.5498046875,200100,,,9273.900390625,9019.2998046875,,Bullish,,9133.790578701584,8947.818095315897,8553.926069772604,1,1,1,3,64.93598535561071,1,9273.900390625,9019.2998046875,-0.3978950503102485,2.4137150336144497,1
2017-04-12,9203.4501953125,9203.4501953125,9246.400390625,9161.7998046875,9242.5,161800,,,9273.900390625,9019.2998046875,,Bullish,,9140.424827902625,8957.842883551059,8560.388996394893,1,1,1,3,60.81501325307219,1,9273.900390625,9019.2998046875,-0.7596609015093403,2.041737103907937,1
2017-04-13,9150.7998046875,9150.7998046875,9202.650390625,9144.9501953125,9202.5,166500,,,9273.900390625,9019.2998046875,,Bullish,,9141.412920929755,8965.409821634841,8566.263730805766,1,1,1,3,54.92421214006435,0,9273.900390625,9019.2998046875,-1.327387407157643,1.4579845758276866,1
2017-04-17,9139.2998046875,9139.2998046875,9160.0,9120.25,9144.75,0,,,9273.900390625,9019.2998046875,,Bullish,,9141.211671763827,8972.229036656514,8571.965582287175,-1,1,1,1,53.700655529489545,0,9273.900390625,9019.2998046875,-1.4513913269282863,1.330480221287611,1
2017-04-18,9105.150390625,9105.150390625,9217.900390625,9095.4501953125,9163.0,174200,,,9273.900390625,9019.2998046875,,Bullish,,9137.77726403632,8977.441638772925,8577.270903763174,-1,1,1,1,50.12938532264211,0,9273.900390625,9019.2998046875,-1.8196227357648698,0.9518542214649761,1
2017-04-19,9103.5,9103.5,9120.5,9075.150390625,9112.2001953125,173700,,9075.150390625,9273.900390625,9019.2998046875,HL,Bullish,,9134.512762699527,8982.385103919085,8582.507014173492,-1,1,1,1,49.95647414155559,0,9273.900390625,9019.2998046875,-1.8374188146042414,0.9335557874319722,1
2017-04-20,9136.400390625,9136.400390625,9143.900390625,9102.650390625,9108.099609375,170300,,,9273.900390625,9075.150390625,,Bullish,,9134.692536787667,8988.424919084024,8588.018391053607,1,1,1,3,53.40674166287,0,9273.900390625,9019.2998046875,-1.4826555624750881,1.298333445758626,1
2017-04-21,9119.400390625,9119.400390625,9183.650390625,9088.75,9179.099609375,155200,,,9273.900390625,9075.150390625,,Bullish,,9133.236141915031,8993.56121208563,8593.30577413392,-1,1,1,1,51.433485902211366,0,9273.900390625,9024.650390625,-1.6659657047447318,1.0499021668299635,1
2017-04-24,9217.9501953125,9217.9501953125,9225.400390625,9130.5498046875,9135.349609375,167700,,,9273.900390625,9075.150390625,,Bullish,,9141.304147000505,9002.36078005531,8599.52114150883,1,1,1,3,60.53631625235049,1,9273.900390625,9024.650390625,-0.6033081331028756,2.141909063738412,1
2017-04-25,9306.599609375,9306.599609375,9309.2001953125,9250.349609375,9273.0498046875,168700,,,9273.900390625,9075.150390625,,Bullish,Bullish_BOS,9157.04657198855,9014.291714538436,8606.556748154266,1,1,1,3,66.60064079889085,1,9309.2001953125,9024.650390625,-0.02793565379343166,3.1242120918378635,1
2017-04-26,9351.849609375,9351.849609375,9367.0,9301.349609375,9336.2001953125,185700,,,9273.900390625,9075.150390625,,Bullish,Bullish_BOS,9175.599242215832,9027.529279041832,8613.972597519645,1,1,1,3,69.2021900135866,1,9367.0,9075.150390625,-0.16174218666595852,3.0489766763076576,1
2017-04-27,9342.150390625,9342.150390625,9367.150390625,9322.650390625,9359.150390625,209400,,,9273.900390625,9075.150390625,,Bullish,Bullish_BOS,9191.46125635004,9039.867361849014,8621.218147699798,1,1,1,3,67.9798916408368,1,9367.150390625,9075.150390625,-0.2668901315497241,2.9421000039384637,1
2017-04-28,9304.0498046875,9304.0498046875,9342.650390625,9282.25,9340.9501953125,162200,,,9273.900390625,9075.150390625,,Bullish,Bullish_BOS,9202.18397523932,9050.2274576466,8628.012492545446,1,1,1,3,63.253582685745435,1,9367.150390625,9075.150390625,-0.673636947268974,2.5222657940628945,1
2017-05-02,9313.7998046875,9313.7998046875,9352.5498046875,9269.900390625,9339.849609375,161600,,,9273.900390625,9075.150390625,,Bullish,Bullish_BOS,9212.814054234386,9060.563628118793,8634.836246895118,1,1,1,3,63.9444137305873,1,9367.150390625,9075.150390625,-0.5695497959645746,2.6297020301617735,1
2017-05-03,9311.9501953125,9311.9501953125,9346.2998046875,9298.400390625,9344.7001953125,151600,,,9273.900390625,9075.150390625,,Bullish,Bullish_BOS,9222.25559147992,9070.421924871487,8641.573699118178,1,1,1,3,63.69975838250522,1,9367.150390625,9075.150390625,-0.5892954955409535,2.609320997392217,1
2017-05-04,9359.900390625,9359.900390625,9365.650390625,9323.25,9360.9501953125,269600,,,9273.900390625,9075.150390625,,Bullish,Bullish_BOS,9235.364619969929,9081.774021567704,8648.721228386903,1,1,1,3,67.20308146628929,1,9367.150390625,9075.150390625,-0.07739813814942043,3.13768904914411,1
2017-05-05,9285.2998046875,9285.2998046875,9377.099609375,9272.0,9374.5498046875,231900,,,9273.900390625,9075.150390625,,Bullish,Bullish_BOS,9240.120351847792,9089.755424827303,8655.055343573973,1,1,1,3,57.848964319395485,1,9377.099609375,9075.150390625,-0.9789786662362077,2.315657647718905,1
2017-05-08,9314.0498046875,9314.0498046875,9338.7001953125,9297.9501953125,9311.4501953125,174300,,,9273.900390625,9075.150390625,,Bullish,Bullish_BOS,9247.161252118241,9098.551282861037,8661.612502391023,1,1,1,3,60.15099643075244,1,9377.099609375,9075.150390625,-0.6723806647469632,2.6324568054463704,1
2017-05-09,9316.849609375,9316.849609375,9338.9501953125,9307.7001953125,9337.349609375,132300,,,9273.900390625,9075.150390625,,Bullish,Bullish_BOS,9253.798238523646,9107.11200154786,8668.132274599819,1,1,1,3,60.37793837287237,1,9377.099609375,9075.150390625,-0.6425227683383383,2.6633081364655364,1
2017-05-10,9407.2998046875,9407.2998046875,9414.75,9336.0,9339.650390625,152700,,,9273.900390625,9075.150390625,,Bullish,Bullish_BOS,9268.417435301157,9118.884072259218,8675.487175396713,1,1,1,3,66.93025156706786,1,9414.75,9075.150390625,-0.07913322512547172,3.6599879865971463,1
2017-05-11,9422.400390625,9422.400390625,9450.650390625,9411.2998046875,9448.599609375,171100,,,9273.900390625,9075.150390625,,Bullish,Bullish_BOS,9283.082478665332,9130.786672979444,8682.919147687542,1,1,1,3,67.88509719647533,1,9450.650390625,9075.150390625,-0.2989212258663554,3.8263828702907565,1
2017-05-12,9400.900390625,9400.900390625,9437.75,9372.5498046875,9436.650390625,154300,,,9273.900390625,9075.150390625,,Bullish,Bullish_BOS,9294.3032321853,9141.379367789074,8690.06323965707,1,1,1,3,65.00708703376827,1,9450.650390625,9075.150390625,-0.526418795994732,3.5894721958163123,1
2017-05-15,9445.400390625,9445.400390625,9449.25,9423.099609375,9433.5498046875,140800,,,9273.900390625,9075.150390625,,Bullish,Bullish_BOS,9308.693437750986,9153.301760841463,8697.579032204016,1,1,1,3,68.02835404375247,1,9450.650390625,9075.150390625,-0.05555173224065513,4.0798221964727155,1
2017-05-16,9512.25,9512.25,9517.2001953125,9456.349609375,9461.0,166500,,,9273.900390625,9075.150390625,,Bullish,Bullish_BOS,9328.079777012796,9167.378162377092,8705.685210988055,1,1,1,3,71.94680874687974,1,9517.2001953125,9075.150390625,-0.05201314683848102,4.816444803234798,1
2017-05-17,9525.75,9525.75,9532.599609375,9486.099609375,9517.599609375,205500,9532.599609375,,9273.900390625,9075.150390625,HH,Bullish,Bullish_BOS,9346.905512535388,9181.431959930933,8713.845059634941,1,1,1,3,72.6751374075723,1,9532.599609375,9075.150390625,-0.0718545796076775,4.965202668602475,1
2017-05-18,9429.4501953125,9429.4501953125,9489.099609375,9418.099609375,9453.2001953125,193300,,,9532.599609375,9075.150390625,,Bullish,,9354.766910895112,9191.158165240013,8720.965508746162,1,1,1,3,60.59067721178628,1,9532.599609375,9088.75,-1.0820701412976197,3.748592439141807,1
2017-05-19,9427.900390625,9427.900390625,9505.75,9390.75,9469.900390625,252100,,,9532.599609375,9075.150390625,,Bullish,,9361.73200420272,9200.44217407864,8727.999686675304,1,1,1,3,60.416563225718704,1,9532.599609375,9088.75,-1.0983280851010635,3.731540537752709,1
2017-05-22,9438.25,9438.25,9498.650390625,9427.900390625,9480.25,196800,,,9532.599609375,9075.150390625,,Bullish,,9369.01943237389,9209.767971173595,8735.066853972068,1,1,1,3,61.218036991047036,1,9532.599609375,9130.5498046875,-0.9897573929593118,3.3700073039909517,1
2017-05-23,9386.150390625,9386.150390625,9448.0498046875,9370.0,9445.0498046875,224400,,,9532.599609375,9075.150390625,,Bullish,,9370.65095220733,9216.684928799139,8741.545297122844,1,1,1,3,55.16297385724797,1,9532.599609375,9250.349609375,-1.5362988560431279,1.468061067793247,1
2017-05-24,9360.5498046875,9360.5498046875,9431.900390625,9341.650390625,9410.900390625,211800,,9341.650390625,9532.599609375,9075.150390625,HL,Bullish,,9369.688938157822,9222.326688637899,8747.704545954333,-1,1,1,1,52.4193112267729,0,9532.599609375,9269.900390625,-1.8048571401057756,0.9778898396165747,1
2017-05-25,9509.75,9509.75,9523.2998046875,9379.2001953125,9384.0498046875,289200,,,9532.599609375,9341.650390625,,Bullish,,9383.028086904695,9233.598191044255,8755.287087785633,1,1,1,3,63.73885096380649,1,9532.599609375,9269.900390625,-0.2396996654776995,2.587402229451885,1
2017-05-26,9595.099609375,9595.099609375,9604.900390625,9495.400390625,9507.75,218800,,,9532.599609375,9341.650390625,,Bullish,Bullish_BOS,9403.22537475901,9247.774717253304,8763.643431284034,1,1,1,3,68.37395752679119,1,9604.900390625,9269.900390625,-0.10203938459961703,3.5081198831314886,1
2017-05-29,9604.900390625,9604.900390625,9637.75,9547.7001953125,9560.0498046875,235000,,,9532.599609375,9341.650390625,,Bullish,Bullish_BOS,9422.432519127198,9261.779645620822,8772.014147297377,1,1,1,3,68.86610522277172,1,9637.75,9269.900390625,-0.3408431363648101,3.6138468147812963,1
2017-05-30,9624.5498046875,9624.5498046875,9635.2998046875,9581.2001953125,9590.650390625,193900,,,9532.599609375,9341.650390625,,Bullish,Bullish_BOS,9441.681784418655,9276.005926368534,8780.497089161956,1,1,1,3,69.87816377939487,1,9637.75,9272.0,-0.13696345425540102,3.8023059176822693,1
2017-05-31,9621.25,9621.25,9649.599609375,9609.25,9636.5498046875,414300,,,9532.599609375,9341.650390625,,Bullish,Bullish_BOS,9458.783519235925,9289.5449096482,8788.86278976731,1,1,1,3,69.46975855287704,1,9649.599609375,9272.0,-0.29379052523026417,3.7667169974115566,1
2017-06-01,9616.099609375,9616.099609375,9634.650390625,9589.900390625,9603.5498046875,176100,,,9532.599609375,9341.650390625,,Bullish,Bullish_BOS,9473.766004011075,9302.350976304155,8797.094001902711,1,1,1,3,68.79392998769447,1,9649.599609375,9272.0,-0.34716466336544016,3.711169212413723,1
2017-06-02,9653.5,9653.5,9673.5,9637.4501953125,9657.150390625,162200,,,9532.599609375,9341.650390625,,Bullish,Bullish_BOS,9490.883527438591,9316.121526253011,8805.615454620096,1,1,1,3,71.0001893686767,1,9673.5,9297.9501953125,-0.20675040057890337,3.823959014824019,1
2017-06-05,9675.099609375,9675.099609375,9687.2001953125,9640.7001953125,9656.2998046875,127700,,,9532.599609375,9341.650390625,,Bullish,Bullish_BOS,9508.42791619444,9330.199098140149,8814.267038249498,1,1,1,3,72.22164704961318,1,9687.2001953125,9307.7001953125,-0.12491313995302011,3.9472630870462266,1
2017-06-06,9637.150390625,9637.150390625,9709.2998046875,9630.2001953125,9704.25,145900,9709.2998046875,,9532.599609375,9341.650390625,HH,Bullish,Bullish_BOS,9520.687199473541,9342.23640372779,8822.454932302986,1,1,1,3,66.89085619825714,1,9709.2998046875,9336.0,-0.7430959545369875,3.2256897024957265,1
2017-06-07,9663.900390625,9663.900390625,9678.5498046875,9630.5498046875,9663.9501953125,160700,,,9709.2998046875,9341.650390625,,Bullish,,9534.326551011774,9354.85067772376,8830.827523928081,1,1,1,3,68.64757030193687,1,9709.2998046875,9341.650390625,-0.46758690096871947,3.4496045829696342,1
2017-06-08,9647.25,9647.25,9688.7001953125,9641.5,9682.400390625,155400,,,9709.2998046875,9341.650390625,,Bullish,,9545.081165201129,9366.317317813024,8838.951130655165,1,1,1,3,66.28988557055231,1,9709.2998046875,9341.650390625,-0.6390759986373395,3.271366370996831,1
2017-06-09,9668.25,9668.25,9676.25,9608.150390625,9638.5498046875,159000,,,9709.2998046875,9341.650390625,,Bullish,,9556.81153042007,9378.15781515369,8847.202860698397,1,1,1,3,67.79233331135148,1,9709.2998046875,9341.650390625,-0.4227885173314072,3.4961660490181234,1
2017-06-12,9616.400390625,9616.400390625,9647.0498046875,9598.5,9646.7001953125,141400,,,9709.2998046875,9341.650390625,,Bullish,,9562.486659963395,9387.500661250604,8854.856567463836,1,1,1,3,60.6095748358238,1,9709.2998046875,9341.650390625,-0.9568085848749797,2.941129120778596,1
2017-06-13,9606.900390625,9606.900390625,9654.150390625,9595.400390625,9615.5498046875,129700,,,9709.2998046875,9341.650390625,,Bullish,,9566.716539074025,9396.104572206463,8862.339590579866,1,1,1,3,59.36841157839723,1,9709.2998046875,9341.650390625,-1.0546529216562406,2.839434028340393,1
2017-06-14,9618.150390625,9618.150390625,9627.400390625,9580.4501953125,9621.5498046875,181800,,,9709.2998046875,9341.650390625,,Bullish,,9571.615001126498,9404.812251360132,8869.860096052951,1,1,1,3,60.40252637379002,1,9709.2998046875,9341.650390625,-0.9387846280994872,2.9598624272803686,1
2017-06-15,9578.0498046875,9578.0498046875,9621.400390625,9560.7998046875,9617.900390625,171100,,9560.7998046875,9709.2998046875,9341.650390625,HL,Bullish,,9572.22783956088,9411.605880902382,8876.90675982046,1,1,1,3,55.02651883333599,1,9709.2998046875,9341.650390625,-1.3517967581620494,2.530595817412995,1
2017-06-16,9588.0498046875,9588.0498046875,9615.849609375,9565.5,9595.4501953125,213200,,,9709.2998046875,9560.7998046875,,Bullish,,9573.734693382463,9418.525250462582,8883.982810018144,1,1,1,3,56.076391767643585,1,9709.2998046875,9341.650390625,-1.2488027194449414,2.637643283137403,1
2017-06-19,9657.5498046875,9657.5498046875,9673.2998046875,9614.900390625,9626.400390625,141700,,,9709.2998046875,9560.7998046875,,Bullish,,9581.717084935324,9427.898762392972,8891.679994044705,1,1,1,3,62.60938656906344,1,9709.2998046875,9341.650390625,-0.5329941503610325,3.3816231699221655,1
2017-06-20,9653.5,9653.5,9676.5,9643.75,9670.5,159500,,,9709.2998046875,9560.7998046875,,Bullish,,9588.553553036721,9436.74586975011,8899.260292611427,1,1,1,3,62.03042066658442,1,9709.2998046875,9341.650390625,-0.5747047244391457,3.3382710370746027,1
2017-06-21,9633.599609375,9633.599609375,9650.4501953125,9608.599609375,9648.099609375,144000,,,9709.2998046875,9560.7998046875,,Bullish,,9592.843653640368,9444.465624245204,8906.567151484696,1,1,1,3,59.13653341247946,1,9709.2998046875,9379.2001953125,-0.7796668846908328,2.7123785479026497,1
2017-06-22,9630.0,9630.0,9698.849609375,9617.75,9642.650390625,198800,9698.849609375,,9709.2998046875,9560.7998046875,LH,Bearish,,9596.382353293666,9451.74148211794,8913.765488285842,1,1,1,3,58.603956574527075,1,9709.2998046875,9495.400390625,-0.8167407154243578,1.417524315329488,1
2017-06-23,9574.9501953125,9574.9501953125,9647.650390625,9565.2998046875,9643.25,175200,,,9698.849609375,9560.7998046875,,Bearish,,9594.341195390698,9456.573196360865,8920.344440594565,-1,1,1,1,51.03433810499456,0,9709.2998046875,9547.7001953125,-1.3837208869597162,0.28540904555611757,1
2017-06-27,9511.400390625,9511.400390625,9615.400390625,9473.4501953125,9594.0498046875,203300,,,9698.849609375,9560.7998046875,,Bearish,Bearish_BOS,9586.442071127298,9458.72328241044,8926.225594326212,-1,1,1,1,43.973150422323776,-1,9709.2998046875,9473.4501953125,-2.038245991404619,0.4005952903122667,1
2017-06-28,9491.25,9491.25,9522.5,9474.349609375,9520.2001953125,172400,,,9698.849609375,9560.7998046875,,Bearish,Bearish_BOS,9577.376159591364,9459.998839962971,8931.847727716002,-1,1,1,1,41.98930474751498,-1,9709.2998046875,9473.4501953125,-2.2457830026242354,0.18789146847795202,1
2017-06-29,9504.099609375,9504.099609375,9575.7998046875,9493.7998046875,9522.9501953125,259300,,,9698.849609375,9560.7998046875,,Bearish,Bearish_BOS,9570.397440523138,9461.728281900698,8937.541776289723,-1,1,1,1,43.732589655449004,-1,9709.2998046875,9473.4501953125,-2.1134396860773896,0.32352958458223835,1
2017-06-30,9520.900390625,9520.900390625,9535.7998046875,9448.75,9478.5,179600,,9448.75,9698.849609375,9560.7998046875,LL,Bearish,Bearish_BOS,9565.683435770934,9464.048756752632,8943.346339616442,-1,1,1,1,46.016835656084695,0,9709.2998046875,9448.75,-1.9404016546233693,0.7635972020108461,1
2017-07-03,9615.0,9615.0,9624.0,9543.5498046875,9587.9501953125,183000,,,9698.849609375,9448.75,,Bearish,,9570.380251411798,9469.968413350569,8950.029460615284,1,1,1,3,56.635370814736774,1,9709.2998046875,9448.75,-0.9712317735000142,1.7594919962958144,1
2017-07-04,9613.2998046875,9613.2998046875,9650.650390625,9595.5,9645.900390625,144800,,,9698.849609375,9448.75,,Bearish,,9574.467827914246,9475.589252226528,8956.629165531425,1,1,1,3,56.4194320273115,1,9709.2998046875,9448.75,-0.9887427716842478,1.7414981313665923,1
2017-07-05,9637.599609375,9637.599609375,9643.650390625,9607.349609375,9619.75,130800,,,9698.849609375,9448.75,,Bearish,,9580.480378529557,9481.942599565682,8963.4049908433,1,1,1,3,58.83521235909827,1,9698.849609375,9448.75,-0.6315181951145554,1.9986729395422564,1
2017-07-06,9674.5498046875,9674.5498046875,9700.7001953125,9639.9501953125,9653.599609375,147400,,,9698.849609375,9448.75,,Bearish,,9589.43937149698,9489.495823295949,8970.481058642745,1,1,1,3,62.26095041849101,1,9700.7001953125,9448.75,-0.2695721968362208,2.389732024738711,1
2017-07-07,9665.7998046875,9665.7998046875,9684.25,9642.650390625,9670.349609375,141800,,,9698.849609375,9448.75,,Bearish,,9596.711793705601,9496.409704919146,8977.399653130753,1,1,1,3,60.96705408598536,1,9700.7001953125,9448.75,-0.3597718713321818,2.297127182828418,1
2017-07-10,9771.0498046875,9771.0498046875,9782.150390625,9646.4501953125,9719.2998046875,37500,,,9698.849609375,9448.75,,Bearish,Bullish_BOS,9613.315413799115,9507.179904910063,8985.296669564153,1,1,1,3,69.24613571048332,1,9782.150390625,9448.75,-0.11347797257480474,3.4110311383780845,1
2017-07-11,9786.0498046875,9786.0498046875,9830.0498046875,9778.849609375,9797.4501953125,179700,,,9698.849609375,9448.75,,Bearish,Bullish_BOS,9629.766308169437,9518.115979411139,8993.264362450953,1,1,1,3,70.21573342415346,1,9830.0498046875,9448.75,-0.4476070912582619,3.569782295938606,1
2017-07-12,9816.099609375,9816.099609375,9824.9501953125,9787.7001953125,9807.2998046875,145500,,,9698.849609375,9448.75,,Bearish,Bullish_BOS,9647.512336855681,9529.801611958741,9001.451777843233,1,1,1,3,72.11259267583081,1,9830.0498046875,9448.75,-0.14191378059801307,3.8878117145125124,1
2017-07-13,9891.7001953125,9891.7001953125,9897.25,9853.4501953125,9855.7998046875,181300,,,9698.849609375,9448.75,,Bearish,Bullish_BOS,9670.768323375378,9543.993713266733,9010.309971051882,1,1,1,3,76.21645655755268,1,9897.25,9448.75,-0.05607420937634444,4.687923749834644,1
2017-07-14,9886.349609375,9886.349609375,9913.2998046875,9845.4501953125,9913.2998046875,159600,,,9698.849609375,9448.75,,Bearish,Bullish_BOS,9691.29987442296,9557.419434682743,9019.026783373505,1,1,1,3,75.37107959395627,1,9913.2998046875,9448.75,-0.2718589757545353,4.631296302420962,1
2017-07-17,9915.9501953125,9915.9501953125,9928.2001953125,9894.7001953125,9908.150390625,163500,,,9698.849609375,9448.75,,Bearish,Bullish_BOS,9712.695143079109,9571.47946451136,9027.951394437576,1,1,1,3,76.89773118894732,1,9928.2001953125,9448.75,-0.12338590841252106,4.944571454557489,1
2017-07-18,9827.150390625,9827.150390625,9885.349609375,9792.0498046875,9832.7001953125,293900,,,9698.849609375,9448.75,,Bearish,Bullish_BOS,9723.595642845385,9581.505775339347,9035.90362325536,1,1,1,3,64.06764172116984,1,9928.2001953125,9448.75,-1.0178058731653006,4.004766668871551,1
2017-07-19,9899.599609375,9899.599609375,9905.0498046875,9851.650390625,9855.9501953125,200200,,,9698.849609375,9448.75,,Bearish,Bullish_BOS,9740.357925372015,9593.980043340745,9044.497613167001,1,1,1,3,68.66171357435846,1,9928.2001953125,9448.75,-0.2880742266962333,4.77152649159942,1
2017-07-20,9873.2998046875,9873.2998046875,9922.5498046875,9863.4501953125,9920.2001953125,161100,,,9698.849609375,9448.75,,Bearish,Bullish_BOS,9753.019056735395,9604.933759471991,9052.74440114233,1,1,1,3,65.39321534540404,1,9928.2001953125,9448.75,-0.5529742505688051,4.493184862415656,1
2017-07-21,9915.25,9915.25,9924.7001953125,9838.0,9899.599609375,187500,,,9698.849609375,9448.75,,Bearish,Bullish_BOS,9768.469622760595,9617.103023806423,9061.326546404596,1,1,1,3,68.00914249257693,1,9928.2001953125,9448.75,-0.1304384990001961,4.937161000132284,1
2017-07-24,9966.400390625,9966.400390625,9982.0498046875,9919.599609375,9936.7998046875,174500,,,9698.849609375,9448.75,,Bearish,Bullish_BOS,9787.320172081016,9630.800959760094,9070.332256297335,1,1,1,3,70.89776256577613,1,9982.0498046875,9448.75,-0.15677555580969615,5.478506581558418,1
2017-07-25,9964.5498046875,9964.5498046875,10011.2998046875,9949.099609375,10010.5498046875,185500,,,9698.849609375,9448.75,,Bearish,Bullish_BOS,9804.199184710204,9643.889149757248,9079.229943345994,1,1,1,3,70.64921080465612,1,10011.2998046875,9448.75,-0.4669723303872164,5.45892107090884,1
2017-07-26,10020.650390625,10020.650390625,10025.9501953125,9965.9501953125,9983.650390625,197600,,,9698.849609375,9448.75,,Bearish,Bullish_BOS,9824.813585273518,9658.664100379512,9088.597310980611,1,1,1,3,73.66350174281403,1,10025.9501953125,9448.75,-0.052860871880033855,6.052656601402306,1
2017-07-27,10020.5498046875,10020.5498046875,10114.849609375,10005.5,10063.25,287900,,,9698.849609375,9448.75,,Bearish,Bullish_BOS,9843.455129979611,9672.855696626884,9097.870470121974,1,1,1,3,73.64889725981516,1,10114.849609375,9448.75,-0.9322907243237477,6.051592059134814,1
2017-07-28,10014.5,10014.5,10026.0498046875,9944.5,9996.5498046875,191600,,,9698.849609375,9448.75,,Bearish,Bullish_BOS,9859.7451176006,9686.253512445439,9106.991161961558,1,1,1,3,72.715111447969,1,10114.849609375,9543.5498046875,-0.9921018428389772,4.934748651714305,1
2017-07-31,10077.099609375,10077.099609375,10085.900390625,10016.9501953125,10034.7001953125,237700,,,9698.849609375,9448.75,,Bearish,Bullish_BOS,9880.445545388638,9701.580810364247,9116.64398233383,1,1,1,3,76.09283467045152,1,10114.849609375,9595.5,-0.3732136557424548,5.019015261059878,1
2017-08-01,10114.650390625,10114.650390625,10128.599609375,10065.75,10101.0498046875,184300,,,9698.849609375,9448.75,,Bearish,Bullish_BOS,9902.750768744483,9717.779617433296,9126.574394356627,1,1,1,3,77.86314662166586,1,10128.599609375,9607.349609375,-0.13772109953965606,5.280340592112598,1
2017-08-02,10081.5,10081.5,10137.849609375,10054.2001953125,10136.2998046875,161500,10137.849609375,,9698.849609375,9448.75,HH,Bullish,Bullish_BOS,9919.774505054533,9732.043161847676,9136.076141676462,1,1,1,3,72.74206499164069,1,10137.849609375,9639.9501953125,-0.555833944536821,4.580415829349471,1
2017-08-03,10013.650390625,10013.650390625,10081.150390625,9998.25,10081.150390625,192700,,,10137.849609375,9448.75,,Bullish,,9928.715065585055,9743.086582584041,9144.808223755552,1,1,1,3,63.531945078951864,1,10137.849609375,9642.650390625,-1.22510417431273,3.8474899013315023,1
2017-08-04,10066.400390625,10066.400390625,10075.25,9988.349609375,10008.599609375,178600,,,10137.849609375,9448.75,,Bullish,,9941.827953684098,9755.765555448394,9153.978295067687,1,1,1,3,67.02731953841149,1,10137.849609375,9646.4501953125,-0.7047768659334541,4.353416923425013,1
2017-08-07,10057.400390625,10057.400390625,10088.099609375,10046.349609375,10074.7998046875,137400,,,10137.849609375,9448.75,,Bullish,,9952.834852440375,9767.594372514144,9162.96756965035,1,1,1,3,65.8673252125696,1,10137.849609375,9778.849609375,-0.7935530891640452,2.8485025578361745,1
2017-08-08,9978.5498046875,9978.5498046875,10083.7998046875,9947.0,10068.349609375,203300,,,10137.849609375,9448.75,,Bullish,,9955.28389551153,9775.867134560158,9171.082815770122,1,1,1,3,56.62174151509745,1,10137.849609375,9787.7001953125,-1.5713372246140556,1.9498922685269982,1
2017-08-09,9908.0498046875,9908.0498046875,9969.7998046875,9893.0498046875,9961.150390625,169200,,,10137.849609375,9448.75,,Bullish,,9950.785410671146,9781.050768682799,9178.415820634971,-1,1,1,1,49.8801705288356,0,10137.849609375,9792.0498046875,-2.2667509732536617,1.1846344975131817,1
2017-08-10,9820.25,9820.25,9892.650390625,9776.2001953125,9872.849609375,235500,,,10137.849609375,9448.75,,Bullish,,9938.353466797704,9782.587993440337,9184.802230379897,-1,1,1,1,43.01178763288941,-1,10137.849609375,9776.2001953125,-3.1328104244247146,0.450582064682159,0
2017-08-11,9710.7998046875,9710.7998046875,9771.650390625,9685.5498046875,9712.150390625,285900,,9685.5498046875,10137.849609375,9448.75,HL,Bullish,,9916.681689453875,9779.77277035199,9190.036037089425,-1,1,1,1,36.30126947624169,-1,10137.849609375,9685.5498046875,-4.212429865724032,0.2606976424588625,0
2017-08-14,9794.150390625,9794.150390625,9818.2998046875,9752.099609375,9755.75,195600,,,10137.849609375,9685.5498046875,,Bullish,,9905.012041946362,9780.33659859799,9196.047125184306,-1,1,1,1,43.52706580044055,-1,10137.849609375,9685.5498046875,-3.390257618658732,1.1212640286557773,0
2017-08-16,9897.2998046875,9897.2998046875,9903.9501953125,9773.849609375,9825.849609375,219500,,,10137.849609375,9685.5498046875,,Bullish,,9904.277543159804,9784.923390993657,9203.024763786329,-1,1,1,1,50.94348727040182,0,10137.849609375,9685.5498046875,-2.372789239890194,2.186246565966954,1
2017-08-17,9904.150390625,9904.150390625,9947.7998046875,9883.75,9945.5498046875,197600,,,10137.849609375,9685.5498046875,,Bullish,,9904.265433394585,9789.59895960665,9210.001138182733,-1,1,1,1,51.399982362733084,0,10137.849609375,9685.5498046875,-2.305214890284879,2.256976530456778,1
2017-08-18,9837.400390625,9837.400390625,9865.9501953125,9783.650390625,9865.9501953125,246300,,,10137.849609375,9685.5498046875,,Bullish,,9897.897334083194,9791.473525528938,9216.243916814,-1,1,1,1,46.82753252812555,0,10137.849609375,9685.5498046875,-2.96363854591174,1.5678055350457187,1
2017-08-21,9754.349609375,9754.349609375,9884.349609375,9740.099609375,9864.25,205300,,,10137.849609375,9685.5498046875,,Bullish,,9884.226122206224,9790.017685679763,9221.598202312121,-1,1,1,1,41.840317573715005,-1,10137.849609375,9685.5498046875,-3.782853512103368,0.7103345300460084,0
2017-08-22,9765.5498046875,9765.5498046875,9828.4501953125,9752.599609375,9815.75,183600,,,10137.849609375,9685.5498046875,,Bullish,,9872.92361577587,9789.058160934968,9227.010656067101,-1,1,1,1,42.726206593663214,-1,10137.849609375,9685.5498046875,-3.6723745077379633,0.825972728582558,0
2017-08-23,9852.5,9852.5,9857.900390625,9786.75,9803.0498046875,168600,,,10137.849609375,9685.5498046875,,Bullish,,9870.978509511502,9791.54607619242,9233.234430633598,-1,1,1,1,49.19592647503089,0,10137.849609375,9685.5498046875,-2.8146956245151067,1.7237038544957173,1
2017-08-24,9857.0498046875,9857.0498046875,9881.5,9848.849609375,9881.2001953125,184700,,,10137.849609375,9685.5498046875,,Bullish,,9869.651966194931,9794.114849858894,9239.441548783388,-1,1,1,1,49.51727711971459,0,10137.849609375,9685.5498046875,-2.7698162382269853,1.77067903689887,1
2017-08-28,9912.7998046875,9912.7998046875,9925.75,9882.0,9907.150390625,159600,,,10137.849609375,9685.5498046875,,Bullish,,9873.761284146605,9798.769161812957,9246.141630931688,1,1,1,3,53.40633423170794,0,10137.849609375,9685.5498046875,-2.21989685543752,2.346278782129829,1
2017-08-29,9796.0498046875,9796.0498046875,9887.349609375,9783.75,9886.400390625,173300,,,10137.849609375,9685.5498046875,,Bullish,,9866.360190864785,9798.662520357057,9251.613354053638,-1,1,1,1,45.501016195999576,0,10137.849609375,9685.5498046875,-3.3715217512343076,1.1408748313546546,0
2017-08-30,9884.400390625,9884.400390625,9909.4501953125,9850.7998046875,9859.5,157800,,,10137.849609375,9685.5498046875,,Bullish,,9868.078305127663,9802.024789779329,9257.909742477234,1,1,1,3,51.367650976247326,0,10137.849609375,9685.5498046875,-2.5000293801520024,2.0530645130879766,1
2017-08-31,9917.900390625,9917.900390625,9925.099609375,9856.9501953125,9905.7001953125,327700,,,10137.849609375,9685.5498046875,,Bullish,,9872.82326565122,9806.568930988962,9264.476813603082,1,1,1,3,53.41533833928019,0,10137.849609375,9685.5498046875,-2.169584549238146,2.3989405931819086,1
2017-09-01,9974.400390625,9974.400390625,9983.4501953125,9909.849609375,9937.650390625,157800,,,10137.849609375,9685.5498046875,,Bullish,,9882.497277553484,9813.150556857043,9271.540729792354,1,1,1,3,56.72485986346418,1,10088.099609375,9685.5498046875,-1.1270628081857748,2.9822838327433487,1
2017-09-04,9912.849609375,9912.849609375,9988.400390625,9861.0,9984.150390625,148800,,,10137.849609375,9685.5498046875,,Bullish,,9885.3879758222,9817.060323622452,9277.921912673773,1,1,1,3,52.36072910079637,0,10088.099609375,9685.5498046875,-1.7371953765914272,2.3467929985502067,1
2017-09-05,9952.2001953125,9952.2001953125,9963.099609375,9901.0498046875,9933.25,139200,,,10137.849609375,9685.5498046875,,Bullish,,9891.751044345085,9822.359926433826,9284.631149316945,1,1,1,3,54.75722072926021,0,10088.099609375,9685.5498046875,-1.347126013071942,2.753074384026699,1
2017-09-06,9916.2001953125,9916.2001953125,9931.5498046875,9882.5498046875,9899.25,149200,,,10137.849609375,9685.5498046875,,Bullish,,9894.07953491341,9826.039936978088,9290.91541843133,1,1,1,3,52.171508525523734,0,10083.7998046875,9685.5498046875,-1.6620679964024165,2.3813866561645636,1
2017-09-07,9929.900390625,9929.900390625,9964.849609375,9917.2001953125,9945.849609375,188800,,,10137.849609375,9685.5498046875,,Bullish,,9897.49104498118,9830.112895944634,9297.273477856144,1,1,1,3,53.079558641355725,0,9988.400390625,9685.5498046875,-0.5856793651855097,2.5228365024692945,1
2017-09-08,9934.7998046875,9934.7998046875,9963.599609375,9913.2998046875,9958.650390625,163600,,,10137.849609375,9685.5498046875,,Bullish,,9901.044260191306,9834.218264914944,9303.617023396755,1,1,1,3,53.42014195354592,0,9988.400390625,9685.5498046875,-0.5366283272725925,2.5734212824900293,1
2017-09-11,10006.0498046875,10006.0498046875,10028.650390625,9968.7998046875,9971.75,173000,,,10137.849609375,9685.5498046875,,Bullish,,9911.044788238562,9840.95675667073,9310.606404305121,1,1,1,3,58.17485330094703,1,10028.650390625,9685.5498046875,-0.22536019361715232,3.309053243883864,1
2017-09-12,10093.0498046875,10093.0498046875,10097.5498046875,10028.0498046875,10056.849609375,182600,,,10137.849609375,9685.5498046875,,Bullish,,9928.378599328937,9850.842758553741,9318.391910776589,1,1,1,3,63.12458822824217,1,10097.5498046875,9740.099609375,-0.044565266693818995,3.6236815789109533,1
2017-09-13,10079.2998046875,10079.2998046875,10131.9501953125,10063.150390625,10099.25,215000,,,10137.849609375,9685.5498046875,,Bullish,,9942.752047458323,9859.801858402125,9325.963133601574,1,1,1,3,61.87820863349489,1,10131.9501953125,9740.099609375,-0.5196471519309132,3.482512591411435,1
2017-09-14,10086.599609375,10086.599609375,10126.5,10070.349609375,10107.400390625,225600,,,10137.849609375,9685.5498046875,,Bullish,,9956.451815259912,9868.695887852042,9333.531655748573,1,1,1,3,62.30375132045242,1,10131.9501953125,9740.099609375,-0.44759977164594567,3.557458484988052,1
2017-09-15,10085.400390625,10085.400390625,10115.150390625,10043.650390625,10062.349609375,266600,,,10137.849609375,9685.5498046875,,Bullish,,9968.73263196135,9877.19410364706,9341.012936692618,1,1,1,3,62.180951128623136,1,10131.9501953125,9740.099609375,-0.45943578274828534,3.5451463034078534,1
2017-09-18,10153.099609375,10153.099609375,10171.7001953125,10131.2998046875,10133.099609375,156100,,,10137.849609375,9685.5498046875,,Bullish,Bullish_BOS,9986.291391715029,9888.013927401096,9349.093401097418,1,1,1,3,66.22777624686735,1,10171.7001953125,9740.099609375,-0.18286604579705878,4.240203042713042,1
2017-09-19,10147.5498046875,10147.5498046875,10178.9501953125,10129.9501953125,10175.599609375,187500,10178.9501953125,,10137.849609375,9685.5498046875,HH,Bullish,Bullish_BOS,10001.649335807646,9898.191804941738,9357.038240934135,1,1,1,3,65.60799373493799,1,10178.9501953125,9752.599609375,-0.3084835864454849,4.049691478494011,1
2017-09-20,10141.150390625,10141.150390625,10171.0498046875,10134.2001953125,10160.9501953125,199400,,,10178.9501953125,9685.5498046875,,Bullish,,10014.935150552155,9907.719592615591,9364.840351876332,1,1,1,3,64.85431679254717,1,10178.9501953125,9783.75,-0.37135268335340976,3.653000031940712,1
2017-09-21,10121.900390625,10121.900390625,10158.900390625,10058.599609375,10139.599609375,191800,,,10178.9501953125,9685.5498046875,,Bullish,,10025.122316273379,9916.11883959635,9372.373287585273,1,1,1,3,62.52743515778941,1,10178.9501953125,9783.75,-0.5604684529625814,3.4562452088922946,1
2017-09-22,9964.400390625,9964.400390625,10095.0498046875,9952.7998046875,10094.349609375,226600,,,10178.9501953125,9685.5498046875,,Bullish,,10019.339275735438,9918.012233754338,9378.264104530943,-1,1,1,1,47.50844515818149,0,10178.9501953125,9783.75,-2.1077792952194807,1.8464330203142865,1
2017-09-25,9872.599609375,9872.599609375,9960.5,9816.0498046875,9960.099609375,221400,,,10178.9501953125,9685.5498046875,,Bullish,,10005.364069415396,9916.231346523777,9383.182865773173,-1,1,1,1,41.283978322096715,-1,10178.9501953125,9783.75,-3.0096481470022085,0.9081345023636223,0
2017-09-26,9871.5,9871.5,9891.349609375,9813.0,9875.25,190900,,,10178.9501953125,9685.5498046875,,Bullish,,9992.615110423454,9914.477176071863,9388.041742730655,-1,1,1,1,41.214322688444305,-1,10178.9501953125,9813.0,-3.020450924831952,0.5961479669825742,0
2017-09-27,9735.75,9735.75,9921.0498046875,9714.400390625,9920.599609375,200100,,,10178.9501953125,9685.5498046875,,Bullish,,9968.151766573603,9907.4682672063,9391.501526385076,-1,1,1,1,33.663133757414826,-1,10178.9501953125,9714.400390625,-4.354085507920036,0.21977279622531487,0
2017-09-28,9768.9501953125,9768.9501953125,9789.2001953125,9687.5498046875,9736.400390625,385000,,9687.5498046875,10178.9501953125,9685.5498046875,HL,Bullish,,9949.180188358261,9902.036185955565,9395.257234533608,-1,1,1,1,36.71693091408478,-1,10178.9501953125,9687.5498046875,-4.027920287779862,0.8402577769005326,0
2017-09-29,9788.599609375,9788.599609375,9854.0,9775.349609375,9814.2998046875,196300,,,10178.9501953125,9687.5498046875,,Bullish,,9933.886799883665,9897.587692756326,9399.171089009642,-1,1,1,1,38.52080837606712,-1,10178.9501953125,9687.5498046875,-3.8348805962058807,1.0430893954073372,0
2017-10-03,9859.5,9859.5,9895.400390625,9831.0498046875,9893.2998046875,162800,,,10178.9501953125,9687.5498046875,,Bullish,,9926.802342751887,9896.094057746275,9403.751476183676,-1,1,1,1,44.65149479028201,-1,10178.9501953125,9687.5498046875,-3.1383412747181927,1.7749606327628786,0
2017-10-04,9914.900390625,9914.900390625,9938.2998046875,9850.650390625,9884.349609375,156200,,,10178.9501953125,9687.5498046875,,Bullish,,9925.668823501706,9896.831560996421,9408.837535033837,-1,1,1,1,48.93640042685276,0,10178.9501953125,9687.5498046875,-2.594076988500227,2.3468326926948224,1
2017-10-05,9888.7001953125,9888.7001953125,9945.9501953125,9881.849609375,9927.0,147800,,,10178.9501953125,9687.5498046875,,Bullish,,9922.148001769401,9896.512683910778,9413.61228787243,-1,1,1,1,47.0800964506179,0,10178.9501953125,9687.5498046875,-2.8514728378734255,2.076380454092419,1
2017-10-06,9979.7001953125,9979.7001953125,9989.349609375,9906.599609375,9908.150390625,195800,,,10178.9501953125,9687.5498046875,,Bullish,,9927.62916305922,9899.774939259865,9419.245003369348,1,1,1,3,53.655691066234155,0,10178.9501953125,9687.5498046875,-1.9574710179027788,3.015730463482491,1
2017-10-09,9988.75,9988.75,10015.75,9959.4501953125,9988.2001953125,143900,,,10178.9501953125,9687.5498046875,,Bullish,,9933.450195148818,9903.264157328107,9424.911719753733,1,1,1,3,54.264321425405804,0,10178.9501953125,9687.5498046875,-1.8685639644851482,3.109147321924044,1
2017-10-10,10016.9501953125,10016.9501953125,10034.0,10002.2998046875,10013.7001953125,148600,,,10178.9501953125,9687.5498046875,,Bullish,,9941.402576116789,9907.722433327495,9430.802649858795,1,1,1,3,56.19486588915506,1,10178.9501953125,9687.5498046875,-1.5915197234642409,3.400244615677872,1
2017-10-11,9984.7998046875,9984.7998046875,10067.25,9955.7998046875,10042.599609375,189700,,,10178.9501953125,9687.5498046875,,Bullish,,9945.535645504477,9910.745075341614,9436.315059359578,1,1,1,3,53.42603490498419,0,10178.9501953125,9687.5498046875,-1.9073714567776179,3.0683713218813136,1
2017-10-12,10096.400390625,10096.400390625,10104.4501953125,9977.099609375,10011.2001953125,200900,,,10178.9501953125,9687.5498046875,,Bullish,,9959.903716468336,9918.025675940962,9442.883072606,1,1,1,3,60.670173376780255,1,10178.9501953125,9687.5498046875,-0.8109854464708466,4.220371447687121,1
2017-10-13,10167.4501953125,10167.4501953125,10191.900390625,10120.099609375,10123.7001953125,230100,,,10178.9501953125,9687.5498046875,,Bullish,,9979.670047786827,9927.807029641808,9450.092695717509,1,1,1,3,64.4601790684261,1,10191.900390625,9687.5498046875,-0.23989829546401387,4.953785015822998,1
2017-10-16,10230.849609375,10230.849609375,10242.9501953125,10175.099609375,10207.400390625,203000,,,10178.9501953125,9687.5498046875,,Bullish,Bullish_BOS,10003.591910795225,9939.691052376444,9457.86142122654,1,1,1,3,67.47233695191002,1,10242.9501953125,9687.5498046875,-0.11813574904462332,5.608227215767347,1
2017-10-17,10234.4501953125,10234.4501953125,10251.849609375,10212.599609375,10227.650390625,195700,,,10178.9501953125,9687.5498046875,,Bullish,Bullish_BOS,10025.578414082584,9951.250234452367,9465.588672709982,1,1,1,3,67.64007924135569,1,10251.849609375,9687.5498046875,-0.16971975521947735,5.645394363395906,1
2017-10-18,10210.849609375,10210.849609375,10236.4501953125,10175.75,10209.400390625,254200,,,10178.9501953125,9687.5498046875,,Bullish,Bullish_BOS,10043.223289824718,9961.430602096392,9473.004204418092,1,1,1,3,65.26433382007372,1,10251.849609375,9687.5498046875,-0.39992783314444225,5.401776664253033,1
2017-10-19,10146.5498046875,10146.5498046875,10211.9501953125,10123.349609375,10210.349609375,30200,,,10178.9501953125,9687.5498046875,,Bullish,,10053.063910287841,9968.690178668592,9479.70615068943,1,1,1,3,59.166911901016555,1,10251.849609375,9687.5498046875,-1.0271298224196257,4.738040157253232,1
2017-10-23,10184.849609375,10184.849609375,10224.150390625,10124.5,10176.650390625,218100,,,10178.9501953125,9687.5498046875,,Bullish,Bullish_BOS,10065.614929248524,9977.16701908845,9486.722503512172,1,1,1,3,61.47566292620572,1,10251.849609375,9687.5498046875,-0.6535406053823745,5.133390947284444,1
2017-10-24,10207.7001953125,10207.7001953125,10237.75,10182.400390625,10218.5498046875,217200,,,10178.9501953125,9687.5498046875,,Bullish,Bullish_BOS,10079.146859349856,9986.20753580312,9493.89641089327,1,1,1,3,62.82614235140283,1,10251.849609375,9687.5498046875,-0.4306482805027323,5.369266750745538,1
2017-10-25,10295.349609375,10295.349609375,10340.5498046875,10240.900390625,10321.150390625,594200,,,10178.9501953125,9687.5498046875,,Bullish,Bullish_BOS,10099.737597447489,9998.330754374567,9501.871069584633,1,1,1,3,67.52827160895544,1,10340.5498046875,9687.5498046875,-0.437115977063518,6.274030244400963,1
2017-10-26,10343.7998046875,10343.7998046875,10355.650390625,10271.849609375,10291.7998046875,429700,,,10178.9501953125,9687.5498046875,,Bullish,Bullish_BOS,10122.981617184632,10011.878560269193,9510.248469933915,1,1,1,3,69.80213499876021,1,10355.650390625,9687.5498046875,-0.11443594067475082,6.774158721563017,1
2017-10-27,10323.0498046875,10323.0498046875,10366.150390625,10311.2998046875,10362.2998046875,312700,,,10178.9501953125,9687.5498046875,,Bullish,Bullish_BOS,10142.035730280144,10024.081354167949,9518.3360454041,1,1,1,3,67.61824816021712,1,10366.150390625,9687.5498046875,-0.4157819857261491,6.559966274366946,1
2017-10-30,10363.650390625,10363.650390625,10384.5,10344.2998046875,10353.849609375,236900,,,10178.9501953125,9687.5498046875,,Bullish,Bullish_BOS,10163.141888408225,10037.397786970187,9526.74713341625,1,1,1,3,69.6210287385745,1,10384.5,9775.349609375,-0.20077624705089336,6.018207069400283,1
2017-10-31,10335.2998046875,10335.2998046875,10367.7001953125,10323.9501953125,10364.900390625,232600,,,10178.9501953125,9687.5498046875,,Bullish,Bullish_BOS,10179.537880434822,10049.080219037533,9534.792433627905,1,1,1,3,66.526856705162,1,10384.5,9831.0498046875,-0.4737849228417357,5.129157211263147,1
2017-11-01,10440.5,10440.5,10451.650390625,10383.0498046875,10390.349609375,260300,,,10178.9501953125,9687.5498046875,,Bullish,Bullish_BOS,10204.391415631506,10064.430014369394,9543.804449213696,1,1,1,3,71.57511854703996,1,10451.650390625,9850.650390625,-0.10668545357201964,5.98792552760139,1
2017-11-02,10423.7998046875,10423.7998046875,10453.0,10412.5498046875,10440.5,201500,,,10178.9501953125,9687.5498046875,,Bullish,Bullish_BOS,10225.287452684457,10078.522947323047,9552.560621904977,1,1,1,3,69.77607530739547,1,10453.0,9881.849609375,-0.27934751088204424,5.4842991619539205,1
2017-11-03,10452.5,10452.5,10461.7001953125,10403.599609375,10461.5498046875,199900,,,10178.9501953125,9687.5498046875,,Bullish,Bullish_BOS,10246.926742904985,10093.188714094691,9561.51524258254,1,1,1,3,71.11955584360297,1,10461.7001953125,9906.599609375,-0.08794168386341283,5.51047192932268,1
2017-11-06,10451.7998046875,10451.7998046875,10490.4501953125,10413.75,10431.75,193600,10490.4501953125,,10178.9501953125,9687.5498046875,HH,Bullish,Bullish_BOS,10266.43846307475,10107.251894117939,9570.373795439307,1,1,1,3,71.03659337297398,1,10490.4501953125,9955.7998046875,-0.36843405102165994,4.982020628482986,1
2017-11-07,10350.150390625,10350.150390625,10485.75,10340.7998046875,10477.150390625,286900,,,10490.4501953125,9687.5498046875,,Bullish,,10274.411027603344,10116.777325353509,9578.132766535682,1,1,1,3,60.079629047802584,1,10490.4501953125,9955.7998046875,-1.3374049928780996,3.9610136169253574,1
2017-11-08,10303.150390625,10303.150390625,10384.25,10285.5,10361.9501953125,274500,,,10490.4501953125,9687.5498046875,,Bullish,,10277.148109795882,10124.086073011214,9585.346872248014,1,1,1,3,55.79437842418024,1,10490.4501953125,9955.7998046875,-1.785431522959735,3.4889269847908855,1
2017-11-09,10308.9501953125,10308.9501953125,10368.4501953125,10266.9501953125,10358.650390625,240200,,,10490.4501953125,9687.5498046875,,Bullish,,10280.176879845083,10131.335646434794,9592.546905313333,1,1,1,3,56.20945623390329,1,10490.4501953125,9977.099609375,-1.7301450044641564,3.3261228105378127,1
2017-11-10,10321.75,10321.75,10344.9501953125,10254.099609375,10304.349609375,279400,,,10490.4501953125,9687.5498046875,,Bullish,,10284.136224621741,10138.802875986372,9599.802657499271,1,1,1,3,57.16537640806551,1,10490.4501953125,10120.099609375,-1.6081311304245172,1.992573180190793,1
2017-11-13,10224.9501953125,10224.9501953125,10334.150390625,10216.25,10322.0,210300,,,10490.4501953125,9687.5498046875,,Bullish,,10278.499459925622,10142.181202234457,9606.02303100985,-1,1,1,1,48.53630906681197,0,10490.4501953125,10123.349609375,-2.530873270993028,1.0036261697749627,1
2017-11-14,10186.599609375,10186.599609375,10248.0,10175.5498046875,10223.400390625,305000,,,10490.4501953125,9687.5498046875,,Bullish,,10269.747093206515,10143.923100553693,9611.79991238662,-1,1,1,1,45.599516739525335,0,10490.4501953125,10123.349609375,-2.896449440018034,0.6247932002805268,1
2017-11-15,10118.0498046875,10118.0498046875,10175.4501953125,10094.0,10171.9501953125,207400,,10094.0,10490.4501953125,9687.5498046875,HL,Bullish,,10255.29973239518,10142.908461500116,9616.837224747822,-1,1,1,1,40.84247028406731,-1,10490.4501953125,10094.0,-3.549899038569393,0.2382584177481606,0
2017-11-16,10214.75,10214.75,10232.25,10139.2001953125,10152.900390625,182600,,,10490.4501953125,10094.0,,Bullish,,10251.437853119449,10145.725776735406,9622.786605596102,-1,1,1,1,48.93535385170642,0,10490.4501953125,10094.0,-2.6281064223124817,1.196255201109575,1
2017-11-17,10283.599609375,10283.599609375,10343.599609375,10268.0498046875,10324.5498046875,203300,,,10490.4501953125,10094.0,,Bullish,,10254.500877524739,10151.132593701665,9629.361859365046,1,1,1,3,53.78323150014502,0,10490.4501953125,10094.0,-1.9717989417644688,1.8783397005647018,1
2017-11-20,10298.75,10298.75,10309.849609375,10261.5,10287.2001953125,147200,,,10490.4501953125,10094.0,,Bullish,,10258.71507966524,10156.921511595718,9636.022437878828,1,1,1,3,54.800125273522525,0,10490.4501953125,10094.0,-1.82737815578361,2.028432732316232,1
2017-11-21,10326.900390625,10326.900390625,10358.7001953125,10315.0498046875,10329.25,186100,,,10490.4501953125,10094.0,,Bullish,,10265.208918804265,10163.587349989022,9642.89684536884,1,1,1,3,56.70622973885476,1,10490.4501953125,10094.0,-1.5590351380780576,2.3073151438973705,1
2017-11-22,10342.2998046875,10342.2998046875,10368.7001953125,10309.5498046875,10350.7998046875,157600,,,10490.4501953125,10094.0,,Bullish,,10272.550907936002,10170.595681545825,9649.856078794895,1,1,1,3,57.755728067828954,1,10490.4501953125,10094.0,-1.4122405413182215,2.4598752198087936,1
2017-11-23,10348.75,10348.75,10374.2998046875,10307.2998046875,10358.4501953125,153000,,,10490.4501953125,10094.0,,Bullish,,10279.80796432305,10177.582125406774,9656.810247165096,1,1,1,3,58.21266303147438,1,10490.4501953125,10094.0,-1.350754187611669,2.523776500891617,1
2017-11-24,10389.7001953125,10389.7001953125,10404.5,10362.25,10366.7998046875,129200,,,10490.4501953125,10094.0,,Bullish,,10290.27389108395,10185.900481089351,9664.102684460095,1,1,1,3,61.09015337851665,1,10490.4501953125,10094.0,-0.9603972958664664,2.929464982291452,1
2017-11-27,10399.5498046875,10399.5498046875,10407.150390625,10340.2001953125,10361.0498046875,141900,,,10490.4501953125,10094.0,,Bullish,,10300.681120950956,10194.278885936337,9671.420566253402,1,1,1,3,61.7720181672485,1,10490.4501953125,10094.0,-0.8665060977613437,3.027043834827614,1
2017-11-28,10370.25,10370.25,10409.5498046875,10355.2001953125,10387.900390625,196000,10409.5498046875,,10490.4501953125,10094.0,LH,Bearish,,10307.306728479436,10201.179713938835,9678.374092957349,1,1,1,3,58.488498518699885,1,10490.4501953125,10094.0,-1.1458058812977345,2.736774321379043,1
2017-11-29,10361.2998046875,10361.2998046875,10392.9501953125,10345.900390625,10376.650390625,152500,,,10409.5498046875,10094.0,,Bearish,,10312.448926213538,10207.45893318388,9685.169373671082,1,1,1,3,57.48332240212732,1,10490.4501953125,10094.0,-1.231123433412884,2.648105851867455,1
2017-11-30,10226.5498046875,10226.5498046875,10332.7001953125,10211.25,10332.7001953125,342500,,,10409.5498046875,10094.0,,Bearish,,10304.268057496773,10208.207594811473,9690.556243631445,-1,1,1,1,44.95640513149011,-1,10490.4501953125,10094.0,-2.5156250276362813,1.3131543955567704,1
2017-12-01,10121.7998046875,10121.7998046875,10272.7001953125,10108.5498046875,10263.7001953125,143400,,,10409.5498046875,10094.0,,Bearish,,10286.890128657795,10204.819054022297,9694.847224338471,-1,1,1,1,38.02013573810052,-1,10490.4501953125,10094.0,-3.514152240956503,0.27540920039133,0
2017-12-04,10127.75,10127.75,10179.2001953125,10095.7001953125,10175.0498046875,148600,,,10409.5498046875,10094.0,,Bearish,,10271.73392592848,10201.796738178286,9699.15471464356,-1,1,1,1,38.599653922535644,-1,10485.75,10094.0,-3.414157308728516,0.3343570437883914,0
2017-12-05,10118.25,10118.25,10147.9501953125,10069.099609375,10118.25,155500,,,10409.5498046875,10094.0,,Bearish,,10257.116409173386,10198.520395504629,9703.324816985418,-1,1,1,1,37.98892218897478,-1,10409.5498046875,10069.099609375,-2.7983900375434634,0.4881309405186274,1
2017-12-06,10044.099609375,10044.099609375,10104.2001953125,10033.349609375,10088.7998046875,166100,,10033.349609375,10409.5498046875,10094.0,LL,Bearish,Bearish_BOS,10236.829094906872,10192.464678401508,9706.715610939544,-1,1,1,1,33.52958986971795,-1,10409.5498046875,10033.349609375,-3.510720465047734,0.10714268333633648,0
2017-12-07,10166.7001953125,10166.7001953125,10182.650390625,10061.900390625,10063.4501953125,166200,,,10409.5498046875,10033.349609375,,Bearish,,10230.150152088361,10191.454306515665,9711.29257197808,-1,1,1,1,45.02100357478232,0,10409.5498046875,10033.349609375,-2.332950165295744,1.3290734513317304,1
2017-12-08,10265.650390625,10265.650390625,10270.849609375,10195.25,10198.4501953125,200000,,,10409.5498046875,10033.349609375,,Bearish,,10233.531127187089,10194.363956872894,9716.808570173573,1,1,1,3,52.20313441276007,0,10409.5498046875,10033.349609375,-1.3823788421445604,2.3152864227210967,1
2017-12-11,10322.25,10322.25,10329.2001953125,10282.0498046875,10310.5,147400,,,10409.5498046875,10033.349609375,,Bearish,,10241.980543645463,10199.379095819057,9722.832863007668,1,1,1,3,55.76292438393563,1,10409.5498046875,10033.349609375,-0.8386511071611258,2.879401215672339,1
2017-12-12,10240.150390625,10240.150390625,10326.099609375,10230.2001953125,10324.900390625,175100,,,10409.5498046875,10033.349609375,,Bearish,,10241.8062433578,10200.977970125172,9727.980301093414,-1,1,1,1,49.95146115169536,0,10409.5498046875,10033.349609375,-1.6273462084423485,2.0611340110860743,1
2017-12-13,10192.9501953125,10192.9501953125,10296.5498046875,10169.849609375,10236.599609375,181600,,,10409.5498046875,10033.349609375,,Bearish,,10237.153286401106,10200.663155426637,9732.606867205048,-1,1,1,1,46.92371323908194,0,10409.5498046875,10033.349609375,-2.080777876459783,1.5907009338972156,1
2017-12-14,10252.099609375,10252.099609375,10276.099609375,10141.5498046875,10229.2998046875,154300,,,10409.5498046875,10033.349609375,,Bearish,,10238.576745731953,10202.680271267749,9737.77594921669,1,1,1,3,50.93714316055166,0,10409.5498046875,10033.349609375,-1.5125552811284804,2.1802290213788877,1
2017-12-15,10333.25,10333.25,10373.099609375,10319.650390625,10345.650390625,255100,,,10409.5498046875,10033.349609375,,Bearish,,10247.593246138433,10207.800652786662,9743.701064149858,1,1,1,3,55.86770608203177,1,10409.5498046875,10033.349609375,-0.7329789099346229,2.9890355893188225,1
2017-12-18,10388.75,10388.75,10443.5498046875,10074.7998046875,10263.099609375,230400,,10074.7998046875,10409.5498046875,10033.349609375,HL,Bullish,,10261.0367465062,10214.896705618557,9750.1194615215,1,1,1,3,58.90912415778094,1,10443.5498046875,10033.349609375,-0.5247239273269311,3.542190838171533,1
2017-12-19,10463.2001953125,10463.2001953125,10472.2001953125,10406.0,10414.7998046875,169100,,,10409.5498046875,10074.7998046875,,Bullish,Bullish_BOS,10280.290408297278,10224.634097371261,9757.214792205988,1,1,1,3,62.62965001876977,1,10472.2001953125,10033.349609375,-0.0859418253293942,4.284218159166442,1
2017-12-20,10444.2001953125,10444.2001953125,10494.4501953125,10437.150390625,10494.400390625,175200,,,10409.5498046875,10074.7998046875,,Bullish,Bullish_BOS,10295.90086420349,10233.244532584644,9764.050467858791,1,1,1,3,61.10897513674368,1,10494.4501953125,10033.349609375,-0.4788245126213897,4.09484969559526,1
2017-12-21,10440.2998046875,10440.2998046875,10473.9501953125,10426.900390625,10473.9501953125,151900,,,10409.5498046875,10074.7998046875,,Bullish,Bullish_BOS,10309.653144249585,10241.364347176914,9770.779316981465,1,1,1,3,60.78270629088275,1,10494.4501953125,10033.349609375,-0.5159907343139092,4.055975433490855,1
2017-12-22,10493.0,10493.0,10501.099609375,10448.25,10457.2998046875,138800,,,10409.5498046875,10074.7998046875,,Bullish,Bullish_BOS,10327.114749559149,10251.232411993506,9777.965592434386,1,1,1,3,63.609822041271464,1,10501.099609375,10033.349609375,-0.07713105937752207,4.581225697502966,1
2017-12-26,10531.5,10531.5,10545.4501953125,10477.9501953125,10512.2998046875,155600,,,10409.5498046875,10074.7998046875,,Bullish,Bullish_BOS,10346.580011505896,10262.223297797682,9785.463447236034,1,1,1,3,65.56292617475324,1,10545.4501953125,10033.349609375,-0.1322863894298365,4.964946005265647,1
2017-12-27,10490.75,10490.75,10552.400390625,10469.25,10531.0498046875,165200,10552.400390625,,10409.5498046875,10074.7998046875,HH,Bullish,Bullish_BOS,10360.310486600572,10271.185129256595,9792.481223880452,1,1,1,3,61.78317665137953,1,10552.400390625,10033.349609375,-0.5842309649259692,4.558800484711623,1
2017-12-28,10477.900390625,10477.900390625,10534.5498046875,10460.4501953125,10498.2001953125,272900,,,10552.400390625,10074.7998046875,,Bullish,,10371.50952507909,10279.291610094571,9799.301315091841,1,1,1,3,60.59685683233349,1,10552.400390625,10033.349609375,-0.7060005045504858,4.430731496036167,1
2017-12-29,10530.7001953125,10530.7001953125,10538.7001953125,10488.650390625,10492.349609375,152000,,,10552.400390625,10074.7998046875,,Bullish,,10386.670541291795,10289.150770299197,9806.578915890059,1,1,1,3,63.68268905741596,1,10552.400390625,10033.349609375,-0.20564226630159776,4.956974542906223,1
2018-01-02,10442.2001953125,10442.2001953125,10495.2001953125,10404.650390625,10477.5498046875,153400,,10404.650390625,10552.400390625,10074.7998046875,HL,Bullish,,10391.959079769958,10295.152708535014,9812.90350573506,1,1,1,3,55.79527716830791,1,10552.400390625,10033.349609375,-1.0443140066065393,4.074916173114085,1
2018-01-03,10443.2001953125,10443.2001953125,10503.599609375,10429.5498046875,10482.650390625,167300,,,10552.400390625,10404.650390625,,Bullish,,10396.839186012105,10300.95849233021,9819.175114586576,1,1,1,3,55.86179975994045,1,10552.400390625,10033.349609375,-1.0348374897669377,4.084882934354672,1
2018-01-04,10504.7998046875,10504.7998046875,10513.0,10441.4501953125,10469.400390625,174900,,,10552.400390625,10404.650390625,,Bullish,,10407.121149695475,10308.952269285399,9825.997250806488,1,1,1,3,59.86817849500094,1,10552.400390625,10033.349609375,-0.451087754211732,4.6988315335088515,1
2018-01-05,10558.849609375,10558.849609375,10566.099609375,10520.099609375,10534.25,180900,,,10552.400390625,10404.650390625,,Bullish,Bullish_BOS,10421.571479188764,10318.752164975187,9833.289314075826,1,1,1,3,63.03839590395579,1,10566.099609375,10061.900390625,-0.06861566962294008,4.9389200792826715,1
2018-01-08,10623.599609375,10623.599609375,10631.2001953125,10588.5498046875,10591.7001953125,169000,,,10552.400390625,10404.650390625,,Bullish,Bullish_BOS,10440.812253492215,10330.706966716356,9841.153098108653,1,1,1,3,66.45688281361237,1,10631.2001953125,10074.7998046875,-0.07149320676748117,5.447252703047867,1
2018-01-09,10637.0,10637.0,10659.150390625,10603.599609375,10645.099609375,205000,,,10552.400390625,10404.650390625,,Bullish,Bullish_BOS,10459.49680077867,10342.718458217676,9849.071972754338,1,1,1,3,67.13434914491502,1,10659.150390625,10074.7998046875,-0.2078063430316357,5.580261704564338,1
2018-01-10,10632.2001953125,10632.2001953125,10655.5,10592.7001953125,10652.0498046875,176400,,,10552.400390625,10404.650390625,,Bullish,Bullish_BOS,10475.944743115226,10354.070683201788,9856.864293376808,1,1,1,3,66.61537044358445,1,10659.150390625,10074.7998046875,-0.25283624233506385,5.5326200165849215,1
2018-01-11,10651.2001953125,10651.2001953125,10664.599609375,10612.349609375,10637.0498046875,153800,,,10552.400390625,10404.650390625,,Bullish,Bullish_BOS,10492.635738562585,10365.72282093162,9864.768133197063,1,1,1,3,67.68045647541172,1,10664.599609375,10074.7998046875,-0.1256438549340433,5.721209371890623,1
2018-01-12,10681.25,10681.25,10690.400390625,10597.099609375,10682.5498046875,175200,,,10552.400390625,10404.650390625,,Bullish,Bullish_BOS,10510.599001556624,10378.096435797048,9872.892330876695,1,1,1,3,69.3461528886389,1,10690.400390625,10074.7998046875,-0.08559446129842163,6.01947638731577,1
2018-01-15,10741.5498046875,10741.5498046875,10782.650390625,10713.7998046875,10718.5,175900,,,10552.400390625,10404.650390625,,Bullish,Bullish_BOS,10532.594316140516,10392.34950908687,9881.535688825063,1,1,1,3,72.41810008141583,1,10782.650390625,10074.7998046875,-0.38117331498789264,6.6179975078986875,1
2018-01-16,10700.4501953125,10700.4501953125,10762.349609375,10687.849609375,10761.5,211000,,,10552.400390625,10404.650390625,,Bullish,Bullish_BOS,10548.58059034737,10404.431888938854,9889.68409187469,1,1,1,3,67.45610327160728,1,10782.650390625,10074.7998046875,-0.7623375731811599,6.210052832354096,1
2018-01-17,10788.5498046875,10788.5498046875,10803.0,10666.75,10702.4501953125,252700,,,10552.400390625,10404.650390625,,Bullish,Bullish_BOS,10571.434801236906,10419.495336615271,9898.628029315612,1,1,1,3,71.90064225228511,1,10803.0,10404.650390625,-0.13376094892622037,3.689690663786349,1
2018-01-18,10817.0,10817.0,10887.5,10782.400390625,10873.400390625,312000,,,10552.400390625,10404.650390625,,Bullish,Bullish_BOS,10594.821963023867,10435.083754787222,9907.766058874662,1,1,1,3,73.17472406750757,1,10887.5,10404.650390625,-0.6475315729047026,3.9631279658040475,1
2018-01-19,10894.7001953125,10894.7001953125,10906.849609375,10793.900390625,10829.2001953125,207600,,,10552.400390625,10404.650390625,,Bullish,Bullish_BOS,10623.381794670404,10453.107928925467,9917.586299038223,1,1,1,3,76.33117577778191,1,10906.849609375,10404.650390625,-0.11139251477398915,4.70991130205638,1
2018-01-22,10966.2001953125,10966.2001953125,10975.099609375,10881.400390625,10883.2001953125,231600,,,10552.400390625,10404.650390625,,Bullish,Bullish_BOS,10656.031166160128,10473.229194273978,9928.02026815538,1,1,1,3,78.80290000718247,1,10975.099609375,10404.650390625,-0.08108731928864188,5.397104021808152,1
2018-01-23,11083.7001953125,11083.7001953125,11092.900390625,10994.5498046875,10997.400390625,284600,,,10552.400390625,10404.650390625,,Bullish,Bullish_BOS,10696.761549888924,10497.16923353039,9939.519570913162,1,1,1,3,82.10937569976815,1,11092.900390625,10404.650390625,-0.08293768977025717,6.526406743078561,1
2018-01-24,11086.0,11086.0,11110.099609375,11046.150390625,11069.349609375,283400,,,10552.400390625,10404.650390625,,Bullish,Bullish_BOS,10733.831878470934,10520.260636137042,9950.927336376713,1,1,1,3,82.16800659861046,1,11110.099609375,10404.650390625,-0.21691623137801708,6.548510365989069,1
2018-01-25,11069.650390625,11069.650390625,11095.599609375,11009.2001953125,11095.599609375,330300,,,10552.400390625,10404.650390625,,Bullish,Bullish_BOS,10765.814593914178,10541.805332391472,9962.0589090558,1,1,1,3,80.15686391509533,1,11110.099609375,10404.650390625,-0.3640761124757863,6.39137284804101,1
2018-01-29,11130.400390625,11130.400390625,11171.5498046875,11075.9501953125,11079.349609375,241700,11171.5498046875,,10552.400390625,10404.650390625,HH,Bullish,Bullish_BOS,10800.53705074378,10564.887491537886,9973.684197429624,1,1,1,3,81.92695289201946,1,11171.5498046875,10404.650390625,-0.3683411413986093,6.975246382655298,1
2018-01-30,11049.650390625,11049.650390625,11121.099609375,11033.900390625,11120.849609375,228000,,,11171.5498046875,10404.650390625,,Bullish,,10824.262130732468,10583.897801306008,9984.390328705202,1,1,1,3,72.65007602939905,1,11171.5498046875,10404.650390625,-1.0911593842722889,6.1991511082503115,1
2018-01-31,11027.7001953125,11027.7001953125,11058.5,10979.2998046875,11018.7998046875,245900,,,11171.5498046875,10404.650390625,,Bullish,,10843.637184501995,10601.301816757243,9994.771521407762,1,1,1,3,70.3191466146862,1,11171.5498046875,10429.5498046875,-1.2876423763034328,5.735150623243257,1
2018-02-01,11016.900390625,11016.900390625,11117.349609375,10878.7998046875,11044.5498046875,306200,,,11171.5498046875,10404.650390625,,Bullish,,10860.138442227995,10617.599800046175,10004.941957917386,1,1,1,3,69.14368682300272,1,11171.5498046875,10441.4501953125,-1.384314770700934,5.511209502017622,1
2018-02-02,10760.599609375,10760.599609375,10954.9501953125,10736.099609375,10938.2001953125,282700,,,11171.5498046875,10404.650390625,,Bullish,,10850.658553384852,10623.20763570613,10012.46093952393,-1,1,1,1,48.44636691215277,0,11171.5498046875,10520.099609375,-3.6785423911377846,2.2861000269016385,0
2018-02-05,10666.5498046875,10666.5498046875,10702.75,10586.7998046875,10604.2998046875,240100,,,11171.5498046875,10404.650390625,,Bullish,,10833.124386842246,10624.907328607362,10018.96928644098,-1,1,1,1,43.32176248040872,-1,11171.5498046875,10586.7998046875,-4.520411302182136,0.7532965718751949,0
2018-02-06,10498.25,10498.25,10594.150390625,10276.2998046875,10295.150390625,266500,,10276.2998046875,11171.5498046875,10404.650390625,LL,Bearish,,10801.231588095367,10619.940374544329,10023.738248764952,-1,1,1,1,35.98603022804238,-1,11171.5498046875,10276.2998046875,-6.026914944289896,2.15982600285034,0
2018-02-07,10476.7001953125,10476.7001953125,10614.0,10446.400390625,10607.2001953125,250400,,,11171.5498046875,10276.2998046875,,Bearish,,10770.32383640176,10614.323112613669,10028.245332810202,-1,1,1,1,35.16493859288772,-1,11171.5498046875,10276.2998046875,-6.219813915912065,1.9501220715026912,0
2018-02-08,10576.849609375,10576.849609375,10637.7998046875,10479.5498046875,10518.5,232200,,,11171.5498046875,10276.2998046875,,Bearish,,10751.897719542068,10612.853563467055,10033.704081830747,-1,1,1,1,41.80995610631792,-1,11171.5498046875,10276.2998046875,-5.323345513466437,2.924688948354781,0
2018-02-09,10454.9501953125,10454.9501953125,10480.2001953125,10398.2001953125,10416.5,191600,,,11171.5498046875,10276.2998046875,,Bearish,,10723.617002948777,10606.661274519818,10037.895585447483,-1,1,1,1,36.85821036736094,-1,11171.5498046875,10276.2998046875,-6.414504897738715,1.7384700137252684,0
2018-02-12,10539.75,10539.75,10555.5,10485.400390625,10518.2001953125,217400,,,11171.5498046875,10276.2998046875,,Bearish,,10706.105859810797,10604.03730297002,10042.889161711686,-1,1,1,1,42.00402781409915,-1,11171.5498046875,10276.2998046875,-5.655435599655134,2.563667860218799,0
2018-02-14,10500.900390625,10500.900390625,10590.5498046875,10456.650390625,10585.75,229200,,,11171.5498046875,10276.2998046875,,Bearish,,10686.562481793102,10599.992718172178,10047.446487372516,-1,1,1,1,40.38040679251504,-1,11171.5498046875,10276.2998046875,-6.003190477485054,2.185617296169662,0
2018-02-15,10545.5,10545.5,10618.099609375,10511.0498046875,10537.900390625,210600,,,11171.5498046875,10276.2998046875,,Bearish,,10673.127959717569,10597.855748832093,10052.402243717068,-1,1,1,1,43.09958842459165,-1,11171.5498046875,10276.2998046875,-5.603965569976821,2.619621852504772,0
2018-02-16,10452.2998046875,10452.2998046875,10612.900390625,10434.0498046875,10596.2001953125,184300,,,11171.5498046875,10276.2998046875,,Bearish,,10652.096706857563,10592.147672591129,10056.381323925729,-1,1,1,1,39.08760842509436,-1,11171.5498046875,10276.2998046875,-6.438229364543568,1.7126787204059468,0
2018-02-19,10378.400390625,10378.400390625,10489.349609375,10302.75,10488.900390625,187300,,10302.75,11171.5498046875,10276.2998046875,HL,Bullish,,10626.030391025892,10583.765426239515,10059.585493743632,-1,1,1,1,36.209439410426924,-1,11171.5498046875,10276.2998046875,-7.099725892370823,0.9935539822507611,-1
2018-02-20,10360.400390625,10360.400390625,10429.349609375,10347.650390625,10391.0,187700,,,11171.5498046875,10302.75,,Bullish,,10600.732295749616,10575.006013078162,10062.57867679718,-1,1,1,1,35.52330879359883,-1,11171.5498046875,10276.2998046875,-7.260849463537711,0.8183936585728802,-1
2018-02-21,10397.4501953125,10397.4501953125,10426.099609375,10349.599609375,10426.0,234100,,,11171.5498046875,10302.75,,Bullish,,10581.372095707986,10568.04303983245,10065.91073170778,-1,1,1,1,38.122371512016514,-1,11171.5498046875,10276.2998046875,-6.9292051945218365,1.17893009086536,0
2018-02-22,10382.7001953125,10382.7001953125,10397.5498046875,10340.650390625,10354.349609375,313600,,,11171.5498046875,10302.75,,Bullish,,10562.450962336987,10560.77469298853,10069.062865673997,-1,1,1,1,37.47471734531016,-1,11171.5498046875,10276.2998046875,-7.061237009783595,1.0353959367404464,-1
2018-02-23,10491.0498046875,10491.0498046875,10499.099609375,10396.650390625,10408.099609375,210600,,,11171.5498046875,10302.75,,Bullish,,10555.650852084656,10558.040383643392,10073.261740689059,-1,-1,1,-1,44.88226764480921,-1,11171.5498046875,10276.2998046875,-6.091366121059294,2.089759972768035,0
2018-02-26,10582.599609375,10582.599609375,10592.9501953125,10520.2001953125,10526.5498046875,171900,,,11171.5498046875,10302.75,,Bullish,,10558.217400398024,10559.003490534828,10078.329779183447,1,-1,1,1,50.24593984227534,0,11171.5498046875,10276.2998046875,-5.271875483788124,2.9806429406407764,0
2018-02-27,10554.2998046875,10554.2998046875,10631.650390625,10537.25,10615.2001953125,187500,10631.650390625,,11171.5498046875,10302.75,LH,Bearish,,10557.844296044641,10558.819032266305,10083.065799337715,-1,-1,1,-1,48.669285270952415,0,11121.099609375,10276.2998046875,-5.096616563075218,2.7052538879139387,0
2018-02-28,10492.849609375,10492.849609375,10535.5,10461.5498046875,10488.9501953125,286000,,,10631.650390625,10302.75,,Bearish,,10551.654325885627,10556.23199607449,10087.143250183859,-1,-1,1,-1,45.34220892464332,0,11117.349609375,10276.2998046875,-5.6173460576734335,2.10727410452467,0
2018-03-01,10458.349609375,10458.349609375,10525.5,10447.150390625,10479.9501953125,176000,,,10631.650390625,10302.75,,Bearish,,10542.768162408425,10552.393471105883,10090.836845797703,-1,-1,1,-1,43.542502390458615,-1,11117.349609375,10276.2998046875,-5.927671820667413,1.7715501508087428,0
2018-03-05,10358.849609375,10358.849609375,10428.7001953125,10323.900390625,10428.2998046875,194000,,,10631.650390625,10302.75,,Bearish,,10525.252109738574,10544.803515743888,10093.50363946514,-1,-1,1,-1,38.76376033946937,-1,10954.9501953125,10276.2998046875,-5.441381068008555,0.803302806033801,0
2018-03-06,10249.25,10249.25,10441.349609375,10215.900390625,10420.5,222900,,,10631.650390625,10302.75,,Bearish,Bearish_BOS,10498.966194525377,10533.213181793148,10095.053354495338,-1,-1,1,-1,34.29850768215384,-1,10702.75,10215.900390625,-4.237228749620425,0.3264480672267034,0
2018-03-07,10154.2001953125,10154.2001953125,10243.349609375,10141.5498046875,10232.9501953125,249500,,10141.5498046875,10631.650390625,10302.75,LL,Bearish,Bearish_BOS,10466.131337457484,10518.349927421357,10095.641880274614,-1,-1,1,-1,30.966962885604573,-1,10637.7998046875,10141.5498046875,-4.546049166688626,0.1247382389144569,0
2018-03-08,10242.650390625,10242.650390625,10270.349609375,10146.400390625,10216.25,226400,,,10631.650390625,10141.5498046875,,Bearish,,10444.847437759152,10507.538180880325,10097.104651521882,-1,-1,1,-1,37.09071282098685,-1,10637.7998046875,10141.5498046875,-3.7145784026540785,0.9968948324916793,0
2018-03-09,10226.849609375,10226.849609375,10296.7001953125,10211.900390625,10271.2998046875,186500,,,10631.650390625,10141.5498046875,,Bearish,,10424.085739817805,10496.53078591933,10098.395646127386,-1,-1,1,-1,36.46835367946555,-1,10637.7998046875,10141.5498046875,-3.86311270053622,0.8410924003752651,0
2018-03-12,10421.400390625,10421.400390625,10433.650390625,10295.4501953125,10301.599609375,216400,,,10631.650390625,10141.5498046875,,Bearish,,10423.829992275632,10493.58449590779,10101.609623684577,-1,-1,1,-1,48.03104603125763,0,10631.650390625,10141.5498046875,-1.9775857207023906,2.7594459557665596,1
2018-03-13,10426.849609375,10426.849609375,10478.599609375,10377.849609375,10389.5,266700,10478.599609375,,10631.650390625,10141.5498046875,LH,Bearish,,10424.117574856524,10490.967441533954,10104.845842447667,1,-1,1,1,48.31478639622233,0,10631.650390625,10141.5498046875,-1.9263310372827247,2.8131775732702424,1
2018-03-14,10410.900390625,10410.900390625,10420.349609375,10336.2998046875,10393.0498046875,181400,,,10478.599609375,10141.5498046875,,Bearish,,10422.858795405902,10487.827557184584,10107.891161335003,-1,-1,1,-1,47.497382542845486,0,10631.650390625,10141.5498046875,-2.076347433270165,2.655911484189577,1
2018-03-15,10360.150390625,10360.150390625,10420.0,10346.2001953125,10405.4501953125,173900,,,10478.599609375,10141.5498046875,,Bearish,,10416.88656637915,10482.820609476365,10110.401203417492,-1,-1,1,-1,44.89463311866705,-1,10631.650390625,10141.5498046875,-2.553695710681092,2.155494871567476,1
2018-03-16,10195.150390625,10195.150390625,10346.2998046875,10180.25,10345.150390625,328500,,,10478.599609375,10141.5498046875,,Bearish,,10395.768835354946,10471.53942442337,10111.244478912095,-1,-1,1,-1,37.667555773587786,-1,10631.650390625,10141.5498046875,-4.105665479603305,0.5285246039291369,0
2018-03-19,10094.25,10094.25,10224.5498046875,10075.2998046875,10215.349609375,210200,,,10478.599609375,10141.5498046875,,Bearish,Bearish_BOS,10367.052755797333,10456.743760720494,10111.075379619439,-1,-1,1,-1,34.05704364366953,-1,10631.650390625,10075.2998046875,-5.054722182163552,0.18808567169070756,0
2018-03-20,10124.349609375,10124.349609375,10155.650390625,10049.099609375,10051.5498046875,203000,,,10478.599609375,10141.5498046875,,Bearish,Bearish_BOS,10343.938170423779,10443.708695961848,10111.207461507553,-1,-1,1,-1,36.026974373426604,-1,10631.650390625,10049.099609375,-4.7716089469734495,0.7488233068144501,0
2018-03-21,10155.25,10155.25,10227.2998046875,10132.9501953125,10181.9501953125,204800,,,10478.599609375,10141.5498046875,,Bearish,,10325.967868478656,10432.396590237853,10111.645695721409,-1,-1,1,-1,38.07226729275348,-1,10631.650390625,10049.099609375,-4.480963661531712,1.0563174289363264,0
2018-03-22,10114.75,10114.75,10207.849609375,10105.400390625,10167.5,230500,,,10478.599609375,10141.5498046875,,Bearish,Bearish_BOS,10305.851881004497,10419.939861208917,10111.676584321196,-1,-1,1,-1,36.42837210300849,-1,10631.650390625,10049.099609375,-4.861901695721704,0.653296247195656,0
2018-03-23,9998.0498046875,9998.0498046875,10027.7001953125,9951.900390625,9968.7998046875,285700,,9951.900390625,10478.599609375,10141.5498046875,LL,Bearish,Bearish_BOS,10276.537397545735,10403.395153110037,10110.545969598472,-1,-1,1,-1,32.124118548397135,-1,10631.650390625,9951.900390625,-5.959569423917566,0.4637246380196247,0
2018-03-26,10130.650390625,10130.650390625,10143.5,9958.5498046875,9989.150390625,262600,,,10478.599609375,9951.900390625,,Bearish,,10262.643396886619,10392.699280071409,10110.746013588787,-1,-1,1,-1,40.69814648158971,-1,10631.650390625,9951.900390625,-4.7123445710910765,1.7961393601606757,0
2018-03-27,10184.150390625,10184.150390625,10207.900390625,10139.650390625,10188.0,225700,,,10478.599609375,9951.900390625,,Bearish,,10255.167872480752,10384.52089224998,10111.476405400093,-1,-1,1,-1,43.783643482462686,-1,10631.650390625,9951.900390625,-4.20913013086478,2.3337251266982717,0
2018-03-28,10113.7001953125,10113.7001953125,10158.349609375,10096.900390625,10143.599609375,344400,,,10478.599609375,9951.900390625,,Bearish,,10241.69476036949,10373.900472762236,10111.498532662903,-1,-1,1,-1,40.77504383494793,-1,10535.5,9951.900390625,-4.003604999169474,1.6258181687581974,0
2018-04-02,10211.7998046875,10211.7998046875,10220.099609375,10127.75,10151.650390625,225400,,,10478.599609375,9951.900390625,,Bearish,,10238.84762173311,10367.54358381813,10112.496555270112,-1,-1,1,-1,46.307706794973534,0,10525.5,9951.900390625,-2.980382835138473,2.611555621148831,1
2018-04-03,10245.0,10245.0,10255.349609375,10171.0498046875,10186.849609375,205300,,,10478.599609375,9951.900390625,,Bearish,,10239.433562520433,10362.737953080165,10113.814997506232,1,-1,1,1,48.07561169517824,0,10478.599609375,9951.900390625,-2.2293017968355477,2.9451622089295526,1
2018-04-04,10128.400390625,10128.400390625,10279.849609375,10111.2998046875,10274.599609375,231100,,,10478.599609375,9951.900390625,,Bearish,,10228.858974720868,10353.54824474859,10113.960125795971,-1,-1,1,-1,42.75158409566041,-1,10478.599609375,9951.900390625,-3.3420421793450727,1.7735306129698536,0
2018-04-05,10325.150390625,10325.150390625,10331.7998046875,10227.4501953125,10228.4501953125,236800,,,10478.599609375,9951.900390625,,Bearish,,10238.029585759357,10352.434603410411,10116.061521465912,1,-1,1,1,52.34229744333577,0,10478.599609375,9951.900390625,-1.4644057838865465,3.7505399506571946,1
2018-04-06,10331.599609375,10331.599609375,10350.4501953125,10290.849609375,10322.75,200200,,,10478.599609375,9951.900390625,,Bearish,,10246.941016579894,10351.617544820787,10118.206179057046,1,-1,1,1,52.62247725295272,0,10478.599609375,9951.900390625,-1.402859212871177,3.8153438423448094,1
2018-04-09,10379.349609375,10379.349609375,10397.7001953125,10328.5,10333.7001953125,221600,,,10478.599609375,9951.900390625,,Bearish,,10259.551358750858,10352.70507676409,10120.804621149762,1,-1,1,1,54.74392141192504,0,10478.599609375,9951.900390625,-0.9471685501868277,4.295151699394717,1
2018-04-10,10402.25,10402.25,10424.849609375,10381.5,10412.900390625,251700,,,10478.599609375,9951.900390625,,Bearish,,10273.141705536491,10354.648014930204,10123.605072680612,1,-1,1,1,55.7668868481127,1,10478.599609375,9951.900390625,-0.7286241694614559,4.525262429266719,1
2018-04-11,10417.150390625,10417.150390625,10428.150390625,10355.599609375,10428.150390625,250400,,,10478.599609375,9951.900390625,,Bearish,,10286.856818402062,10357.099088486862,10126.52592161538,1,-1,1,1,56.4565645386475,1,10478.599609375,9951.900390625,-0.5864258683481172,4.674986502460166,1
2018-04-12,10458.650390625,10458.650390625,10469.900390625,10395.25,10410.650390625,238600,,,10478.599609375,9951.900390625,,Bearish,,10303.218110994723,10361.08149249228,10129.830642700053,1,-1,1,1,58.401954725742186,1,10469.900390625,9951.900390625,-0.10745087899856065,5.091992283979985,1
2018-04-13,10480.599609375,10480.599609375,10519.900390625,10451.4501953125,10495.2998046875,213100,,,10478.599609375,9951.900390625,,Bearish,Bullish_BOS,10320.11158703094,10365.768477468073,10133.320881174432,1,-1,1,1,59.43423899957383,1,10519.900390625,9951.900390625,-0.37358510813489954,5.312545322982243,1
2018-04-16,10528.349609375,10528.349609375,10540.150390625,10396.349609375,10398.2998046875,195000,,,10478.599609375,9951.900390625,,Bearish,Bullish_BOS,10339.943779635136,10372.14420813109,10137.25151528588,1,-1,1,1,61.66309702818676,1,10540.150390625,9951.900390625,-0.11196027393021168,5.79235318003215,1
2018-04-17,10548.7001953125,10548.7001953125,10560.4501953125,10495.650390625,10557.2998046875,206100,,,10478.599609375,9951.900390625,,Bearish,Bullish_BOS,10359.82534303298,10379.067972334284,10141.345532002562,1,-1,1,1,62.606097257082084,1,10560.4501953125,9951.900390625,-0.111264195964067,5.996842625652721,1
2018-04-18,10526.2001953125,10526.2001953125,10594.2001953125,10509.7001953125,10578.900390625,205400,,,10478.599609375,9951.900390625,,Bearish,Bullish_BOS,10375.670567059602,10384.83786343147,10145.174931637486,1,-1,1,1,60.8246830543294,1,10594.2001953125,9951.900390625,-0.6418606288947304,5.770755153744389,1
2018-04-19,10565.2998046875,10565.2998046875,10572.2001953125,10546.2001953125,10563.650390625,262600,,,10478.599609375,9951.900390625,,Bearish,Bullish_BOS,10393.730494452735,10391.914802304256,10149.35527863301,1,1,1,3,62.80531486289348,1,10594.2001953125,9951.900390625,-0.2727944544392069,6.163641013130938,1
2018-04-20,10564.0498046875,10564.0498046875,10582.349609375,10527.4501953125,10560.349609375,244600,,,10478.599609375,9951.900390625,,Bearish,Bullish_BOS,10409.95138114176,10398.66519455458,10153.481592325094,1,1,1,3,62.69618223713506,1,10594.2001953125,9951.900390625,-0.28459336305859395,6.151080598024916,1
2018-04-23,10584.7001953125,10584.7001953125,10638.349609375,10514.9501953125,10592.7998046875,194200,,,10478.599609375,9951.900390625,,Bearish,Bullish_BOS,10426.594125348496,10405.96068478038,10157.772324693127,1,1,1,3,63.81482602186163,1,10638.349609375,9951.900390625,-0.5043020396248488,6.358582580706074,1
2018-04-24,10614.349609375,10614.349609375,10636.7998046875,10569.0,10578.099609375,219200,,,10478.599609375,9951.900390625,,Bearish,Bullish_BOS,10444.475600017688,10414.132799470366,10162.31538225215,1,1,1,3,65.41828406173697,1,10638.349609375,9958.5498046875,-0.225598902849089,6.585294220036086,1
2018-04-25,10570.5498046875,10570.5498046875,10612.599609375,10536.4501953125,10612.400390625,189200,,,10478.599609375,9951.900390625,,Bearish,Bullish_BOS,10456.482667129098,10420.26679967496,10166.377416306235,1,1,1,3,61.110225827630046,1,10638.349609375,10096.900390625,-0.637315064620092,4.691037801088793,1
2018-04-26,10617.7998046875,10617.7998046875,10628.400390625,10559.650390625,10586.5,335100,,,10478.599609375,9951.900390625,,Bearish,Bullish_BOS,10471.84620403942,10428.013192028395,10170.869181364757,1,1,1,3,63.87408313467372,1,10638.349609375,10096.900390625,-0.19316722463595948,5.1590031981117335,1
2018-04-27,10692.2998046875,10692.2998046875,10719.7998046875,10647.5498046875,10651.650390625,0,,,10478.599609375,9951.900390625,,Bearish,Bullish_BOS,10492.841785053524,10438.377372916988,10176.057545775928,1,1,1,3,67.76416118444195,1,10719.7998046875,10111.2998046875,-0.25653464151425,5.746046613420108,1
2018-04-30,10739.349609375,10739.349609375,10759.0,10704.599609375,10705.75,173800,,,10478.599609375,9951.900390625,,Bearish,Bullish_BOS,10516.318720703188,10450.180205719264,10181.662441931143,1,1,1,3,69.96389101289314,1,10759.0,10111.2998046875,-0.1826414222976136,6.211365668302538,1
2018-05-02,10718.0498046875,10718.0498046875,10784.650390625,10689.7998046875,10783.849609375,229700,10784.650390625,,10478.599609375,9951.900390625,HH,Bullish,Bullish_BOS,10535.53120489217,10460.684895874881,10186.99962962026,1,1,1,3,67.71124150481498,1,10784.650390625,10111.2998046875,-0.6175497909083338,6.000712190520918,1
2018-05-03,10679.650390625,10679.650390625,10720.599609375,10647.4501953125,10720.150390625,185200,,,10784.650390625,9951.900390625,,Bullish,,10549.25684162863,10469.271778021945,10191.901627242198,1,1,1,3,63.72759443656201,1,10784.650390625,10227.4501953125,-0.9736059695664823,4.421436298167003,1
2018-05-04,10618.25,10618.25,10700.4501953125,10601.599609375,10700.4501953125,186500,,,10784.650390625,9951.900390625,,Bullish,,10555.82761861638,10475.114061236769,10196.143899607947,1,1,1,3,57.86527695729618,1,10784.650390625,10290.849609375,-1.5429372728637536,3.1814709480035175,1
2018-05-07,10715.5,10715.5,10725.650390625,10635.650390625,10653.150390625,168400,,,10784.650390625,9951.900390625,,Bullish,,10571.034512081487,10484.540960796112,10201.311621999908,1,1,1,3,63.57988310198494,1,10784.650390625,10328.5,-0.6411926962890835,3.7469138790724665,1
2018-05-08,10717.7998046875,10717.7998046875,10758.5498046875,10689.400390625,10757.900390625,269800,,,10784.650390625,9951.900390625,,Bullish,,10585.012158996346,10493.688366438912,10206.450807897298,1,1,1,3,63.705248020129744,1,10784.650390625,10355.599609375,-0.619867900359683,3.497626491705974,1
2018-05-09,10741.7001953125,10741.7001953125,10766.25,10689.849609375,10693.349609375,215400,,,10784.650390625,9951.900390625,,Bullish,,10599.934829121694,10503.414320512386,10211.776672448694,1,1,1,3,65.05160626291828,1,10784.650390625,10355.599609375,-0.39825301476472674,3.728423273413939,1
2018-05-10,10716.5498046875,10716.5498046875,10785.5498046875,10705.0,10779.650390625,192100,,,10784.650390625,9951.900390625,,Bullish,,10611.041017270818,10511.772574793764,10216.799290679926,1,1,1,3,62.427292724226966,1,10785.5498046875,10395.25,-0.6397448553805973,3.0908328773959326,1
2018-05-11,10806.5,10806.5,10812.0498046875,10724.4501953125,10741.9501953125,203100,,,10784.650390625,9951.900390625,,Bullish,Bullish_BOS,10629.656158483122,10523.330513037145,10222.66695942938,1,1,1,3,67.48026336977753,1,10812.0498046875,10396.349609375,-0.051329810607181336,3.9451384960654146,1
2018-05-14,10806.599609375,10806.599609375,10834.849609375,10774.75,10815.150390625,171400,,,10784.650390625,9951.900390625,,Bullish,Bullish_BOS,10646.50791571092,10534.439105050393,10228.477234553218,1,1,1,3,67.4854781312248,1,10834.849609375,10396.349609375,-0.260732737587388,3.9460966148161525,1
2018-05-15,10801.849609375,10801.849609375,10929.2001953125,10781.400390625,10812.599609375,254300,10929.2001953125,,10784.650390625,9951.900390625,HH,Bullish,Bullish_BOS,10661.302362726547,10544.925791494496,10234.18243231264,1,1,1,3,66.93427198889661,1,10929.2001953125,10495.650390625,-1.1652324384369916,2.9173915608269985,1
2018-05-16,10741.099609375,10741.099609375,10790.4501953125,10699.7001953125,10751.9501953125,231100,,,10929.2001953125,9951.900390625,,Bullish,,10668.90210050259,10552.618882391771,10239.226384323212,1,1,1,3,60.165798107939914,1,10929.2001953125,10509.7001953125,-1.7210828109652132,2.201769886506444,1
2018-05-17,10682.7001953125,10682.7001953125,10777.25,10664.5,10775.599609375,214100,,,10929.2001953125,9951.900390625,,Bullish,,10670.2162047702,10557.720110349446,10243.639059059426,1,1,1,3,54.46415684523573,0,10929.2001953125,10514.9501953125,-2.2554257914108256,1.5953475469125955,1
2018-05-18,10596.400390625,10596.400390625,10674.9501953125,10589.099609375,10671.849609375,223000,,,10929.2001953125,9951.900390625,,Bullish,,10663.186127232562,10559.236984085743,10247.149122060078,-1,1,1,1,47.32671512657419,0,10929.2001953125,10514.9501953125,-3.045051776343499,0.7746132297308472,0
2018-05-21,10516.7001953125,10516.7001953125,10621.7001953125,10505.7998046875,10616.7001953125,0,,,10929.2001953125,9951.900390625,,Bullish,,10649.235086097318,10557.568874722087,10249.831222291445,-1,1,1,1,41.86958063098895,-1,10929.2001953125,10505.7998046875,-3.7742926529694243,0.10375593317641929,0
2018-05-22,10536.7001953125,10536.7001953125,10558.599609375,10490.5498046875,10518.4501953125,241700,,,10929.2001953125,9951.900390625,,Bullish,,10638.517477451145,10556.750495137396,10252.685639933447,-1,1,1,1,43.62625190490051,-1,10929.2001953125,10490.5498046875,-3.591296645552733,0.4399234690671605,0
2018-05-23,10430.349609375,10430.349609375,10533.5498046875,10417.7998046875,10521.099609375,290900,,10417.7998046875,10929.2001953125,9951.900390625,HL,Bullish,,10618.691966205799,10551.793597656519,10254.45344062441,-1,1,1,1,37.19031882605946,-1,10929.2001953125,10417.7998046875,-4.564383276202177,0.12046502066447307,0
2018-05-24,10513.849609375,10513.849609375,10535.150390625,10419.7998046875,10464.849609375,297600,,,10929.2001953125,10417.7998046875,,Bullish,,10608.706979840961,10550.305598116067,10257.034497029888,-1,1,1,1,44.156111441044466,-1,10929.2001953125,10417.7998046875,-3.8003749452374613,0.9219778310990634,0
2018-05-25,10605.150390625,10605.150390625,10628.0498046875,10524.0,10533.0498046875,260800,,,10929.2001953125,10417.7998046875,,Bullish,,10608.368257058488,10552.456374292888,10260.498336767154,-1,1,1,1,50.60650759246125,0,10929.2001953125,10417.7998046875,-2.9649910230986842,1.7983699960638644,1
2018-05-28,10688.650390625,10688.650390625,10709.7998046875,10640.5498046875,10648.349609375,232600,,,10929.2001953125,10417.7998046875,,Bullish,,10616.014174541013,10557.797316109833,10264.758556208526,1,1,1,3,55.65176930239744,1,10929.2001953125,10417.7998046875,-2.200982692133968,2.5998828064984547,1
2018-05-29,10633.2998046875,10633.2998046875,10717.25,10616.099609375,10689.400390625,225800,,,10929.2001953125,10417.7998046875,,Bullish,,10617.660425031154,10560.75819801484,10268.42563330782,1,1,1,3,51.869548630317844,0,10929.2001953125,10417.7998046875,-2.7074295038708396,2.068574977828197,1
2018-05-30,10614.349609375,10614.349609375,10648.7001953125,10558.4501953125,10579.0,238700,,,10929.2001953125,10417.7998046875,,Bullish,,10617.345109254378,10562.859821989749,10271.867662920427,-1,1,1,1,50.60158111820521,0,10929.2001953125,10417.7998046875,-2.880820007968543,1.886672890364638,1
2018-05-31,10736.150390625,10736.150390625,10763.7998046875,10620.400390625,10670.099609375,610300,,,10929.2001953125,10417.7998046875,,Bullish,,10628.659897956342,10569.655530563681,10276.487391554303,1,1,1,3,57.75047083978669,1,10929.2001953125,10417.7998046875,-1.7663671745193121,3.0558332076438877,1
2018-06-01,10696.2001953125,10696.2001953125,10764.75,10681.5,10738.4501953125,220600,,,10929.2001953125,10417.7998046875,,Bullish,,10635.092307228357,10574.618066436184,10280.663638357868,1,1,1,3,54.941916259613755,0,10929.2001953125,10417.7998046875,-2.1319034864045516,2.6723530480949886,1
2018-06-04,10628.5,10628.5,10770.2998046875,10618.349609375,10765.9501953125,203800,,,10929.2001953125,10417.7998046875,,Bullish,,10634.464468444705,10576.731083438686,10284.124696682666,-1,1,1,1,50.46315951437594,0,10929.2001953125,10417.7998046875,-2.751346758580464,2.0225018647190396,1
2018-06-05,10593.150390625,10593.150390625,10633.150390625,10550.900390625,10630.7001953125,167700,,10550.900390625,10929.2001953125,10417.7998046875,HL,Bullish,,10630.529794366637,10577.37497783815,10287.199579209455,-1,1,1,1,48.25137532070257,0,10929.2001953125,10417.7998046875,-3.074788627548708,1.6831825263008193,0
2018-06-06,10684.650390625,10684.650390625,10698.349609375,10587.5,10603.4501953125,189900,,,10929.2001953125,10550.900390625,,Bullish,,10635.684136867434,10581.581856770967,10291.154313651401,1,1,1,3,53.88550602137305,0,10929.2001953125,10417.7998046875,-2.237581893617313,2.561486983244099,1
2018-06-07,10768.349609375,10768.349609375,10818.0,10722.599609375,10722.599609375,220900,,,10929.2001953125,10550.900390625,,Bullish,,10648.318943772916,10588.90608236328,10295.902525549149,1,1,1,3,58.35237616499701,1,10929.2001953125,10417.7998046875,-1.471750750859957,3.36491208565719,1
2018-06-08,10767.650390625,10767.650390625,10779.4501953125,10709.0498046875,10736.400390625,209400,,,10929.2001953125,10550.900390625,,Bullish,,10659.683843473114,10595.915663079428,10300.596534156868,1,1,1,3,58.30156929164218,1,10929.2001953125,10417.7998046875,-1.4781484628380026,3.3582003157718976,1
2018-06-11,10786.9501953125,10786.9501953125,10850.5498046875,10777.0498046875,10781.849609375,211400,,,10929.2001953125,10550.900390625,,Bullish,,10671.8044484102,10603.407213363076,10305.435874068864,1,1,1,3,59.35355779362674,1,10929.2001953125,10417.7998046875,-1.3015591027512707,3.5434582881780807,1
2018-06-12,10842.849609375,10842.849609375,10856.5498046875,10789.400390625,10816.150390625,198300,,,10929.2001953125,10550.900390625,,Bullish,,10688.09446374018,10612.797111245896,10310.78327442017,1,1,1,3,62.31876745964696,1,10856.5498046875,10417.7998046875,-0.12619290252401383,4.080034293769486,1
2018-06-13,10856.7001953125,10856.7001953125,10893.25,10842.650390625,10887.5,213400,10893.25,,10929.2001953125,10550.900390625,LH,Bearish,,10704.152152461353,10622.36193807204,10316.215283583279,1,1,1,3,63.038267403258125,1,10893.25,10417.7998046875,-0.33552708959676547,4.212985456175855,1
2018-06-14,10808.0498046875,10808.0498046875,10833.7001953125,10773.5498046875,10832.900390625,184300,,,10893.25,10550.900390625,,Bearish,,10714.04716695908,10629.643815194215,10321.109159415162,1,1,1,3,58.79182284062512,1,10893.25,10417.7998046875,-0.7821375192206159,3.745992506252671,1
2018-06-15,10817.7001953125,10817.7001953125,10834.0,10755.400390625,10808.650390625,305400,,,10893.25,10550.900390625,,Bearish,,10723.918883945122,10637.018575198854,10326.05036375245,1,1,1,3,59.37640132684007,1,10893.25,10417.7998046875,-0.6935469642898151,3.8386261794459253,1
2018-06-18,10799.849609375,10799.849609375,10830.2001953125,10787.349609375,10830.2001953125,196600,,,10893.25,10550.900390625,,Bearish,,10731.15038160511,10643.40410595086,10330.764784106905,1,1,1,3,57.74461539685196,1,10893.25,10417.7998046875,-0.8574152858421447,3.6672791937852,1
2018-06-19,10710.4501953125,10710.4501953125,10789.4501953125,10701.2001953125,10789.4501953125,224500,,10701.2001953125,10893.25,10550.900390625,HL,Bullish,,10729.178935291528,10646.033364357198,10334.542748397507,-1,1,1,1,50.29040981798996,0,10893.25,10417.7998046875,-1.6781016196956822,2.8091381684386185,1
2018-06-20,10772.0498046875,10772.0498046875,10781.7998046875,10724.0498046875,10734.650390625,193500,,,10893.25,10701.2001953125,,Bullish,,10733.261875234002,10650.97518554662,10338.896052440195,1,1,1,3,54.63582118113062,0,10893.25,10419.7998046875,-1.1126174035526626,3.380583183964192,1
2018-06-21,10741.099609375,10741.099609375,10809.599609375,10725.900390625,10808.4501953125,223600,,,10893.25,10701.2001953125,,Bullish,,10734.008326104573,10654.509476677145,10342.898077882333,1,1,1,3,52.16826404493995,0,10893.25,10524.0,-1.3967400970784638,2.06290012709045,1
2018-06-22,10821.849609375,10821.849609375,10837.0,10710.4501953125,10742.7001953125,229800,10837.0,,10893.25,10701.2001953125,LH,Bearish,,10742.374162606518,10661.07183482216,10347.663764762858,1,1,1,3,57.55449826295091,1,10893.25,10550.900390625,-0.6554553565281229,2.5680198724153724,1
2018-06-25,10762.4501953125,10762.4501953125,10831.0498046875,10753.0498046875,10822.900390625,229600,,,10837.0,10701.2001953125,,Bearish,,10744.286165721373,10665.047456802175,10351.790992927532,1,1,1,3,52.84078993164517,0,10893.25,10550.900390625,-1.2007417867716197,2.0050402985082982,1
2018-06-26,10769.150390625,10769.150390625,10805.25,10732.5498046875,10742.7001953125,220000,,,10837.0,10701.2001953125,,Bearish,,10746.654187140764,10669.129924795227,10355.943822755367,1,1,1,3,53.30534858784463,0,10893.25,10550.900390625,-1.1392340153305924,2.0685438391014,1
2018-06-27,10671.400390625,10671.400390625,10785.5,10652.400390625,10785.5,246000,,,10837.0,10701.2001953125,,Bearish,Bearish_BOS,10739.48715890117,10669.218962670904,10359.082694077455,-1,1,1,1,46.1609915441745,0,10893.25,10550.900390625,-2.03657870125995,1.1420826236504977,1
2018-06-28,10589.099609375,10589.099609375,10674.2001953125,10557.7001953125,10660.7998046875,352300,,10557.7001953125,10837.0,10701.2001953125,LL,Bearish,Bearish_BOS,10725.164535136773,10666.077027247537,10361.371419602803,-1,1,1,1,41.15914275104517,-1,10893.25,10550.900390625,-2.792099608702636,0.36204700391202493,1
2018-06-29,10714.2998046875,10714.2998046875,10723.0498046875,10612.349609375,10612.849609375,242800,,,10837.0,10557.7001953125,,Bearish,,10724.12979890351,10667.968116558908,10364.883144827527,-1,1,1,1,50.02973842890939,0,10893.25,10550.900390625,-1.6427622180019696,1.548677439962276,1
2018-07-02,10657.2998046875,10657.2998046875,10736.150390625,10604.650390625,10732.349609375,295400,,,10837.0,10557.7001953125,,Bearish,,10717.765037549603,10667.54975138748,10367.792763333597,-1,1,1,1,46.58634265141208,0,10893.25,10550.900390625,-2.166022034861037,1.0084391864512376,1
2018-07-03,10699.900390625,10699.900390625,10713.2998046875,10630.25,10668.599609375,202100,,,10837.0,10557.7001953125,,Bearish,,10716.063642604404,10668.818403906598,10371.097316838983,-1,1,1,1,49.38997255389248,0,10893.25,10557.7001953125,-1.774948792830422,1.3468860896015622,1
2018-07-04,10769.900390625,10769.900390625,10777.150390625,10677.75,10715.0,173900,,,10837.0,10557.7001953125,,Bearish,,10721.1909519397,10672.78240338575,10375.0655066279,1,1,1,3,53.691260146852024,0,10893.25,10557.7001953125,-1.1323490177403417,2.009909273676036,1
2018-07-05,10749.75,10749.75,10786.0498046875,10726.25,10786.0498046875,220500,,,10837.0,10557.7001953125,,Bearish,,10723.910861278775,10675.800740507879,10378.79371054205,1,1,1,3,52.312967689542134,0,10893.25,10557.7001953125,-1.317329538934664,1.8190496143541512,1
2018-07-06,10772.650390625,10772.650390625,10816.349609375,10735.0498046875,10744.150390625,0,,,10837.0,10557.7001953125,,Bearish,,10728.55272121651,10679.598766002668,10382.712682483174,1,1,1,3,53.76557215272145,0,10893.25,10557.7001953125,-1.107104026576089,2.0359566130504048,1
2018-07-09,10852.900390625,10852.900390625,10860.349609375,10807.150390625,10838.2998046875,183600,,,10837.0,10557.7001953125,,Bearish,Bullish_BOS,10740.395356398272,10686.39490814472,10387.391167141303,1,1,1,3,58.53253137614868,1,10893.25,10557.7001953125,-0.3704092844192486,2.796065334792952,1
2018-07-10,10947.25,10947.25,10956.900390625,10876.650390625,10902.75,197000,,,10837.0,10557.7001953125,,Bearish,Bullish_BOS,10760.095798646056,10696.624519590026,10392.961901796614,1,1,1,3,63.32077119614188,1,10956.900390625,10557.7001953125,-0.08807591819723903,3.689722169421472,1
2018-07-11,10948.2998046875,10948.2998046875,10976.650390625,10923.0,10956.400390625,222300,,,10837.0,10557.7001953125,,Bearish,Bullish_BOS,10778.019989697623,10706.494138613458,10398.487652074135,1,1,1,3,63.371451727560846,1,10976.650390625,10557.7001953125,-0.25828085006436297,3.6996656672295236,1
2018-07-12,11023.2001953125,11023.2001953125,11078.2998046875,10999.650390625,11006.9501953125,248300,11078.2998046875,,10837.0,10557.7001953125,HH,Bullish,Bullish_BOS,10801.370485470468,10718.913983974204,10404.703697280487,1,1,1,3,66.88690257122553,1,11078.2998046875,10557.7001953125,-0.4973652125905281,4.409104174095391,1
2018-07-13,11018.900390625,11018.900390625,11071.349609375,10999.75,11056.900390625,0,,,11078.2998046875,10557.7001953125,,Bullish,,10822.08761929471,10730.678156784039,10410.815107164512,1,1,1,3,66.49237035864905,1,11078.2998046875,10557.7001953125,-0.5361780698277085,4.36837745702674,1
2018-07-16,10936.849609375,10936.849609375,11019.5,10926.25,11018.9501953125,210500,,,11078.2998046875,10557.7001953125,,Bullish,,10833.01733263569,10738.763311787607,10416.04928131586,1,1,1,3,59.30379921832228,1,11078.2998046875,10557.7001953125,-1.2768222363204962,3.5912121678813858,1
2018-07-17,11008.0498046875,11008.0498046875,11018.5,10925.599609375,10939.650390625,210600,,,11078.2998046875,10557.7001953125,,Bullish,,10849.68709187872,10749.323566411133,10421.939833787219,1,1,1,3,63.03809140753463,1,11078.2998046875,10557.7001953125,-0.6341225751109847,4.265603313635968,1
2018-07-18,10980.4501953125,10980.4501953125,11076.2001953125,10956.2998046875,11060.2001953125,225500,,,11078.2998046875,10557.7001953125,,Bullish,,10862.140720777177,10758.387355779814,10427.497150817322,1,1,1,3,60.71247129880361,1,11078.2998046875,10557.7001953125,-0.883254751181195,4.004186443821323,1
2018-07-19,10957.099609375,10957.099609375,11006.5,10935.4501953125,10999.5,215400,,,11078.2998046875,10557.7001953125,,Bullish,,10871.18442445316,10766.179993175705,10432.766827021876,1,1,1,3,58.73807222760453,1,11078.2998046875,10557.7001953125,-1.0940324548828095,3.783015303274362,1
2018-07-20,11010.2001953125,11010.2001953125,11030.25,10946.2001953125,10963.5,187300,,,11078.2998046875,10557.7001953125,,Bullish,,10884.424021677858,10775.749412867344,10438.512432676509,1,1,1,3,61.78184974145347,1,11078.2998046875,10557.7001953125,-0.6147117389455836,4.285971297052971,1
2018-07-23,11084.75,11084.75,11093.400390625,11010.9501953125,11019.849609375,229100,,,11078.2998046875,10557.7001953125,,Bullish,Bullish_BOS,10903.502686279968,10787.867082950977,10444.942657226991,1,1,1,3,65.61665564004349,1,11093.400390625,10557.7001953125,-0.07797780951195321,4.992089138139244,1
2018-07-24,11134.2998046875,11134.2998046875,11143.400390625,11092.5,11109.0,205800,,,11078.2998046875,10557.7001953125,,Bullish,Bullish_BOS,10925.483364223543,10801.452679881822,10451.801932326101,1,1,1,3,67.92064006001112,1,11143.400390625,10557.7001953125,-0.08166794352248985,5.461412984913161,1
2018-07-25,11132.0,11132.0,11157.150390625,11113.25,11148.400390625,205900,,,11078.2998046875,10557.7001953125,,Bullish,Bullish_BOS,10945.151615249873,10814.415319886457,10458.570072302957,1,1,1,3,67.69390708146784,1,11157.150390625,10557.7001953125,-0.22541948207611684,5.439629787389522,1
2018-07-26,11167.2998046875,11167.2998046875,11185.849609375,11125.7001953125,11132.9501953125,365400,,,11078.2998046875,10557.7001953125,,Bullish,Bullish_BOS,10966.308585672505,10828.253927133557,10465.622109441112,1,1,1,3,69.38332456644133,1,11185.849609375,10604.650390625,-0.16583277386416073,5.30568565051337,1
2018-07-27,11278.349609375,11278.349609375,11283.400390625,11210.25,11232.75,314600,,,11078.2998046875,10557.7001953125,,Bullish,Bullish_BOS,10996.026778406076,10845.904738201849,10473.708950236476,1,1,1,3,73.99122083635436,1,11283.400390625,10604.650390625,-0.04476293559693145,6.352865902543869,1
2018-07-30,11319.5498046875,11319.5498046875,11328.099609375,11261.4501953125,11296.650390625,278800,,,11078.2998046875,10557.7001953125,,Bullish,Bullish_BOS,11026.838495194783,10864.479054534619,10482.125277146437,1,1,1,3,75.46648758089697,1,11328.099609375,10630.25,-0.0754743070975894,6.484323554831728,1
2018-07-31,11356.5,11356.5,11366.0,11267.75,11311.0498046875,256500,,,11078.2998046875,10557.7001953125,,Bullish,Bullish_BOS,11058.234828985755,10883.773993572477,10490.82552314498,1,1,1,3,76.74072097076738,1,11366.0,10677.75,-0.0835826148161134,6.356676266067285,1
2018-08-01,11346.2001953125,11346.2001953125,11390.5498046875,11313.5498046875,11359.7998046875,269700,,,11078.2998046875,10557.7001953125,,Bullish,Bullish_BOS,11085.660101969253,10901.908354425028,10499.336713912817,1,1,1,3,75.56259147375775,1,11390.5498046875,10726.25,-0.389354422178545,5.779747771238775,1
2018-08-02,11244.7001953125,11244.7001953125,11328.900390625,11234.9501953125,11328.900390625,210000,,,11078.2998046875,10557.7001953125,,Bullish,Bullish_BOS,11100.806777525753,10915.351171714732,10506.753265966547,1,1,1,3,64.97629956289245,1,11390.5498046875,10735.0498046875,-1.2804439809830703,4.747536340282821,1
2018-08-03,11360.7998046875,11360.7998046875,11368.0,11294.5498046875,11297.7998046875,218300,,,11078.2998046875,10557.7001953125,,Bullish,Bullish_BOS,11125.568018207823,10932.8197455568,10515.25124147621,1,1,1,3,70.13103717182923,1,11390.5498046875,10807.150390625,-0.26118142240821873,5.122991668023613,1
2018-08-06,11387.099609375,11387.099609375,11427.650390625,11370.599609375,11401.5,203700,,,11078.2998046875,10557.7001953125,,Bullish,Bullish_BOS,11150.475788795175,10950.634642177121,10523.926349614507,1,1,1,3,71.16630169519914,1,11427.650390625,10876.650390625,-0.35484793342354104,4.693073698406036,1
2018-08-07,11389.4501953125,11389.4501953125,11428.9501953125,11359.7001953125,11423.150390625,226400,,,11078.2998046875,10557.7001953125,,Bullish,Bullish_BOS,11173.235256082538,10967.843095241255,10532.538527183642,1,1,1,3,71.26217404971814,1,11428.9501953125,10923.0,-0.3456135456448184,4.270348762359233,1
2018-08-08,11450.0,11450.0,11459.9501953125,11379.2998046875,11412.5,210500,,,11078.2998046875,10557.7001953125,,Bullish,Bullish_BOS,11199.593803122298,10986.75120915336,10541.667497062412,1,1,1,3,73.68906683725658,1,11459.9501953125,10925.599609375,-0.0868258163684632,4.799740145840814,1
2018-08-09,11470.7001953125,11470.7001953125,11495.2001953125,11454.099609375,11493.25,302200,11495.2001953125,,11078.2998046875,10557.7001953125,HH,Bullish,Bullish_BOS,11225.413459521364,11005.729600767445,10550.911603512663,1,1,1,3,74.48244832676797,1,11495.2001953125,10925.599609375,-0.21313243426582806,4.98920521917865,1
2018-08-10,11429.5,11429.5,11478.75,11419.650390625,11474.9501953125,0,,,11495.2001953125,10557.7001953125,,Bullish,,11244.850272900281,11022.348047796173,10559.65377661204,1,1,1,3,69.96066981007141,1,11495.2001953125,10925.599609375,-0.5715445942323871,4.612107423308975,1
2018-08-13,11355.75,11355.75,11406.2998046875,11340.2998046875,11369.599609375,246900,,11340.2998046875,11495.2001953125,10557.7001953125,HL,Bullish,,11255.412151671682,11035.422634157107,10567.575132068636,1,1,1,3,62.6308835016942,1,11495.2001953125,10925.599609375,-1.213116717787699,3.937087262980965,1
2018-08-14,11435.099609375,11435.099609375,11452.4501953125,11370.7998046875,11381.7001953125,232600,,,11495.2001953125,11340.2998046875,,Bullish,,11272.525242881522,11051.096241028397,10576.207216419944,1,1,1,3,66.67625665053049,1,11495.2001953125,10935.4501953125,-0.5228320074147752,4.5690795087400815,1
2018-08-16,11385.0498046875,11385.0498046875,11449.849609375,11366.25,11397.150390625,290600,,,11495.2001953125,11340.2998046875,,Bullish,,11283.241867815424,11064.192459211106,10584.25540137783,1,1,1,3,62.1091258331962,1,11495.2001953125,10935.4501953125,-0.9582294240505496,4.111395519571026,1
2018-08-17,11470.75,11470.75,11486.4501953125,11431.7998046875,11437.150390625,234700,,,11495.2001953125,11340.2998046875,,Bullish,,11301.099785166338,11080.135892183222,10593.076243155165,1,1,1,3,66.35838470626524,1,11495.2001953125,10946.2001953125,-0.21269916919298693,4.792072091940436,1
2018-08-20,11551.75,11551.75,11565.2998046875,11499.650390625,11502.099609375,232600,,,11495.2001953125,11340.2998046875,,Bullish,Bullish_BOS,11324.971234198114,11098.630563077997,10602.61528551183,1,1,1,3,69.80506182034067,1,11565.2998046875,11010.9501953125,-0.11715913047068982,4.911472625838642,1
2018-08-21,11570.900390625,11570.900390625,11581.75,11539.599609375,11576.2001953125,224200,,,11495.2001953125,11340.2998046875,,Bullish,Bullish_BOS,11348.393058619722,11117.150948471997,10612.249963174649,1,1,1,3,70.57269123476996,1,11581.75,11092.5,-0.09367849742051293,4.312827501690331,1
2018-08-23,11582.75,11582.75,11620.7001953125,11546.7001953125,11620.7001953125,248500,,,11495.2001953125,11340.2998046875,,Bullish,Bullish_BOS,11370.712767322606,11135.40973480643,10621.906679958982,1,1,1,3,71.06290274835976,1,11620.7001953125,11113.25,-0.32657408481984174,4.224686747801054,1
2018-08-24,11557.099609375,11557.099609375,11604.599609375,11532.0,11566.599609375,218800,,,11495.2001953125,11340.2998046875,,Bullish,Bullish_BOS,11388.46389513712,11151.946592632648,10631.21208224173,1,1,1,3,68.40643497607289,1,11620.7001953125,11125.7001953125,-0.5473042490430569,3.8775034963125954,1
2018-08-27,11691.9501953125,11691.9501953125,11700.9501953125,11595.599609375,11605.849609375,199500,,,11495.2001953125,11340.2998046875,,Bullish,Bullish_BOS,11417.36735229668,11173.123204502446,10641.766690331986,1,1,1,3,73.92503459827509,1,11700.9501953125,11210.25,-0.07691683025542462,4.296962113356084,1
2018-08-28,11738.5,11738.5,11760.2001953125,11710.5,11731.9501953125,241900,11760.2001953125,,11495.2001953125,11340.2998046875,HH,Bullish,Bullish_BOS,11447.951413982712,11195.294843541567,10652.679459582416,1,1,1,3,75.51497385693457,1,11760.2001953125,11234.9501953125,-0.1845223291449538,4.481994098181175,1
2018-08-29,11691.900390625,11691.900390625,11753.2001953125,11678.849609375,11744.9501953125,251600,,,11760.2001953125,11340.2998046875,,Bullish,,11471.184649853405,11214.769570878172,10663.01996635896,1,1,1,3,70.85708450692519,1,11760.2001953125,11234.9501953125,-0.580770765405203,4.067220480453493,1
2018-08-30,11676.7998046875,11676.7998046875,11698.7998046875,11639.7001953125,11694.75,313800,,,11760.2001953125,11340.2998046875,,Bullish,,11490.767045551891,11232.888403576579,10673.107327934367,1,1,1,3,69.36399314079134,1,11760.2001953125,11234.9501953125,-0.7091749225344168,3.9328132452189246,1
2018-08-31,11680.5,11680.5,11727.650390625,11640.099609375,11675.849609375,346500,,,11760.2001953125,11340.2998046875,,Bullish,,11508.836850737425,11250.441799514752,10683.131135616613,1,1,1,3,69.53340451464318,1,11760.2001953125,11234.9501953125,-0.6777112122994922,3.965747928935137,1
2018-09-03,11582.349609375,11582.349609375,11751.7998046875,11567.400390625,11751.7998046875,234400,,,11760.2001953125,11340.2998046875,,Bullish,,11515.838065845765,11263.45779205829,10692.078583116698,1,1,1,3,60.047902599623185,1,11760.2001953125,11294.5498046875,-1.5123091697740731,2.548129935803689,1
2018-09-04,11520.2998046875,11520.2998046875,11602.5498046875,11496.849609375,11598.75,254800,,,11760.2001953125,11340.2998046875,,Bullish,,11516.262993354501,11273.530027847672,10700.319590296507,1,1,1,3,54.944883984014766,0,11760.2001953125,11340.2998046875,-2.0399345813910674,1.5872596236441439,1
2018-09-05,11476.9501953125,11476.9501953125,11542.650390625,11393.849609375,11514.849609375,246100,,,11760.2001953125,11340.2998046875,,Bullish,,11512.5189173505,11281.50728931688,10708.04725800811,-1,1,1,1,51.642939857322574,0,11760.2001953125,11340.2998046875,-2.4085474336814516,1.2049980421903417,1
2018-09-06,11536.900390625,11536.900390625,11562.25,11436.0498046875,11514.150390625,247900,,,11760.2001953125,11340.2998046875,,Bullish,,11514.840962424261,11291.522705054453,10716.29455286002,1,1,1,3,55.61544465281381,1,11760.2001953125,11340.2998046875,-1.8987755393526817,1.7336454002409685,1
2018-09-07,11589.099609375,11589.099609375,11603.0,11484.400390625,11558.25,295900,,,11760.2001953125,11340.2998046875,,Bullish,,11521.913214514807,11303.192387576826,10724.97918028803,1,1,1,3,58.78988011494202,1,11760.2001953125,11340.2998046875,-1.454912187682822,2.1939438019501045,1
2018-09-10,11438.099609375,11438.099609375,11573.0,11427.2998046875,11570.25,286700,,,11760.2001953125,11340.2998046875,,Bullish,,11513.930966406253,11308.482866863029,10732.074905950587,-1,1,1,1,48.07773886766385,0,11760.2001953125,11340.2998046875,-2.7389039352058497,0.8624093398930555,1
2018-09-11,11287.5,11287.5,11479.400390625,11274.0,11476.849609375,0,,,11760.2001953125,11340.2998046875,,Bullish,Bearish_BOS,11492.3661124628,11307.66000933899,10737.601523801826,-1,1,1,1,40.208644855985966,-1,11760.2001953125,11274.0,-4.019491058501822,0.11974454497072351,0
2018-09-12,11369.900390625,11369.900390625,11380.75,11250.2001953125,11340.099609375,268200,,,11760.2001953125,11340.2998046875,,Bullish,,11480.70271038301,11310.100808605108,10743.893054814993,-1,1,1,1,45.46788663686224,0,11760.2001953125,11250.2001953125,-3.318819392573513,1.0639828023893738,0
2018-09-14,11515.2001953125,11515.2001953125,11523.25,11430.5498046875,11443.5,276600,,,11760.2001953125,11340.2998046875,,Bullish,,11483.9881851382,11318.14392180932,10751.567752730392,1,1,1,3,53.272905561857485,0,11760.2001953125,11250.2001953125,-2.0832978684976355,2.3555136388631936,1
2018-09-17,11377.75,11377.75,11464.9501953125,11366.900390625,11464.9501953125,201400,,,11760.2001953125,11340.2998046875,,Bullish,,11473.870262744085,11320.481415071701,10757.798421857453,-1,1,1,1,46.493673410402245,0,11760.2001953125,11250.2001953125,-3.252072149800145,1.1337558663235603,0
2018-09-18,11278.900390625,11278.900390625,11411.4501953125,11268.9501953125,11381.5498046875,240900,,,11760.2001953125,11340.2998046875,,Bullish,Bearish_BOS,11455.30170349465,11318.850786662026,10762.983516074046,-1,1,1,1,42.32248714936783,-1,11760.2001953125,11250.2001953125,-4.092615743729777,0.25510830753445735,0
2018-09-19,11234.349609375,11234.349609375,11332.0498046875,11210.900390625,11326.650390625,250600,,,11760.2001953125,11340.2998046875,,Bullish,Bearish_BOS,11434.258646911825,11315.537015003712,10767.673725957638,-1,1,1,1,40.55648557236759,-1,11760.2001953125,11210.900390625,-4.471442468701337,0.20916445542240591,0
2018-09-21,11143.099609375,11143.099609375,11346.7998046875,10866.4501953125,11271.2998046875,719000,,,11760.2001953125,11340.2998046875,,Bullish,Bearish_BOS,11406.529214765462,11308.774763802587,10771.409306887166,-1,1,1,1,37.138238587456364,-1,11760.2001953125,10866.4501953125,-5.247364634009122,2.5459042197776727,0
2018-09-24,10967.400390625,10967.400390625,11170.150390625,10943.599609375,11164.400390625,0,,,11760.2001953125,11340.2998046875,,Bullish,Bearish_BOS,11364.707421990179,11295.387533481899,10773.35946692436,-1,1,1,1,31.613222640705658,-1,11760.2001953125,10866.4501953125,-6.741380176533918,0.9290080338844042,0
2018-09-25,11067.4501953125,11067.4501953125,11080.599609375,10882.849609375,10969.9501953125,405000,,,11760.2001953125,11340.2998046875,,Bullish,Bearish_BOS,11336.397209925639,11286.448814338,10776.28574282872,-1,1,1,1,37.33062426435467,-1,11760.2001953125,10866.4501953125,-5.89063101388464,1.8497300994091637,0
2018-09-26,11053.7998046875,11053.7998046875,11145.5498046875,10993.0498046875,11145.5498046875,340500,,,11760.2001953125,11340.2998046875,,Bullish,Bearish_BOS,11309.48317133153,11277.32532376347,10779.047076777564,-1,1,1,1,36.877619305130054,-1,11760.2001953125,10866.4501953125,-6.006703788142687,1.7241105053407146,0
2018-09-27,10977.5498046875,10977.5498046875,11089.4501953125,10953.349609375,11079.7998046875,405700,,,11760.2001953125,11340.2998046875,,Bullish,Bearish_BOS,11277.870469746385,11265.56942105461,10781.022228299056,-1,1,1,1,34.36873463063796,-1,11753.2001953125,10866.4501953125,-6.599482504640319,1.0224094104156034,0
2018-09-28,10930.4501953125,10930.4501953125,11034.099609375,10850.2998046875,11008.099609375,478100,,,11760.2001953125,11340.2998046875,,Bullish,Bearish_BOS,11244.782824562204,11252.427490633352,10782.509073741976,-1,-1,1,-1,32.880673845719954,-1,11751.7998046875,10850.2998046875,-6.989138881070655,0.7386928662595382,0
2018-10-01,11008.2998046875,11008.2998046875,11035.650390625,10821.5498046875,10930.900390625,387000,,,11760.2001953125,11340.2998046875,,Bullish,Bearish_BOS,11222.260632193185,11242.853855890378,10784.755747681733,-1,-1,1,-1,37.683367869475745,-1,11751.7998046875,10821.5498046875,-6.326690484494435,1.7257232408532275,0
2018-10-03,10858.25,10858.25,10989.0498046875,10843.75,10982.7001953125,386800,,,11760.2001953125,11340.2998046875,,Bullish,Bearish_BOS,11187.592952936691,11227.771351737814,10785.487033774452,-1,-1,1,-1,32.81021448972706,-1,11751.7998046875,10821.5498046875,-7.603514521504062,0.3391399196499778,-1
2018-10-04,10599.25,10599.25,10754.7001953125,10547.25,10754.7001953125,425100,,,11760.2001953125,11340.2998046875,,Bullish,Bearish_BOS,11131.560290752246,11203.123455591234,10783.633928960777,-1,-1,1,-1,26.45161375007214,-1,11603.0,10547.25,-8.650779970697231,0.4930195074545507,-1
2018-10-05,10316.4501953125,10316.4501953125,10540.650390625,10261.900390625,10514.099609375,606400,,,11760.2001953125,11340.2998046875,,Bullish,Bearish_BOS,11053.930757853223,11168.351955188147,10778.985334596118,-1,-1,1,-1,21.542412383167573,-1,11603.0,10261.900390625,-11.08807898549944,0.5315760493771249,-1
2018-10-08,10348.0498046875,10348.0498046875,10398.349609375,10198.400390625,10310.150390625,456200,,,11760.2001953125,11340.2998046875,,Bullish,Bearish_BOS,10986.704000408869,11136.183243403808,10774.697418875636,-1,-1,1,-1,23.25632454720082,-1,11603.0,10198.400390625,-10.815738992609669,1.4673812395134656,-1
2018-10-09,10301.0498046875,10301.0498046875,10397.599609375,10279.349609375,10390.2998046875,430500,,,11760.2001953125,11340.2998046875,,Bullish,Bearish_BOS,10921.403600816358,11103.432912473758,10769.984507291676,-1,-1,1,-1,22.47007753366634,-1,11603.0,10198.400390625,-11.220806647526505,1.0065246522078297,-1
2018-10-10,10460.099609375,10460.099609375,10482.349609375,10318.25,10331.849609375,0,,,11760.2001953125,11340.2998046875,,Bullish,Bearish_BOS,10877.469887345753,11078.204155489493,10766.901075471611,-1,-1,1,-1,30.974545852824292,-1,11573.0,10198.400390625,-9.616351772444487,2.5660810394399602,-1
2018-10-11,10234.650390625,10234.650390625,10335.9501953125,10138.599609375,10169.7998046875,483500,,10138.599609375,11760.2001953125,11340.2998046875,LL,Bearish,Bearish_BOS,10816.248982896157,11045.123615690885,10761.60504875672,-1,-1,1,-1,26.53185835237666,-1,11523.25,10138.599609375,-11.182605683075518,0.9473772014942039,-1
2018-10-12,10472.5,10472.5,10492.4501953125,10322.150390625,10331.5498046875,343500,,,11760.2001953125,10138.599609375,,Bearish,,10783.510984525094,11022.667787624578,10758.728381604913,-1,-1,1,-1,36.82655941228099,-1,11523.25,10138.599609375,-9.118521250515265,3.293358091745202,-1
2018-10-15,10512.5,10512.5,10526.2998046875,10410.150390625,10524.2001953125,259500,,,11760.2001953125,10138.599609375,,Bearish,,10757.700414570321,11002.661207717732,10756.278347957103,-1,-1,1,-1,38.3900938974132,-1,11523.25,10138.599609375,-8.771396958323386,3.6878898963448536,-1
2018-10-16,10584.75,10584.75,10604.900390625,10525.2998046875,10550.150390625,265200,,,11760.2001953125,10138.599609375,,Bearish,,10741.228946516007,10986.272532905272,10754.571598226186,-1,-1,1,-1,41.2199566916842,-1,11464.9501953125,10138.599609375,-7.6773137285181985,4.400512968402981,-1
2018-10-17,10453.0498046875,10453.0498046875,10710.150390625,10436.4501953125,10688.7001953125,284800,10710.150390625,,11760.2001953125,10138.599609375,LH,Bearish,,10713.783313960912,10965.361837681046,10751.571381375055,-1,-1,1,-1,37.81067768165006,-1,11411.4501953125,10138.599609375,-8.3985854051984,3.101515075333805,-1
2018-10-19,10303.5498046875,10303.5498046875,10380.099609375,10249.599609375,10339.7001953125,357500,,,10710.150390625,10138.599609375,,Bearish,,10674.713455934874,10939.408424622477,10747.113455238861,-1,-1,1,-1,34.33868986981058,-1,11346.7998046875,10138.599609375,-9.194222317811763,1.6269524556426163,-1
2018-10-22,10245.25,10245.25,10408.5498046875,10224.0,10405.849609375,297300,,,10710.150390625,10138.599609375,,Bearish,,10633.812174417268,10912.186525617675,10742.11978901758,-1,-1,1,-1,33.06364618075895,-1,11346.7998046875,10138.599609375,-9.708021853284453,1.0519242768634696,-1
2018-10-23,10146.7998046875,10146.7998046875,10222.099609375,10102.349609375,10152.599609375,302600,,,10710.150390625,10138.599609375,,Bearish,,10587.430043966813,10882.171360091002,10736.196207083949,-1,-1,1,-1,30.972196066876876,-1,11170.150390625,10102.349609375,-9.16147545154261,0.4399985847970411,-1
2018-10-24,10224.75,10224.75,10290.650390625,10126.7001953125,10278.150390625,351400,,,10710.150390625,10138.599609375,,Bearish,,10552.889087398546,10856.390130283513,10731.10719009804,-1,-1,1,-1,34.50477374990412,-1,11145.5498046875,10102.349609375,-8.26159158429527,1.2116031948786743,-1
2018-10-25,10124.900390625,10124.900390625,10166.599609375,10079.2998046875,10135.0498046875,0,,,10710.150390625,10138.599609375,,Bearish,Bearish_BOS,10512.128259134397,10827.704258140044,10725.075281645573,-1,-1,1,-1,32.22949304302999,-1,11145.5498046875,10079.2998046875,-9.157461336122186,0.45241819194914434,-1
2018-10-26,10030.0,10030.0,10128.849609375,10004.5498046875,10122.349609375,364300,,10004.5498046875,10710.150390625,10138.599609375,LL,Bearish,Bearish_BOS,10466.211282073979,10796.421738212985,10718.159109688902,-1,-1,1,-1,30.19174568794851,-1,11089.4501953125,10004.5498046875,-9.553676482178785,0.2543862123668639,-1
2018-10-29,10250.849609375,10250.849609375,10275.2998046875,10020.349609375,10078.099609375,364400,,,10710.150390625,10004.5498046875,,Bearish,,10445.700646578838,10775.026752768359,10713.509263914635,-1,-1,1,-1,39.74029098704146,-1,11035.650390625,10004.5498046875,-7.111504564485871,2.461877940495638,-1
2018-10-30,10198.400390625,10198.400390625,10285.099609375,10175.349609375,10239.400390625,289800,,,10710.150390625,10004.5498046875,,Bearish,,10422.1482412499,10752.413954252932,10708.383802488868,-1,-1,1,-1,38.397045724694124,-1,11035.650390625,10004.5498046875,-7.586775317848604,1.937624278172656,-1
2018-10-31,10386.599609375,10386.599609375,10396.0,10105.099609375,10209.5498046875,375000,,,10710.150390625,10004.5498046875,,Bearish,,10418.762657261814,10738.068293669483,10705.181969721565,-1,-1,1,-1,45.51368839842654,0,10989.0498046875,10004.5498046875,-5.482277412697845,3.81876058539381,0
2018-11-01,10380.4501953125,10380.4501953125,10441.900390625,10341.900390625,10441.7001953125,348500,,,10710.150390625,10004.5498046875,,Bearish,,10415.113851361879,10724.044054518228,10701.950807787147,-1,-1,1,-1,45.329418510300975,0,10754.7001953125,10004.5498046875,-3.479873852393567,3.757294410677803,0
2018-11-02,10553.0,10553.0,10606.9501953125,10457.7001953125,10462.2998046875,421200,,,10710.150390625,10004.5498046875,,Bearish,,10428.24586551789,10717.336444537123,10700.468710197227,1,-1,1,1,51.28886602111318,0,10710.150390625,10004.5498046875,-1.4673033047468698,5.482007746670736,1
2018-11-05,10524.0,10524.0,10558.7998046875,10477.0,10558.75,301900,,,10710.150390625,10004.5498046875,,Bearish,,10437.365306897138,10709.754623182725,10698.712802633076,1,-1,1,1,50.296530487254884,0,10710.150390625,10004.5498046875,-1.7380744792150127,5.192139631001869,1
2018-11-06,10530.0,10530.0,10600.25,10491.4501953125,10552.0,0,,,10710.150390625,10004.5498046875,,Bearish,,10446.18765862122,10702.705422273599,10697.034068278517,1,-1,1,1,50.509880114111276,0,10710.150390625,10004.5498046875,-1.6820528569112536,5.252112344588533,1
2018-11-07,10598.400390625,10598.400390625,10616.4501953125,10582.2998046875,10614.4501953125,31200,,,10710.150390625,10004.5498046875,,Bearish,,10460.684109288246,10698.615028875614,10696.052638650124,1,-1,1,1,52.98736921045321,0,10710.150390625,10004.5498046875,-1.0434027154074266,5.935805183950005,1
2018-11-09,10585.2001953125,10585.2001953125,10619.5498046875,10544.849609375,10614.7001953125,296600,,,10710.150390625,10004.5498046875,,Bearish,,10472.5427841477,10694.167388343729,10694.949629263681,1,-1,-1,-1,52.441765880984114,0,10710.150390625,10004.5498046875,-1.1666521080962,5.803863261822584,1
2018-11-12,10482.2001953125,10482.2001953125,10645.5,10464.0498046875,10607.7998046875,259700,,,10710.150390625,10004.5498046875,,Bearish,,10473.462537591966,10685.854949401328,10692.832719473123,1,-1,-1,-1,48.26554536135548,0,10710.150390625,10004.5498046875,-2.1283566243106455,4.77433167858492,1
2018-11-13,10582.5,10582.5,10596.25,10440.5498046875,10451.900390625,254600,,10440.5498046875,10710.150390625,10004.5498046875,HL,Bullish,,10483.847057821304,10681.801814130687,10691.734881468416,1,-1,-1,-1,52.2530338577721,0,10710.150390625,10004.5498046875,-1.1918636617534117,5.776873588471809,1
2018-11-14,10576.2998046875,10576.2998046875,10651.599609375,10532.7001953125,10634.900390625,384500,,,10710.150390625,10440.5498046875,,Bullish,,10492.65208133237,10677.664480427035,10690.586273739253,1,-1,-1,-1,51.98628759751839,0,10710.150390625,10004.5498046875,-1.249754495087807,5.714899832195486,1
2018-11-15,10616.7001953125,10616.7001953125,10646.5,10557.5,10580.599609375,0,,,10710.150390625,10440.5498046875,,Bullish,,10504.466187425714,10675.273724148034,10689.851088879286,1,-1,-1,-1,53.646760514962864,0,10710.150390625,10004.5498046875,-0.8725385910014927,6.118720008152545,1
2018-11-16,10682.2001953125,10682.2001953125,10695.150390625,10631.150390625,10644.0,342800,,,10710.150390625,10440.5498046875,,Bullish,,10521.393235795884,10675.54535046821,10689.77496058509,1,-1,-1,-1,56.28627898411893,1,10695.150390625,10004.5498046875,-0.12108474251892876,6.773422131473583,1
2018-11-19,10763.400390625,10763.400390625,10774.7001953125,10688.7998046875,10731.25,272100,10774.7001953125,,10710.150390625,10440.5498046875,HH,Bullish,Bullish_BOS,10544.4415362558,10678.990646160635,10690.507551928771,1,-1,-1,-1,59.374734058602506,1,10774.7001953125,10004.5498046875,-0.10487349515688749,7.585054807583158,1
2018-11-20,10656.2001953125,10656.2001953125,10740.849609375,10640.849609375,10740.099609375,295200,,,10774.7001953125,10440.5498046875,,Bullish,,10555.085218070724,10678.09690299012,10690.166185196273,1,-1,-1,-1,53.954995254260886,0,10774.7001953125,10004.5498046875,-1.0997985823452683,6.513540372598059,1
2018-11-21,10600.0498046875,10600.0498046875,10671.2998046875,10562.349609375,10670.9501953125,300900,,,10774.7001953125,10440.5498046875,,Bullish,,10559.367559653276,10675.03623246845,10689.269504793201,1,-1,-1,-1,51.31291934110695,0,10774.7001953125,10004.5498046875,-1.6209303967546274,5.952291823476008,1
2018-11-22,10526.75,10526.75,10646.25,10512.0,10612.650390625,239500,,,10774.7001953125,10440.5498046875,,Bullish,,10556.261125400582,10669.221086097139,10687.652395292771,-1,-1,-1,-3,48.00799216055943,0,10774.7001953125,10004.5498046875,-2.3012259349951103,5.219627124729098,1
2018-11-26,10628.599609375,10628.599609375,10637.7998046875,10489.75,10568.2998046875,0,,10489.75,10774.7001953125,10440.5498046875,HL,Bullish,,10563.150504826717,10667.628087009996,10687.064805383141,1,-1,-1,-1,52.57837746052581,0,10774.7001953125,10004.5498046875,-1.355959639610771,6.237660033389103,1
2018-11-27,10685.599609375,10685.599609375,10695.150390625,10596.349609375,10621.4501953125,0,,,10774.7001953125,10489.75,,Bullish,,10574.812324307506,10668.332852592937,10687.050226318384,1,-1,-1,-1,54.96438855970594,0,10774.7001953125,10020.349609375,-0.8269426000016455,6.638989914858806,1
2018-11-28,10728.849609375,10728.849609375,10757.7998046875,10699.849609375,10708.75,424500,,,10774.7001953125,10489.75,,Bullish,,10589.48254193298,10670.706058741254,10687.466140577653,1,-1,-1,-1,56.742871392694056,1,10774.7001953125,10105.099609375,-0.4255393199473656,6.172625942462906,1
2018-11-29,10858.7001953125,10858.7001953125,10883.0498046875,10782.349609375,10808.7001953125,691300,,,10774.7001953125,10489.75,,Bullish,Bullish_BOS,10615.122318445316,10678.078377822481,10689.169962017802,1,-1,-1,-1,61.64073189323759,1,10883.0498046875,10105.099609375,-0.22373883986557264,7.457626496213332,1
2018-11-30,10876.75,10876.75,10922.4501953125,10835.099609375,10892.099609375,453900,,,10774.7001953125,10489.75,,Bullish,Bullish_BOS,10640.039240498143,10685.869421829442,10691.036430057427,1,-1,-1,-1,62.28007331178998,1,10922.4501953125,10341.900390625,-0.41840607643248706,5.171676279727522,1
2018-12-03,10883.75,10883.75,10941.2001953125,10845.349609375,10930.7001953125,409700,10941.2001953125,,10774.7001953125,10489.75,HH,Bullish,Bullish_BOS,10663.24978902213,10693.629444502798,10692.953978017056,1,-1,1,1,62.54082728002944,1,10941.2001953125,10440.5498046875,-0.5250812916951619,4.244989043714109,1
2018-12-04,10869.5,10869.5,10890.9501953125,10833.349609375,10877.099609375,322100,,,10941.2001953125,10489.75,,Bullish,,10682.892666258118,10700.526329032102,10694.710654852708,1,-1,1,1,61.60715863698617,1,10941.2001953125,10440.5498046875,-0.6553229447644915,4.108501978697654,1
2018-12-05,10782.900390625,10782.900390625,10821.0498046875,10747.9501953125,10820.4501953125,312300,,,10941.2001953125,10489.75,,Bullish,,10692.417211435917,10703.756684388685,10695.588164661389,1,-1,1,1,56.123623780032396,1,10941.2001953125,10440.5498046875,-1.4468230346001643,3.2790474864053065,1
2018-12-06,10601.150390625,10601.150390625,10722.650390625,10588.25,10718.150390625,318500,,,10941.2001953125,10489.75,,Bullish,,10683.725133263448,10699.732908162658,10694.648485317743,-1,-1,1,-1,46.72396138660525,0,10941.2001953125,10440.5498046875,-3.1079753465546367,1.5382387799672603,0
2018-12-07,10693.7001953125,10693.7001953125,10704.5498046875,10599.349609375,10644.7998046875,325800,,,10941.2001953125,10489.75,,Bullish,,10684.675139172881,10699.496331188142,10694.639049596299,1,-1,1,1,51.205462673094516,0,10941.2001953125,10440.5498046875,-2.2620918690989256,2.4246844788896382,1
2018-12-10,10488.4501953125,10488.4501953125,10558.849609375,10474.9501953125,10508.7001953125,381300,,,10941.2001953125,10489.75,,Bullish,Bearish_BOS,10665.987049281417,10691.220012134196,10692.587419205414,-1,-1,-1,-3,42.63917366281788,-1,10941.2001953125,10440.5498046875,-4.138028661553694,0.4587918406700586,0
2018-12-11,10549.150390625,10549.150390625,10567.150390625,10333.849609375,10350.0498046875,425500,,10333.849609375,10941.2001953125,10489.75,LL,Bearish,,10654.859748456996,10685.648654427952,10691.160185090186,-1,-1,-1,-3,45.540786087928915,0,10941.2001953125,10333.849609375,-3.583243133193603,2.0834518537474755,0
2018-12-12,10737.599609375,10737.599609375,10752.2001953125,10560.7998046875,10591.0,360500,,,10941.2001953125,10333.849609375,,Bearish,,10662.739735211093,10687.685946778816,10691.622268913916,1,-1,-1,-1,53.41890656838536,0,10941.2001953125,10333.849609375,-1.8608615353252422,3.90706285906961,1
2018-12-13,10791.5498046875,10791.5498046875,10838.599609375,10749.5,10810.75,376200,,,10941.2001953125,10333.849609375,,Bearish,,10675.007360875512,10691.759039245824,10692.616572752459,1,-1,-1,-1,55.40772108398262,1,10941.2001953125,10333.849609375,-1.3677694215769365,4.429135439490706,1
2018-12-14,10805.4501953125,10805.4501953125,10815.75,10752.099609375,10784.5,340100,,,10941.2001953125,10333.849609375,,Bearish,,10687.430487964748,10696.21751595432,10693.739295364998,1,-1,1,1,55.929814418326366,1,10941.2001953125,10333.849609375,-1.2407231160815324,4.5636486281903865,1
2018-12-17,10888.349609375,10888.349609375,10900.349609375,10844.849609375,10853.2001953125,296900,,,10941.2001953125,10333.849609375,,Bearish,,10706.565642384772,10703.752107853172,10695.675716399925,1,1,1,3,59.01197071455323,1,10941.2001953125,10333.849609375,-0.4830419423286214,5.365860942053491,1
2018-12-18,10908.7001953125,10908.7001953125,10915.400390625,10819.099609375,10850.900390625,286100,,,10941.2001953125,10333.849609375,,Bearish,,10725.816552187413,10711.789287753538,10697.795362956269,1,1,1,3,59.75605219623708,1,10941.2001953125,10333.849609375,-0.29704236664935824,5.562792257166094,1
2018-12-19,10967.2998046875,10967.2998046875,10985.150390625,10928.0,10930.5498046875,312100,10985.150390625,,10941.2001953125,10333.849609375,HH,Bullish,Bullish_BOS,10748.81495718742,10721.809308025458,10700.4769991924,1,1,1,3,61.90082603895973,1,10985.150390625,10333.849609375,-0.16249741972339526,6.129856919320997,1
2018-12-20,10951.7001953125,10951.7001953125,10962.5498046875,10880.0498046875,10885.2001953125,318900,,,10985.150390625,10333.849609375,,Bullish,,10768.13736081838,10730.824636938676,10702.976732487128,1,1,1,3,60.96929826176236,1,10985.150390625,10333.849609375,-0.304503753913532,5.978900499741924,1
2018-12-21,10754.0,10754.0,10963.650390625,10738.650390625,10944.25,377500,,,10985.150390625,10333.849609375,,Bullish,,10766.790945502344,10731.733474705787,10703.484426691237,-1,1,1,1,50.5805946872996,0,10985.150390625,10333.849609375,-2.1042077932976633,4.0657683874539385,1
2018-12-24,10663.5,10663.5,10782.2998046875,10649.25,10780.900390625,223400,,,10985.150390625,10333.849609375,,Bullish,,10756.95371259736,10729.057652168305,10703.086571699285,-1,1,1,1,46.66108988508393,0,10985.150390625,10333.849609375,-2.9280472199953222,3.1900056908699126,1
2018-12-26,10729.849609375,10729.849609375,10747.5,10534.5498046875,10635.4501953125,263700,,10534.5498046875,10985.150390625,10333.849609375,HL,Bullish,,10754.372369433326,10729.088709313666,10703.352870581632,-1,1,1,1,49.736309371311584,0,10985.150390625,10333.849609375,-2.324053582988539,3.832066606047224,1
2018-12-27,10779.7998046875,10779.7998046875,10834.2001953125,10764.4501953125,10817.900390625,456100,,,10985.150390625,10534.5498046875,,Bullish,,10756.794029933724,10731.077379720484,10704.113536592637,1,1,1,3,51.98086225204393,0,10985.150390625,10333.849609375,-1.8693470606715668,4.3154314429728835,1
2018-12-28,10859.900390625,10859.900390625,10893.599609375,10817.150390625,10820.9501953125,245500,,,10985.150390625,10534.5498046875,,Bullish,,10766.613683332893,10736.129262501054,10705.663654543207,1,1,1,3,55.41889112927253,1,10985.150390625,10333.849609375,-1.140175560153378,5.090559676548412,1
2018-12-31,10862.5498046875,10862.5498046875,10923.5498046875,10853.2001953125,10913.2001953125,180900,,,10985.150390625,10534.5498046875,,Bullish,,10775.750456795236,10741.08693082209,10707.224710763549,1,1,1,3,55.5322978202451,1,10985.150390625,10333.849609375,-1.1160574191331096,5.116197886534524,1
2019-01-02,10792.5,10792.5,10895.349609375,10735.0498046875,10868.849609375,309700,,,10985.150390625,10534.5498046875,,Bullish,,10777.345651386167,10743.10312961338,10708.07322110421,1,1,1,3,51.7816565594422,0,10985.150390625,10333.849609375,-1.753734667022977,4.438330418597403,1
2019-01-03,10672.25,10672.25,10814.0498046875,10661.25,10796.7998046875,286200,,,10985.150390625,10534.5498046875,,Bullish,,10767.336541730341,10740.324575510895,10707.716771142976,-1,1,1,1,46.03387497703549,0,10985.150390625,10333.849609375,-2.848394236751073,3.2746788797661575,1
2019-01-04,10727.349609375,10727.349609375,10741.0498046875,10628.650390625,10699.7001953125,296600,,10628.650390625,10985.150390625,10534.5498046875,HL,Bullish,,10763.528262458403,10739.815753309487,10707.912122767175,-1,1,1,1,48.836302302716376,0,10985.150390625,10333.849609375,-2.34681157820118,3.8078742663625764,1
2019-01-07,10771.7998046875,10771.7998046875,10835.9501953125,10750.150390625,10804.849609375,269400,,,10985.150390625,10628.650390625,,Bullish,,10764.316028384983,10741.070029834116,10708.547821094742,1,1,1,3,51.04492086461567,0,10985.150390625,10333.849609375,-1.942172645352025,4.238015955982033,1
2019-01-08,10802.150390625,10802.150390625,10818.4501953125,10733.25,10786.25,277700,,,10985.150390625,10628.650390625,,Bullish,,10767.919300979269,10743.465338100426,10709.479189945789,1,1,1,3,52.55105430142031,0,10985.150390625,10333.849609375,-1.6658852495654242,4.531716629833205,1
2019-01-09,10855.150390625,10855.150390625,10870.400390625,10749.400390625,10862.400390625,333000,,,10985.150390625,10628.650390625,,Bullish,,10776.227023802672,10747.845144081783,10710.928654629166,1,1,1,3,55.14618115166829,1,10985.150390625,10333.849609375,-1.183415751057404,5.044594231147603,1
2019-01-10,10821.599609375,10821.599609375,10859.349609375,10801.7998046875,10859.349609375,254400,,,10985.150390625,10628.650390625,,Bullish,,10780.548222428608,10750.737476054066,10712.029858158976,1,1,1,3,53.163921754046044,0,10985.150390625,10534.5498046875,-1.488835158684565,2.7248416876796577,1
2019-01-11,10794.9501953125,10794.9501953125,10850.150390625,10739.400390625,10834.75,260800,,,10985.150390625,10628.650390625,,Bullish,,10781.91983889374,10752.471308181848,10712.854936140604,1,1,1,3,51.578008876642386,0,10985.150390625,10534.5498046875,-1.731430053746208,2.471870136388099,1
2019-01-14,10737.599609375,10737.599609375,10808.0,10692.349609375,10807.0,298800,,10692.349609375,10985.150390625,10628.650390625,HL,Bullish,,10777.698864653861,10751.88810430707,10713.101151794679,-1,1,1,1,48.24275214903001,0,10985.150390625,10534.5498046875,-2.253503797829348,1.9274654204695985,1
2019-01-15,10886.7998046875,10886.7998046875,10896.9501953125,10777.5498046875,10777.5498046875,310700,,,10985.150390625,10692.349609375,,Bullish,,10788.08943037135,10757.17875922395,10714.829496599583,1,1,1,3,56.181289692725954,1,10985.150390625,10534.5498046875,-0.8953048655704787,3.343759406246871,1
2019-01-16,10890.2998046875,10890.2998046875,10928.150390625,10876.900390625,10899.650390625,276500,,,10985.150390625,10692.349609375,,Bullish,,10797.823751734793,10762.399192379386,10716.575469814388,1,1,1,3,56.35042438193403,1,10985.150390625,10534.5498046875,-0.863443672272779,3.376983417380619,1
2019-01-17,10905.2001953125,10905.2001953125,10930.650390625,10844.650390625,10920.849609375,271700,,,10985.150390625,10692.349609375,,Bullish,,10808.050079694574,10767.999231710097,10718.452332754669,1,1,1,3,57.109437245252245,1,10985.150390625,10534.5498046875,-0.7278024648686765,3.5184264871012783,1
2019-01-18,10906.9501953125,10906.9501953125,10928.2001953125,10852.2001953125,10914.849609375,323800,,,10985.150390625,10692.349609375,,Bullish,,10817.469138324854,10773.44828910627,10720.327933377135,1,1,1,3,57.2035615576897,1,10963.650390625,10534.5498046875,-0.5171652988951947,3.535038492668141,1
2019-01-21,10961.849609375,10961.849609375,10987.4501953125,10885.75,10919.349609375,288800,10987.4501953125,,10985.150390625,10692.349609375,HH,Bullish,,10831.21965937725,10780.836576175634,10722.731134133333,1,1,1,3,60.15749719352744,1,10987.4501953125,10534.5498046875,-0.2329984253163886,4.056175276682139,1
2019-01-22,10922.75,10922.75,10949.7998046875,10864.150390625,10949.7998046875,300800,,,10987.4501953125,10692.349609375,,Bullish,,10839.936834674654,10786.401808482473,10724.721371604644,1,1,1,3,57.13288996810333,1,10987.4501953125,10534.5498046875,-0.588855413789291,3.685019317482041,1
2019-01-23,10831.5,10831.5,10944.7998046875,10811.9501953125,10931.0498046875,298900,,,10987.4501953125,10692.349609375,,Bullish,,10839.133326610401,10788.170365012573,10725.783845519027,-1,1,1,1,50.72327882113334,0,10987.4501953125,10534.5498046875,-1.4193483705530863,2.818821884352074,1
2019-01-24,10849.7998046875,10849.7998046875,10866.599609375,10798.650390625,10844.0498046875,361100,,,10987.4501953125,10692.349609375,,Bullish,,10840.149181665363,10790.58720578414,10727.017835162495,1,1,1,3,51.888982840355986,0,10987.4501953125,10628.650390625,-1.252796492162711,2.080691394813061,1
2019-01-25,10780.5498046875,10780.5498046875,10931.7001953125,10756.4501953125,10859.75,463400,,,10987.4501953125,10692.349609375,,Bullish,,10834.473050524613,10790.193582211725,10727.55049157568,-1,1,1,1,47.32642678104342,0,10987.4501953125,10628.650390625,-1.8830610100355138,1.4291505363322798,1
2019-01-28,10661.5498046875,10661.5498046875,10804.4501953125,10630.9501953125,10792.4501953125,419700,,,10987.4501953125,10692.349609375,,Bullish,Bearish_BOS,10818.004169968697,10785.148728191169,10726.893768323062,-1,1,1,1,40.703149484142024,-1,10987.4501953125,10628.650390625,-2.9661148385822678,0.3095351982930872,1
2019-01-29,10652.2001953125,10652.2001953125,10690.349609375,10583.650390625,10653.7001953125,356900,,10583.650390625,10987.4501953125,10692.349609375,LL,Bearish,Bearish_BOS,10802.213315239536,10779.935060235142,10726.150548691116,-1,1,1,1,40.2268106254933,-1,10987.4501953125,10583.650390625,-3.05120836991849,0.6476952861955931,0
2019-01-30,10651.7998046875,10651.7998046875,10710.2001953125,10612.849609375,10702.25,410100,,,10987.4501953125,10583.650390625,,Bearish,,10787.888218996486,10774.910148252882,10725.41074029307,-1,1,1,1,40.2051113924775,-1,10987.4501953125,10583.650390625,-3.054852442181688,0.6439121810265735,0
2019-01-31,10830.9501953125,10830.9501953125,10838.0498046875,10678.5498046875,10690.5498046875,604800,,,10987.4501953125,10583.650390625,,Bearish,,10791.989359598012,10777.107797157181,10726.460884124108,1,1,1,3,52.540897855974805,0,10987.4501953125,10583.650390625,-1.4243523039291328,2.3366210670238807,1
2019-02-01,10893.650390625,10893.650390625,10983.4501953125,10813.4501953125,10851.349609375,482300,,,10987.4501953125,10583.650390625,,Bearish,,10801.671362552963,10781.678094940233,10728.124461303221,1,1,1,3,55.96492603057677,1,10987.4501953125,10583.650390625,-0.8536994754935745,2.9290461094085174,1
2019-02-04,10912.25,10912.25,10927.900390625,10814.150390625,10876.75,318300,,,10987.4501953125,10583.650390625,,Bearish,,10812.202661357442,10786.79856180532,10729.956556215628,1,1,1,3,56.956990852968595,1,10987.4501953125,10583.650390625,-0.6844189868963624,3.104785185138703,1
2019-02-05,10934.349609375,10934.349609375,10956.7001953125,10886.7001953125,10908.650390625,268100,,,10987.4501953125,10583.650390625,,Bearish,,10823.835704025782,10792.58487739629,10731.990317938607,1,1,1,3,58.16304510530846,1,10987.4501953125,10583.650390625,-0.48328397393012645,3.313594136297704,1
2019-02-06,11062.4501953125,11062.4501953125,11072.599609375,10962.7001953125,10965.099609375,298500,,,10987.4501953125,10583.650390625,,Bearish,Bullish_BOS,10846.560893672135,10803.167831040062,10735.278475922429,1,1,1,3,64.3913630079322,1,11072.599609375,10583.650390625,-0.0916624317735315,4.523957113243471,1
2019-02-07,11069.400390625,11069.400390625,11118.099609375,11043.599609375,11070.4501953125,263500,11118.099609375,,10987.4501953125,10583.650390625,HH,Bullish,Bullish_BOS,10867.783702905741,10813.608323572806,10738.603072088625,1,1,1,3,64.69843151880642,1,11118.099609375,10583.650390625,-0.4380174711596907,4.589626282726389,1
2019-02-08,10943.599609375,10943.599609375,11041.2001953125,10925.4501953125,11023.5,352800,,,11118.099609375,10583.650390625,,Bullish,,10875.004265426624,10818.706021055244,10740.642838628788,1,1,1,3,55.388058391798495,1,11118.099609375,10583.650390625,-1.5695128316071005,3.4009930927881182,1
2019-02-11,10888.7998046875,10888.7998046875,10930.900390625,10857.099609375,10930.900390625,286000,,,11118.099609375,10583.650390625,,Bullish,,10876.318126308612,10821.45479688396,10742.117037296039,1,1,1,3,51.88539187285389,0,11118.099609375,10583.650390625,-2.0624010644242685,2.8832151743485523,1
2019-02-12,10831.400390625,10831.400390625,10910.900390625,10823.7998046875,10879.7001953125,292300,,,11118.099609375,10583.650390625,,Bullish,,10872.040246719696,10821.844820167922,10743.005428871453,-1,1,1,1,48.430646468688124,0,11118.099609375,10583.650390625,-2.578671075300043,2.340874753567612,1
2019-02-14,10746.0498046875,10746.0498046875,10792.7001953125,10718.75,10786.099609375,627000,,,11118.099609375,10583.650390625,,Bullish,,10860.041157002344,10818.87246661967,10743.03572116813,-1,1,1,1,43.764322497772994,-1,11118.099609375,10583.650390625,-3.3463435097647487,1.534436683645124,0
2019-02-15,10724.400390625,10724.400390625,10785.75,10620.400390625,10780.25,521900,,,11118.099609375,10583.650390625,,Bullish,,10847.122988775931,10815.167679325763,10742.850294993572,-1,1,1,1,42.642002916991316,-1,11118.099609375,10583.650390625,-3.541065762875739,1.3298814190298325,0
2019-02-18,10640.9501953125,10640.9501953125,10759.900390625,10628.400390625,10738.650390625,345400,,,11118.099609375,10583.650390625,,Bullish,,10827.487484636556,10808.335621129165,10741.836363653461,-1,1,1,1,38.539334352900376,-1,11118.099609375,10583.650390625,-4.291645432463643,0.541399258031583,0
2019-02-19,10604.349609375,10604.349609375,10722.849609375,10585.650390625,10636.7001953125,291500,,10585.650390625,11118.099609375,10583.650390625,HL,Bullish,,10806.23625842117,10800.336169687826,10740.468336247706,-1,1,1,1,36.86409163385573,-1,11118.099609375,10583.650390625,-4.6208436517945595,0.19557731015316104,0
2019-02-20,10735.4501953125,10735.4501953125,10752.7001953125,10646.400390625,10655.4501953125,289200,,,11118.099609375,10585.650390625,,Bullish,,10799.494728601296,10797.791621673106,10740.418404497108,-1,1,1,1,45.93035491514572,0,11118.099609375,10583.650390625,-3.4416800308196827,1.434285894609344,0
2019-02-21,10789.849609375,10789.849609375,10808.849609375,10721.5,10744.099609375,279600,,,11118.099609375,10585.650390625,,Bullish,,10798.57614581784,10797.480170210436,10740.910257281965,-1,1,1,1,49.190740973928754,0,11118.099609375,10583.650390625,-2.9523930485675143,1.948280707879868,1
2019-02-22,10791.650390625,10791.650390625,10801.5498046875,10758.400390625,10782.7001953125,396800,,,11118.099609375,10585.650390625,,Bullish,,10797.916550085189,10797.251551403164,10741.415134230652,-1,1,1,1,49.29972860530983,0,11118.099609375,10583.650390625,-2.9361962045629797,1.9652954540547496,1
2019-02-25,10880.099609375,10880.099609375,10887.099609375,10788.0498046875,10813.25,385900,,,11118.099609375,10585.650390625,,Bullish,,10805.74350811279,10800.500494853039,10742.795079256965,1,1,1,3,54.46611392801655,0,11118.099609375,10583.650390625,-2.1406536041403523,2.8010110671512267,1
2019-02-26,10835.2998046875,10835.2998046875,10888.75,10729.2998046875,10775.2998046875,415000,,,11118.099609375,10585.650390625,,Bullish,,10808.558393500858,10801.865173670078,10743.715524286124,1,1,1,3,51.598126486182856,0,11118.099609375,10583.650390625,-2.543598408212111,2.3777185070796625,1
2019-02-27,10806.650390625,10806.650390625,10939.7001953125,10751.2001953125,10881.2001953125,381100,,,11118.099609375,10585.650390625,,Bullish,,10808.376678941253,10802.052829236938,10744.341741861635,-1,1,1,1,49.792455153864566,0,11118.099609375,10585.650390625,-2.8012810614448935,2.08773189973972,1
2019-02-28,10792.5,10792.5,10865.7001953125,10784.849609375,10865.7001953125,644200,,,11118.099609375,10585.650390625,,Bullish,,10806.86461428018,10801.678208482548,10744.820928509778,-1,1,1,1,48.88255027470971,0,11118.099609375,10585.650390625,-2.92855452653481,1.9540566875153154,1
2019-03-01,10863.5,10863.5,10877.900390625,10823.099609375,10842.650390625,308500,,,11118.099609375,10585.650390625,,Bullish,,10812.258460539211,10804.102592463623,10746.001814793264,1,1,1,3,53.476434512667865,0,11118.099609375,10585.650390625,-2.2899561824425207,2.624775985621741,1
2019-03-05,10987.4501953125,10987.4501953125,10994.900390625,10817.0,10864.849609375,373200,,,11118.099609375,10585.650390625,,Bullish,,10828.943387660476,10811.292694536129,10748.404286241217,1,1,1,3,60.20089868845491,1,11118.099609375,10585.650390625,-1.1751056264357795,3.79570257717321,1
2019-03-06,11053.0,11053.0,11062.2998046875,10998.849609375,11024.849609375,372600,,,11118.099609375,10585.650390625,,Bullish,,10850.282112645193,10820.771412397458,10751.435089363194,1,1,1,3,63.227896049944974,1,11118.099609375,10585.650390625,-0.585528207717323,4.41493523901848,1
2019-03-07,11058.2001953125,11058.2001953125,11089.0498046875,11027.099609375,11077.9501953125,321200,,,11118.099609375,10585.650390625,,Bullish,,10870.083834803983,10830.082345060793,10754.48747847712,1,1,1,3,63.46529419882021,1,11118.099609375,10585.650390625,-0.538755868062124,4.464060187610253,1
2019-03-08,11035.400390625,11035.400390625,11049.0,11008.9501953125,11038.849609375,326600,,,11118.099609375,10585.650390625,,Bullish,,10885.8282686917,10838.134033122134,10757.282631831826,1,1,1,3,61.58792127678464,1,11118.099609375,10585.650390625,-0.7438251288940267,4.248676117230477,1
2019-03-11,11168.0498046875,11168.0498046875,11180.900390625,11059.849609375,11068.75,352200,,,11118.099609375,10585.650390625,,Bullish,Bullish_BOS,10912.706510215108,10851.071906516856,10761.369867382627,1,1,1,3,67.5940881109817,1,11180.900390625,10585.650390625,-0.11493337288179806,5.501782059402727,1
2019-03-12,11301.2001953125,11301.2001953125,11320.400390625,11227.0,11231.349609375,391300,,,11118.099609375,10585.650390625,,Bullish,Bullish_BOS,10949.705908795811,10868.72399627355,10766.741313431681,1,1,1,3,72.27954298529802,1,11320.400390625,10585.650390625,-0.1696070337618205,6.759620602256189,1
2019-03-13,11341.7001953125,11341.7001953125,11352.2998046875,11276.599609375,11326.2001953125,383000,,,11118.099609375,10585.650390625,,Bullish,Bullish_BOS,10987.038697987877,10887.272082510372,10772.462297330992,1,1,1,3,73.53305524349166,1,11352.2998046875,10585.650390625,-0.09336970972722014,7.142214004697167,1
2019-03-14,11343.25,11343.25,11383.4501953125,11313.75,11382.5,294500,,,11118.099609375,10585.650390625,,Bullish,Bullish_BOS,11020.963583893794,10905.15356947075,10778.14177695954,1,1,1,3,73.58228527069184,1,11383.4501953125,10585.650390625,-0.3531459673715931,7.156854623178899,1
2019-03-15,11426.849609375,11426.849609375,11487.0,11370.7998046875,11376.849609375,463700,,,11118.099609375,10585.650390625,,Bullish,Bullish_BOS,11059.619395844386,10925.612237702291,10784.596581262182,1,1,1,3,76.15844509043396,1,11487.0,10585.650390625,-0.5236388145294701,7.94659928968553,1
2019-03-18,11462.2001953125,11462.2001953125,11530.150390625,11412.5,11473.849609375,320300,,,11118.099609375,10585.650390625,,Bullish,Bullish_BOS,11097.96042436516,10946.654902706614,10791.338905780096,1,1,1,3,77.17216803189163,1,11530.150390625,10585.650390625,-0.5893261840517638,8.280547461342591,1
2019-03-19,11532.400390625,11532.400390625,11543.849609375,11451.25,11500.2998046875,326100,,,11118.099609375,10585.650390625,,Bullish,Bullish_BOS,11139.33565924705,10969.625313997532,10798.712651897955,1,1,1,3,79.07490407016849,1,11543.849609375,10585.650390625,-0.09918024868152964,8.943711203975457,1
2019-03-20,11521.0498046875,11521.0498046875,11556.099609375,11503.099609375,11553.349609375,366300,,,11118.099609375,10585.650390625,,Bullish,Bullish_BOS,11175.689387384235,10991.249803828512,10805.90008625407,1,1,1,3,77.94365229670552,1,11556.099609375,10646.400390625,-0.3033013375816296,8.215447305858392,1
2019-03-22,11456.900390625,11456.900390625,11572.7998046875,11434.5498046875,11549.2001953125,386200,,,11118.099609375,10585.650390625,,Bullish,Bullish_BOS,11202.471387692878,11009.510611153866,10812.377701222935,1,1,1,3,71.7005271046724,1,11572.7998046875,10721.5,-1.0014811974502158,6.859118506039263,1
2019-03-25,11354.25,11354.25,11395.650390625,11311.599609375,11395.650390625,294500,,11311.599609375,11118.099609375,10585.650390625,HL,Bullish,Bullish_BOS,11216.92649362689,11023.029802873323,10817.76946538987,1,1,1,3,63.00406764744076,1,11572.7998046875,10729.2998046875,-1.8884782280514156,5.824706240750843,1
2019-03-26,11483.25,11483.25,11496.75,11352.4501953125,11375.2001953125,282600,,,11118.099609375,11311.599609375,,Bullish,Bullish_BOS,11242.290637090995,11041.077653741035,10824.391162251663,1,1,1,3,68.22057630769257,1,11572.7998046875,10729.2998046875,-0.7737955049669898,7.027021418332513,1
2019-03-27,11445.0498046875,11445.0498046875,11546.2001953125,11413.0,11531.4501953125,350400,,,11118.099609375,11311.599609375,,Bullish,Bullish_BOS,11261.601034004947,11056.91969887619,10830.566870136598,1,1,1,3,65.28495764993917,1,11572.7998046875,10729.2998046875,-1.1038815339072583,6.670985181039479,1
2019-03-28,11570.0,11570.0,11588.5,11452.4501953125,11463.650390625,527700,,,11118.099609375,11311.599609375,,Bullish,Bullish_BOS,11290.972364099714,11077.040494998693,10837.924413717328,1,1,1,3,69.85440935976797,1,11588.5,10751.2001953125,-0.15964102342840292,7.615892084722731,1
2019-04-01,11669.150390625,11669.150390625,11738.099609375,11644.75,11665.2001953125,379600,,,11118.099609375,11311.599609375,,Bullish,Bullish_BOS,11326.989319006885,11100.260490905608,10846.19531896019,1,1,1,3,72.90243636870635,1,11738.099609375,10784.849609375,-0.5873967766888866,8.199472531182073,1
2019-04-02,11713.2001953125,11713.2001953125,11729.349609375,11655.849609375,11711.5498046875,386100,,,11118.099609375,11311.599609375,,Bullish,Bullish_BOS,11363.771307226467,11124.29734205882,10854.82223315275,1,1,1,3,74.1528176440993,1,11738.099609375,10817.0,-0.21212474668909076,8.28510858197744,1
2019-04-03,11643.9501953125,11643.9501953125,11761.0,11629.150390625,11735.2998046875,365800,11761.0,,11118.099609375,11311.599609375,HH,Bullish,Bullish_BOS,11390.455010853708,11144.67588532367,10862.674252676728,1,1,1,3,68.77962405045027,1,11761.0,10817.0,-0.995236839448177,7.644912594180453,1
2019-04-04,11598.0,11598.0,11662.5498046875,11559.2001953125,11660.2001953125,349000,,,11761.0,11311.599609375,,Bullish,,11410.221200296211,11162.453301585487,10869.990926779448,1,1,1,3,65.39358290855273,1,11761.0,10998.849609375,-1.3859365700195525,5.447391426411596,1
2019-04-05,11665.9501953125,11665.9501953125,11689.650390625,11609.5,11638.400390625,266700,,,11761.0,11311.599609375,,Bullish,,11434.576342678716,11182.198277810076,10877.910919501172,1,1,1,3,67.90950334409789,1,11761.0,11008.9501953125,-0.8081779158872537,5.967871489506282,1
2019-04-08,11604.5,11604.5,11710.2998046875,11549.099609375,11704.349609375,260900,,11549.099609375,11761.0,11311.599609375,HL,Bullish,,11450.759548137885,11198.75912966066,10885.140661595688,1,1,1,3,63.41917504115545,1,11761.0,11008.9501953125,-1.330669160785647,5.409687518988671,1
2019-04-09,11671.9501953125,11671.9501953125,11683.900390625,11569.7001953125,11612.0498046875,300500,,,11761.0,11549.099609375,,Bullish,,11471.825324059279,11217.315642039164,10892.969612179935,1,1,1,3,66.07110406068934,1,11761.0,11059.849609375,-0.7571618458251828,5.534438600490965,1
2019-04-10,11584.2998046875,11584.2998046875,11680.0498046875,11571.75,11646.849609375,359900,,,11761.0,11549.099609375,,Bullish,,11482.537179357205,11231.707177829294,10899.84851956807,1,1,1,3,59.98541961835117,1,11761.0,11227.0,-1.5024249240073173,3.1825047179789845,1
2019-04-11,11596.7001953125,11596.7001953125,11606.7001953125,11550.5498046875,11592.5498046875,279800,,,11761.0,11549.099609375,,Bullish,,11493.409847543424,11246.020629495302,10906.782367087915,1,1,1,3,60.53919041585375,1,11761.0,11276.599609375,-1.3969883911869707,2.838626864709992,1
2019-04-12,11643.4501953125,11643.4501953125,11657.349609375,11578.7998046875,11612.849609375,246000,,,11761.0,11549.099609375,,Bullish,,11507.699404473813,11261.606102664606,10914.112395229455,1,1,1,3,62.63845666417417,1,11761.0,11311.599609375,-0.9994881786200116,2.933719344719954,1
2019-04-15,11690.349609375,11690.349609375,11704.599609375,11648.25,11667.0,290000,,,11761.0,11549.099609375,,Bullish,,11525.094662083451,11278.419573515994,10921.836148604038,1,1,1,3,64.66906934821813,1,11761.0,11311.599609375,-0.600717546339602,3.3483328006597146,1
2019-04-16,11787.150390625,11787.150390625,11810.9501953125,11731.5498046875,11736.2001953125,354300,,,11761.0,11549.099609375,,Bullish,Bullish_BOS,11550.05235051598,11298.369801637915,10930.446240564446,1,1,1,3,68.47728889242107,1,11810.9501953125,11311.599609375,-0.2015062657443556,4.204098427032954,1
2019-04-18,11752.7998046875,11752.7998046875,11856.150390625,11738.5,11856.150390625,339700,11856.150390625,,11761.0,11549.099609375,HH,Bullish,,11569.36163186565,11316.190586071232,10938.628863093034,1,1,1,3,65.76820257061756,1,11856.150390625,11311.599609375,-0.8717044110643446,3.9004226683097443,1
2019-04-22,11594.4501953125,11594.4501953125,11727.0498046875,11583.9501953125,11727.0498046875,260400,,,11856.150390625,11549.099609375,,Bullish,,11571.751018860588,11327.102727610107,10945.154448488252,1,1,1,3,54.97170225811095,0,11856.150390625,11311.599609375,-2.207294835931184,2.500535695261652,1
2019-04-23,11575.9501953125,11575.9501953125,11645.9501953125,11564.7998046875,11612.9501953125,272500,,11564.7998046875,11856.150390625,11549.099609375,HL,Bullish,,11572.150940427437,11336.86145183373,10951.43102308352,1,1,1,3,53.85928673160562,0,11856.150390625,11311.599609375,-2.3633319929381336,2.336986766384541,1
2019-04-24,11726.150390625,11726.150390625,11740.849609375,11578.849609375,11601.5,335200,,,11856.150390625,11564.7998046875,,Bullish,,11586.817554731966,11352.127684727506,10959.13967350682,1,1,1,3,60.79583641620253,1,11856.150390625,11311.599609375,-1.0964773195083155,3.664828985870594,1
2019-04-25,11641.7998046875,11641.7998046875,11796.75,11624.2998046875,11735.7001953125,604400,,,11856.150390625,11564.7998046875,,Bullish,,11592.053959489636,11363.487375706329,10965.932311628021,1,1,1,3,55.72893739211102,1,11856.150390625,11352.4501953125,-1.8079273531060536,2.5487855431814532,1
2019-04-26,11754.650390625,11754.650390625,11762.900390625,11661.75,11683.75,333500,,,11856.150390625,11564.7998046875,,Bullish,,11607.53933388348,11378.827101781571,10973.78025271257,1,1,1,3,60.47507049616194,1,11856.150390625,11413.0,-0.8560957533084168,2.993519588407967,1
2019-04-30,11748.150390625,11748.150390625,11756.25,11655.900390625,11748.75,532600,,,11856.150390625,11564.7998046875,,Bullish,,11620.930863096957,11393.310368010727,10981.485428214186,1,1,1,3,60.07557478256387,1,11856.150390625,11452.4501953125,-0.9109196192838342,2.5819819363504415,1
2019-05-02,11724.75,11724.75,11789.2998046875,11699.5498046875,11725.5498046875,380300,,,11856.150390625,11564.7998046875,,Bullish,,11630.818399944867,11406.308000637759,10988.88109559514,1,1,1,3,58.57538795364232,1,11856.150390625,11549.099609375,-1.108288831498816,1.5209011660304306,1
2019-05-03,11712.25,11712.25,11770.900390625,11699.349609375,11722.599609375,305500,,,11856.150390625,11564.7998046875,,Bullish,,11638.573790426308,11418.305726102944,10996.07879613648,1,1,1,3,57.745843371453844,1,11856.150390625,11549.099609375,-1.213719342989994,1.4126676203620514,1
2019-05-06,11598.25,11598.25,11632.5498046875,11571.349609375,11605.7998046875,299000,,,11856.150390625,11564.7998046875,,Bullish,,11634.733429433327,11425.362364294986,11002.070549408754,-1,1,1,1,50.69459892435931,0,11856.150390625,11549.099609375,-2.1752456077896,0.42557768386639605,1
2019-05-07,11497.900390625,11497.900390625,11657.0498046875,11484.4501953125,11651.5,337500,,,11856.150390625,11564.7998046875,,Bullish,Bearish_BOS,11621.70171145158,11428.206992778516,11007.004179669613,-1,1,1,1,45.435233740387254,0,11856.150390625,11484.4501953125,-3.02163845933735,0.11711658010402637,0
2019-05-08,11359.4501953125,11359.4501953125,11479.099609375,11346.9501953125,11478.7001953125,372800,,,11856.150390625,11564.7998046875,,Bullish,Bearish_BOS,11596.725376581191,11425.510647779849,11010.511105198399,-1,1,1,1,39.366948852028955,-1,11856.150390625,11346.9501953125,-4.189388451965447,0.11016175963445285,0
2019-05-09,11301.7998046875,11301.7998046875,11357.599609375,11255.0498046875,11322.400390625,373000,,,11856.150390625,11564.7998046875,,Bullish,Bearish_BOS,11568.63722687703,11420.659242168384,11013.409500218191,-1,1,1,1,37.14242621726839,-1,11856.150390625,11255.0498046875,-4.675637265666277,0.41536910818937844,0
2019-05-10,11278.900390625,11278.900390625,11345.7998046875,11251.0498046875,11314.150390625,387300,,,11856.150390625,11564.7998046875,,Bullish,Bearish_BOS,11541.043242472075,11415.100071519624,11016.05120062025,-1,1,1,1,36.26581048615311,-1,11856.150390625,11251.0498046875,-4.868781020662894,0.2475376646710492,0
2019-05-13,11148.2001953125,11148.2001953125,11300.2001953125,11125.599609375,11258.7001953125,357600,,,11856.150390625,11564.7998046875,,Bullish,Bearish_BOS,11503.629618933068,11404.633409707581,11017.366115990322,-1,1,1,1,31.67127982614555,-1,11856.150390625,11125.599609375,-5.97116409616646,0.20314038551643154,0
2019-05-14,11222.0498046875,11222.0498046875,11294.75,11108.2998046875,11151.650390625,398100,,11108.2998046875,11856.150390625,11564.7998046875,LL,Bearish,Bearish_BOS,11476.812493766822,11397.473268334244,11019.4027696092,-1,1,1,1,36.56176040289767,-1,11856.150390625,11108.2998046875,-5.3482839289800355,1.0240090923005152,0
2019-05-15,11157.0,11157.0,11286.7998046875,11136.9501953125,11271.7001953125,414200,,,11856.150390625,11108.2998046875,,Bearish,,11446.354161027124,11388.042944085844,11020.771896279755,-1,1,1,1,34.23725947347873,-1,11856.150390625,11108.2998046875,-5.896942663428417,0.43841268392801336,0
2019-05-16,11257.099609375,11257.099609375,11281.5498046875,11143.349609375,11180.349609375,350700,,,11856.150390625,11108.2998046875,,Bearish,,11428.329918012636,11382.907911352086,11023.123415813041,-1,1,1,1,40.50556347316494,-1,11856.150390625,11108.2998046875,-5.05265842211049,1.3395371686377278,0
2019-05-17,11407.150390625,11407.150390625,11426.150390625,11259.849609375,11261.900390625,412100,,,11856.150390625,11108.2998046875,,Bearish,,11426.312820166193,11383.858596813769,11026.94457974152,-1,1,1,1,48.43932754883296,0,11856.150390625,11108.2998046875,-3.7870639727633493,2.690335975730429,0
2019-05-20,11828.25,11828.25,11845.2001953125,11591.7001953125,11651.900390625,452100,,,11856.150390625,11108.2998046875,,Bearish,,11464.592551578937,11401.28571066421,11034.917768002799,1,1,1,3,63.25040722254275,1,11856.150390625,11108.2998046875,-0.2353241963518049,6.4811916132178515,1
2019-05-21,11709.099609375,11709.099609375,11883.5498046875,11682.7998046875,11863.650390625,381000,,,11856.150390625,11108.2998046875,,Bearish,,11487.878938035705,11413.356843946987,11041.626045031378,1,1,1,3,58.15961918519621,1,11883.5498046875,11108.2998046875,-1.4679973423739723,5.408566704636231,1
2019-05-22,11737.900390625,11737.900390625,11784.7998046875,11682.400390625,11727.9501953125,355900,,,11856.150390625,11108.2998046875,,Bearish,,11511.69050494897,11426.08404185593,11048.554147972609,1,1,1,3,59.018248450004236,1,11883.5498046875,11108.2998046875,-1.2256389416994584,5.667839336419611,1
2019-05-23,11657.0498046875,11657.0498046875,12041.150390625,11614.5,11901.2998046875,569000,12041.150390625,,11856.150390625,11108.2998046875,HH,Bullish,,11525.534247781212,11435.141522751286,11054.608831124002,1,1,1,3,55.5706317303553,1,12041.150390625,11108.2998046875,-3.189899415562092,4.9399999068123535,0
2019-05-24,11844.099609375,11844.099609375,11859.0,11658.099609375,11748.0,374600,,,12041.150390625,11108.2998046875,,Bullish,,11555.87380602824,11451.179094775745,11062.46446075834,1,1,1,3,61.21545255086514,1,12041.150390625,11108.2998046875,-1.6364780345524133,6.623874198795088,1
2019-05-27,11924.75,11924.75,11957.150390625,11812.400390625,11855.5,348400,,,12041.150390625,11108.2998046875,,Bullish,,11591.00487212079,11469.750502823756,11071.044416372684,1,1,1,3,63.376074643720315,1,12041.150390625,11108.2998046875,-0.966688288484685,7.349911414598065,1
2019-05-28,11928.75,11928.75,11958.5498046875,11864.900390625,11958.349609375,598300,,,12041.150390625,11108.2998046875,,Bullish,,11623.171074775953,11487.750483105177,11079.578800289375,1,1,1,3,63.484725425197524,1,12041.150390625,11108.2998046875,-0.9334688711513217,7.385920525536105,1
2019-05-29,11861.099609375,11861.099609375,11931.900390625,11836.7998046875,11905.7998046875,318100,,,12041.150390625,11108.2998046875,,Bullish,,11645.830935213959,11502.391625311839,11087.355126747938,1,1,1,3,60.23027392951642,1,12041.150390625,11108.2998046875,-1.495295510885608,6.776912920281752,1
2019-05-30,11945.900390625,11945.900390625,11968.5498046875,11859.400390625,11865.2998046875,421200,,,12041.150390625,11108.2998046875,,Bullish,,11674.40897858644,11519.784125912354,11095.897865691988,1,1,1,3,62.80431430572025,1,12041.150390625,11108.2998046875,-0.7910373752507915,7.540313105197671,1
2019-05-31,11922.7998046875,11922.7998046875,12039.25,11829.4501953125,11999.7998046875,438900,,,12041.150390625,11108.2998046875,,Bullish,,11698.065247738921,11535.58866233491,11104.125745681995,1,1,1,3,61.6340306198163,1,12041.150390625,11108.2998046875,-0.9828843764765671,7.33235521475839,1
2019-06-03,12088.5498046875,12088.5498046875,12103.0498046875,11920.099609375,11953.75,315300,12103.0498046875,,12041.150390625,11108.2998046875,HH,Bullish,Bullish_BOS,11735.254253162597,11557.273413015406,11113.921009950707,1,1,1,3,66.46287030788808,1,12103.0498046875,11108.2998046875,-0.1198045140191395,8.824482749253427,1
2019-06-04,12021.650390625,12021.650390625,12095.2001953125,12005.849609375,12052.650390625,289200,,,12103.0498046875,11108.2998046875,,Bullish,,11762.530075778064,11575.484274882449,11122.953143091747,1,1,1,3,63.015428336721975,1,12103.0498046875,11108.2998046875,-0.6725529133241648,8.222235643586817,1
2019-06-06,11843.75,11843.75,12039.7998046875,11830.25,12039.7998046875,415200,,,12103.0498046875,11108.2998046875,,Bullish,,11770.265306656343,11586.004499396862,11130.125251120686,1,1,1,3,54.86545598206521,0,12103.0498046875,11108.2998046875,-2.142433592127113,6.620726918102737,1
2019-06-07,11870.650390625,11870.650390625,11897.5,11769.5,11865.2001953125,302500,,11769.5,12103.0498046875,11108.2998046875,HL,Bullish,,11779.825790843835,11597.167083366592,11137.493660468988,1,1,1,3,55.79642033435082,1,12103.0498046875,11108.2998046875,-1.920172335178627,6.8628917056758,1
2019-06-10,11922.7001953125,11922.7001953125,11975.0498046875,11871.75,11934.900390625,303300,,,12103.0498046875,11769.5,,Bullish,,11793.432876983708,11609.933087756628,11145.30666081569,1,1,1,3,57.61800993719346,1,12103.0498046875,11108.2998046875,-1.490117055497453,7.331458503499677,1
2019-06-11,11965.599609375,11965.599609375,12000.349609375,11904.349609375,11959.849609375,332200,,,12103.0498046875,11769.5,,Bullish,,11809.829708640022,11623.88079448676,11153.468779706827,1,1,1,3,59.113521399053404,1,12103.0498046875,11108.2998046875,-1.135665782844797,7.717650943538046,1
2019-06-12,11906.2001953125,11906.2001953125,11962.4501953125,11866.349609375,11962.4501953125,283700,,,12103.0498046875,11769.5,,Bullish,,11819.007850227877,11634.95214353875,11160.958644538725,1,1,1,3,56.158637335780575,1,12103.0498046875,11136.9501953125,-1.626446330070952,6.90718721471677,1
2019-06-13,11914.0498046875,11914.0498046875,11931.349609375,11817.0498046875,11873.900390625,447900,,,12103.0498046875,11769.5,,Bullish,,11828.059464938318,11645.89714985831,11168.452088918315,1,1,1,3,56.46831484251738,1,12103.0498046875,11143.349609375,-1.56158987238737,6.916234546424915,1
2019-06-14,11823.2998046875,11823.2998046875,11911.849609375,11797.7001953125,11910.099609375,390300,,,12103.0498046875,11769.5,,Bullish,,11827.606163962051,11652.854116714358,11174.96798658766,-1,1,1,1,51.90367034870461,0,12103.0498046875,11259.849609375,-2.3114008825416255,5.004065017381487,1
2019-06-17,11672.150390625,11672.150390625,11844.0498046875,11657.75,11844.0,295500,,,12103.0498046875,11769.5,,Bullish,Bearish_BOS,11812.800852215665,11653.610833338304,11179.915075185047,-1,1,1,1,45.33099870218159,0,12103.0498046875,11591.7001953125,-3.560254820199227,0.6940327471981478,0
2019-06-18,11691.5,11691.5,11727.2001953125,11641.150390625,11677.0498046875,365500,,,12103.0498046875,11769.5,,Bullish,Bearish_BOS,11801.248390099889,11655.096683011312,11185.005472446888,-1,1,1,1,46.26903347297771,0,12103.0498046875,11614.5,-3.4003809893280557,0.6629643979508382,0
2019-06-19,11691.4501953125,11691.4501953125,11802.5,11625.099609375,11744.4501953125,446900,,11625.099609375,12103.0498046875,11769.5,LL,Bearish,Bearish_BOS,11790.791419167756,11656.522310944692,11190.044723420675,-1,1,1,1,46.2668329278989,0,12103.0498046875,11614.5,-3.4007924945957613,0.6625355832149404,0
2019-06-20,11831.75,11831.75,11843.5,11635.0498046875,11653.650390625,442000,,,12103.0498046875,11625.099609375,,Bearish,,11794.692236389874,11663.393985025294,11196.429850550818,1,1,1,3,53.04201301764135,0,12103.0498046875,11614.5,-2.241582155453292,1.8705066942184434,1
2019-06-21,11724.099609375,11724.099609375,11827.9501953125,11705.099609375,11827.599609375,468400,,,12103.0498046875,11625.099609375,,Bearish,,11787.969129055124,11665.77459774489,11201.680295912254,-1,1,1,1,48.03708039241829,0,12103.0498046875,11625.099609375,-3.1310306197842253,0.8516056062019661,0
2019-06-24,11699.650390625,11699.650390625,11754.0,11670.2001953125,11725.7998046875,277600,,,12103.0498046875,11625.099609375,,Bearish,,11779.557820633207,11667.103060210777,11206.635222227806,-1,1,1,1,46.95345334463559,0,12103.0498046875,11625.099609375,-3.3330393625767285,0.6412915480730863,0
2019-06-25,11796.4501953125,11796.4501953125,11814.400390625,11651.0,11681.0,300500,,,12103.0498046875,11625.099609375,,Bearish,,11781.16661822171,11672.175496881433,11212.504027930141,1,1,1,3,51.60793737400906,0,12103.0498046875,11625.099609375,-2.533242565491667,1.4739709051552197,1
2019-06-26,11847.5498046875,11847.5498046875,11871.849609375,11757.5498046875,11768.150390625,327900,,,12103.0498046875,11625.099609375,,Bearish,,11787.488826456547,11679.052920716966,11218.822891380465,1,1,1,3,53.90713304183604,0,12103.0498046875,11625.099609375,-2.111038160819967,1.9135336709984463,1
2019-06-27,11841.5498046875,11841.5498046875,11911.150390625,11821.0498046875,11860.849609375,480200,,,12103.0498046875,11625.099609375,,Bearish,,11792.637491049973,11685.42534753934,11225.019179075061,1,1,1,3,53.585200401315056,0,12103.0498046875,11625.099609375,-2.1606124424830564,1.861921210016515,1
2019-06-28,11788.849609375,11788.849609375,11871.7001953125,11775.5,11861.150390625,303900,,,12103.0498046875,11625.099609375,,Bearish,,11792.276740414261,11689.48120094466,11230.629432112872,-1,1,1,1,50.720070714409566,0,12103.0498046875,11625.099609375,-2.5960414968366985,1.4085900809653662,1
2019-07-01,11865.599609375,11865.599609375,11884.650390625,11830.7998046875,11839.900390625,278400,,,12103.0498046875,11625.099609375,,Bearish,,11799.259870791475,11696.38780519683,11236.947543329412,1,1,1,3,54.53290131319333,0,12103.0498046875,11625.099609375,-1.9619038105629816,2.068799477692651,1
2019-07-02,11910.2998046875,11910.2998046875,11917.4501953125,11814.7001953125,11890.2998046875,363200,,,12103.0498046875,11625.099609375,,Bearish,,11809.835102591096,11704.77651105921,11243.647565830488,1,1,1,3,56.63721426820297,1,12095.2001953125,11625.099609375,-1.5287088071238242,2.4533139921012026,1
2019-07-03,11916.75,11916.75,11945.2001953125,11887.0498046875,11932.150390625,340500,,,12103.0498046875,11625.099609375,,Bearish,,11820.017473772896,11713.089196900024,11250.345102488891,1,1,1,3,56.946860671095926,1,12039.7998046875,11625.099609375,-1.0220253383249167,2.508799067749923,1
2019-07-04,11946.75,11946.75,11969.25,11923.650390625,11928.7998046875,333600,,,12103.0498046875,11625.099609375,,Bearish,,11832.087238175476,11722.252365649043,11257.274504454175,1,1,1,3,58.433565362712216,1,12000.349609375,11625.099609375,-0.446650398694437,2.7668613726596014,1
2019-07-05,11811.150390625,11811.150390625,11981.75,11797.900390625,11964.75,530700,11981.75,,12103.0498046875,11625.099609375,LH,Bearish,,11830.093252694478,11725.738562706923,11262.785707301648,-1,1,1,1,50.02488484605305,0,12000.349609375,11625.099609375,-1.5766142229905689,1.6004231146540926,1
2019-07-08,11558.599609375,11558.599609375,11771.900390625,11523.2998046875,11770.400390625,464000,,,11981.75,11625.099609375,,Bearish,Bearish_BOS,11804.23671523548,11719.184093948808,11265.729129212825,-1,1,1,1,38.820229025912155,-1,12000.349609375,11523.2998046875,-3.681142753165234,0.30633416890828435,0
2019-07-09,11555.900390625,11555.900390625,11582.5498046875,11461.0,11531.599609375,442500,,11461.0,11981.75,11625.099609375,LL,Bearish,Bearish_BOS,11780.58563670115,11712.780811465524,11268.616405445782,-1,1,1,1,38.72040699861547,-1,11981.75,11461.0,-3.554152017651846,0.8280288860047058,0
2019-07-10,11498.900390625,11498.900390625,11593.7001953125,11475.650390625,11536.150390625,337600,,,11981.75,11461.0,,Bearish,,11753.758470408182,11704.393343981581,11270.90778838289,-1,1,1,1,36.581223795505565,-1,11981.75,11461.0,-4.029875513802239,0.33069008485298035,0
2019-07-11,11582.900390625,11582.900390625,11599.0,11519.5,11561.4501953125,317300,,,11981.75,11461.0,,Bearish,,11737.486272333592,11699.628914438186,11274.0121923853,-1,1,1,1,41.69349829882591,-1,11981.75,11461.0,-3.328809308949021,1.0636104233923804,0
2019-07-12,11552.5,11552.5,11639.5498046875,11538.599609375,11601.150390625,359400,,,11981.75,11461.0,,Bearish,,11719.868532111344,11693.85915308767,11276.78321534664,-1,1,1,1,40.42346698753354,-1,11981.75,11461.0,-3.5825317670624024,0.7983596544804072,0
2019-07-15,11588.349609375,11588.349609375,11618.400390625,11532.2998046875,11614.75,368800,,,11981.75,11461.0,,Bearish,,11707.342920422168,11689.721523922466,11279.8833784713,-1,1,1,1,42.64231548668447,-1,11981.75,11461.0,-3.2833299862290555,1.1111561763807787,0
2019-07-16,11662.599609375,11662.599609375,11670.0498046875,11573.9501953125,11596.650390625,480200,,,11981.75,11461.0,,Bearish,,11703.08165270339,11688.657919430409,11283.691500171835,-1,1,1,1,47.041618171397054,0,11981.75,11461.0,-2.663637537296304,1.759005404196845,1
2019-07-17,11687.5,11687.5,11706.650390625,11651.150390625,11670.75,464800,11706.650390625,,11981.75,11461.0,LH,Bearish,,11701.597685779258,11688.612510825296,11287.709495195002,-1,1,1,1,48.46904805233703,0,11981.75,11461.0,-2.4558182235483117,1.9762673414187137,1
2019-07-18,11596.900390625,11596.900390625,11677.150390625,11582.400390625,11675.599609375,498300,,,11706.650390625,11461.0,,Bearish,,11691.626514812186,11685.015957091951,11290.78602151769,-1,1,1,1,43.83899936012845,-1,11981.75,11461.0,-3.2119649414734885,1.1857638131489434,0
2019-07-19,11419.25,11419.25,11640.349609375,11399.2998046875,11627.9501953125,446000,,,11706.650390625,11461.0,,Bearish,Bearish_BOS,11665.685894353881,11674.593762696188,11292.064270059802,-1,-1,1,-1,36.48025862929355,-1,11981.75,11399.2998046875,-4.694639764642061,0.17501246264526316,0
2019-07-22,11346.2001953125,11346.2001953125,11398.150390625,11301.25,11392.849609375,516000,,,11706.650390625,11461.0,,Bearish,Bearish_BOS,11635.258684921368,11661.715583583104,11292.602935982715,-1,-1,1,-1,33.95619951780496,-1,11981.75,11301.25,-5.30431535199366,0.39774534067027467,0
2019-07-23,11331.0498046875,11331.0498046875,11398.150390625,11302.7998046875,11372.25,458900,,,11706.650390625,11461.0,,Bearish,Bearish_BOS,11606.286410613378,11648.748298136217,11292.985491890227,-1,-1,1,-1,33.439438149586195,-1,11981.75,11301.25,-5.430760909821187,0.2636859169339756,0
2019-07-24,11271.2998046875,11271.2998046875,11359.75,11229.7998046875,11322.4501953125,413200,,,11706.650390625,11461.0,,Bearish,Bearish_BOS,11574.382924334723,11633.946396432346,11292.769713908112,-1,-1,1,-1,31.40928950378614,-1,11981.75,11229.7998046875,-5.929435978154274,0.3695524472544731,0
2019-07-25,11252.150390625,11252.150390625,11361.400390625,11239.349609375,11290.400390625,553700,,,11706.650390625,11461.0,,Bearish,Bearish_BOS,11543.694111600464,11618.974004047745,11292.365541537136,-1,-1,1,-1,30.764640996882505,-1,11981.75,11229.7998046875,-6.089257490558553,0.19902924652468457,0
2019-07-26,11284.2998046875,11284.2998046875,11307.599609375,11210.0498046875,11247.4501953125,522700,,,11706.650390625,11461.0,,Bearish,Bearish_BOS,11518.989891894467,11605.84952564146,11292.28528544908,-1,-1,1,-1,33.24189822077429,-1,11981.75,11210.0498046875,-5.820937636926993,0.6623520973916941,0
2019-07-29,11189.2001953125,11189.2001953125,11310.9501953125,11152.400390625,11307.5,482900,,,11706.650390625,11461.0,,Bearish,Bearish_BOS,11487.581349362852,11589.510336216797,11291.259563159163,-1,-1,1,-1,29.840625670553422,-1,11981.75,11152.400390625,-6.614641472969307,0.329972054432659,0
2019-07-30,11085.400390625,11085.400390625,11267.4501953125,11072.650390625,11213.7001953125,479100,,,11706.650390625,11461.0,,Bearish,Bearish_BOS,11449.278400911628,11569.74131874261,11289.2112131837,-1,-1,1,-1,26.63698912834927,-1,11981.75,11072.650390625,-7.480957367454666,0.11514858277106299,-1
2019-07-31,11118.0,11118.0,11145.2998046875,10999.400390625,11034.0498046875,536700,,,11706.650390625,11461.0,,Bearish,Bearish_BOS,11417.728077015283,11552.025972909567,11287.507619022668,-1,-1,1,-1,29.207520913594678,-1,11981.75,10999.400390625,-7.208880171928145,1.078237041685326,-1
2019-08-01,10980.0,10980.0,11076.75,10881.0,11060.2001953125,499900,,,11706.650390625,11461.0,,Bearish,Bearish_BOS,11376.039688728113,11529.593581815074,11284.44784171896,-1,-1,1,-1,25.18467373937071,-1,11981.75,10881.0,-8.36063179418699,0.9098428453267138,-1
2019-08-02,10997.349609375,10997.349609375,11080.150390625,10848.9501953125,10930.2998046875,547400,,,11706.650390625,11461.0,,Bearish,Bearish_BOS,11339.97396688496,11508.721269170366,11281.591142889667,-1,-1,1,-1,26.554295158049143,-1,11771.900390625,10848.9501953125,-6.579657961316454,1.3678688849232623,0
2019-08-05,10862.599609375,10862.599609375,10895.7998046875,10782.599609375,10895.7998046875,506600,,10782.599609375,11706.650390625,11461.0,LL,Bearish,Bearish_BOS,11294.509742360202,11483.383164864666,11277.422072904446,-1,-1,1,-1,23.028202215986227,-1,11706.650390625,10782.599609375,-7.210011003027295,0.7419361090849064,-1
2019-08-06,10948.25,10948.25,11018.5498046875,10813.7998046875,10815.400390625,517900,,,11706.650390625,10782.599609375,,Bearish,,11261.532624040181,11462.397550556248,11274.146728895448,-1,-1,1,-1,29.441664725015073,-1,11706.650390625,10782.599609375,-6.478372252684228,1.5362750786088286,0
2019-08-07,10855.5,10855.5,10975.650390625,10835.900390625,10958.099609375,548500,,,11706.650390625,10782.599609375,,Bearish,,11222.862850322068,11438.597646612865,11269.981089801962,-1,-1,1,-1,26.834197842324514,-1,11706.650390625,10782.599609375,-7.270656953304289,0.6760929021385254,-1
2019-08-08,11032.4501953125,11032.4501953125,11058.0498046875,10842.9501953125,10899.2001953125,482500,,,11706.650390625,10782.599609375,,Bearish,,11204.728311749728,11422.670295581478,11267.617598314506,-1,-1,1,-1,38.0979542938202,-1,11706.650390625,10782.599609375,-5.759121292734748,2.317164644788128,0
2019-08-09,11109.650390625,11109.650390625,11181.4501953125,11062.7998046875,11087.900390625,538100,11181.4501953125,,11706.650390625,10782.599609375,LH,Bearish,,11195.673271642612,11410.395005191029,11266.04578530267,-1,-1,1,-1,42.27340257632834,-1,11706.650390625,10782.599609375,-5.099665404530174,3.03313480142251,0
2019-08-13,10925.849609375,10925.849609375,11145.900390625,10901.599609375,11139.400390625,624600,,,11181.4501953125,10782.599609375,,Bearish,,11169.975779998078,11391.393224962949,11262.660748726275,-1,-1,1,-1,36.04035055961545,-1,11706.650390625,10782.599609375,-6.6697198190464935,1.3285293453301428,0
2019-08-14,11029.400390625,11029.400390625,11078.150390625,10935.599609375,11003.25,511500,,,11181.4501953125,10782.599609375,,Bearish,,11156.587647676832,11377.197427537933,11260.339750138204,-1,-1,1,-1,41.29228652037264,-1,11706.650390625,10782.599609375,-5.785173191320037,2.2888801419967075,0
2019-08-16,11047.7998046875,11047.7998046875,11068.650390625,10924.2998046875,11043.650390625,470900,,,11181.4501953125,10782.599609375,,Bearish,,11146.226900725467,11364.27987370066,11258.224924810336,-1,-1,1,-1,42.200468667974526,-1,11677.150390625,10782.599609375,-5.389590481276785,2.4595200129838846,0
2019-08-19,11053.900390625,11053.900390625,11146.900390625,11037.849609375,11094.7998046875,369500,,,11181.4501953125,10782.599609375,,Bearish,,11137.433899763517,11352.10812926632,11256.191844868194,-1,-1,1,-1,42.517982054630686,-1,11640.349609375,10782.599609375,-5.038072209426437,2.516098075403961,0
2019-08-20,11017.0,11017.0,11076.2998046875,10985.2998046875,11063.900390625,444700,,,11181.4501953125,10782.599609375,,Bearish,,11125.964004547945,11338.966634000975,11253.811826511297,-1,-1,1,-1,41.04910478191912,-1,11398.150390625,10782.599609375,-3.343967025900074,2.173876422353649,0
2019-08-21,10918.7001953125,10918.7001953125,11034.2001953125,10906.650390625,11018.150390625,557900,,,11181.4501953125,10782.599609375,,Bearish,,11106.224594144569,11322.485597189663,11250.477382419767,-1,-1,1,-1,37.34757188483905,-1,11398.150390625,10782.599609375,-4.2063859387822085,1.2622242396830297,0
2019-08-22,10741.349609375,10741.349609375,10908.25,10718.2998046875,10905.2998046875,668200,,,11181.4501953125,10782.599609375,,Bearish,Bearish_BOS,11071.474595595088,11299.695950608697,11245.411434429272,-1,-1,1,-1,31.779665758672976,-1,11361.400390625,10718.2998046875,-5.457520727476894,0.21505094191729413,0
2019-08-23,10829.349609375,10829.349609375,10862.5498046875,10637.150390625,10699.599609375,667100,,10637.150390625,11181.4501953125,10782.599609375,LL,Bearish,,11048.415073097936,11281.250996050514,11241.271515772016,-1,-1,1,-1,36.813388885178284,-1,11361.400390625,10637.150390625,-4.682968322188774,1.8068675509128163,0
2019-08-26,11057.849609375,11057.849609375,11070.2998046875,10756.5498046875,11000.2998046875,684100,,,11181.4501953125,10637.150390625,,Bearish,,11049.313600362419,11272.490157357357,11239.446422176026,1,-1,1,1,47.620818266391225,0,11310.9501953125,10637.150390625,-2.2376598037041173,3.954999255447045,1
2019-08-27,11105.349609375,11105.349609375,11141.75,11049.5,11106.5498046875,685600,11141.75,,11181.4501953125,10637.150390625,LH,Bearish,,11054.650363125522,11265.935626063932,11238.112125531241,1,-1,1,1,49.55247218729279,0,11310.9501953125,10637.150390625,-1.817712768487878,4.401547421597463,1
2019-08-28,11046.099609375,11046.099609375,11129.650390625,10987.650390625,11101.2998046875,550000,,,11141.75,10637.150390625,,Bearish,,11053.836005625473,11257.314605801623,11236.201553231178,-1,-1,1,-1,47.21354527150054,0,11267.4501953125,10637.150390625,-1.9645135509858913,3.8445373406624572,1
2019-08-29,10948.2998046875,10948.2998046875,11021.099609375,10922.400390625,10996.0498046875,649900,,,11141.75,10637.150390625,,Bearish,,11043.784938869476,11245.196378306951,11233.336859215819,-1,-1,1,-1,43.55876556376209,-1,11181.4501953125,10637.150390625,-2.0851534152765083,2.925120005229309,1
2019-08-30,11023.25,11023.25,11042.599609375,10874.7998046875,10987.7998046875,628200,,,11141.75,10637.150390625,,Bearish,,11041.829230405718,11236.492598765502,11231.246442706208,-1,-1,1,-1,46.94810421825998,0,11181.4501953125,10637.150390625,-1.4148450563131854,3.629727842480124,1
2019-09-03,10797.900390625,10797.900390625,10967.5,10772.7001953125,10960.9501953125,483000,,,11141.75,10637.150390625,,Bearish,,11018.597912331363,11219.29290432862,11226.934541690474,-1,-1,-1,-3,39.30551266227583,-1,11181.4501953125,10637.150390625,-3.430233091305923,1.5112130043933192,0
2019-09-04,10844.650390625,10844.650390625,10858.75,10746.349609375,10790.400390625,508800,,10746.349609375,11141.75,10637.150390625,HL,Bullish,,11002.031481692662,11204.601041046126,11223.130719291814,-1,-1,-1,-3,41.43545029793642,-1,11181.4501953125,10637.150390625,-3.0121299009022384,1.9507104100255912,0
2019-09-05,10847.900390625,10847.900390625,10920.099609375,10816.0,10860.9501953125,595700,,,11141.75,10746.349609375,,Bullish,,10987.352330162408,11190.612780245297,11219.397084180702,-1,-1,-1,-3,41.58891177241694,-1,11181.4501953125,10637.150390625,-2.983063903708405,1.981263705604297,1
2019-09-06,10946.2001953125,10946.2001953125,10957.0498046875,10867.4501953125,10883.7998046875,497200,,,11141.75,10746.349609375,,Bullish,,10983.43307922432,11181.027972993032,11216.67870717704,-1,-1,-1,-3,46.18240247891669,0,11181.4501953125,10637.150390625,-2.103931027646322,2.905381548049557,1
2019-09-09,11003.0498046875,11003.0498046875,11028.849609375,10889.7998046875,10936.7001953125,412500,,,11141.75,10746.349609375,,Bullish,,10985.301338792242,11174.048436981051,11214.55304645575,1,-1,-1,-1,48.69524171046527,0,11181.4501953125,10637.150390625,-1.5955031548572252,3.439825523055351,1
2019-09-11,11035.7001953125,11035.7001953125,11054.7998046875,11011.650390625,11028.5,687100,,,11141.75,10746.349609375,,Bullish,,10990.10122988941,11168.623015739147,11212.773416096117,1,-1,-1,-1,50.135297152333,0,11181.4501953125,10637.150390625,-1.3034981818467628,3.7467723032172273,1
2019-09-12,10982.7998046875,10982.7998046875,11081.75,10964.9501953125,11058.2998046875,551400,,,11141.75,10746.349609375,,Bullish,,10989.405856060655,11161.335830992024,11210.485121455235,-1,-1,-1,-3,47.79454680986598,0,11146.900390625,10637.150390625,-1.4721633834237524,3.249454989064904,1
2019-09-13,11075.900390625,11075.900390625,11084.4501953125,10945.75,10986.7998046875,624300,,,11141.75,10746.349609375,,Bullish,,10997.643430781069,11157.985421565867,11209.145969904686,1,-1,-1,-1,52.03860677330574,0,11146.900390625,10637.150390625,-0.6369483669174447,4.1246949031264135,1
2019-09-16,11003.5,11003.5,11052.7001953125,10968.2001953125,10994.849609375,434500,,,11141.75,10746.349609375,,Bullish,,10998.20119927811,11151.927169739754,11207.099741348422,1,-1,-1,-1,48.72149986363439,0,11146.900390625,10637.150390625,-1.2864597834354563,3.4440578155017887,1
2019-09-17,10817.599609375,10817.599609375,11000.099609375,10796.5,11000.099609375,482000,,,11141.75,10746.349609375,,Bullish,,10981.001047858766,11138.81628501957,11203.224118144706,-1,-1,-1,-3,41.420630322445945,-1,11146.900390625,10637.150390625,-2.954191476645429,1.696405636128251,1
2019-09-18,10840.650390625,10840.650390625,10885.150390625,10804.849609375,10872.7998046875,519200,,,11141.75,10746.349609375,,Bullish,,10967.634318598408,11127.123504847234,11199.616419363416,-1,-1,-1,-3,42.56980036279968,-1,11141.75,10637.150390625,-2.7024444936836645,1.9131063539287174,1
2019-09-19,10704.7998046875,10704.7998046875,10845.2001953125,10670.25,10845.2001953125,642600,,10670.25,11141.75,10746.349609375,LL,Bearish,Bearish_BOS,10942.602460130702,11110.56179111548,11194.692870958681,-1,-1,-1,-3,37.85635047195813,-1,11141.75,10637.150390625,-3.9217375664729492,0.6359730903318095,0
2019-09-20,11274.2001953125,11274.2001953125,11381.900390625,10691.0,10746.7998046875,1356800,,,11141.75,10670.25,,Bearish,Bullish_BOS,10974.183196814683,11116.978983436931,11195.483988613943,1,-1,-1,-1,58.56480205771536,1,11381.900390625,10637.150390625,-0.9462408878679884,5.988914147993629,1
2019-09-23,11600.2001953125,11600.2001953125,11694.849609375,11471.349609375,11542.7001953125,882800,11694.849609375,,11141.75,10670.25,HH,Bullish,Bullish_BOS,11033.803863338286,11135.928834883032,11199.511015546266,1,-1,-1,-1,65.6271746555148,1,11694.849609375,10637.150390625,-0.8093256196011755,9.053644719889252,1
2019-09-24,11588.2001953125,11588.2001953125,11655.0498046875,11539.2001953125,11590.7001953125,651700,,,11694.849609375,10670.25,,Bullish,,11086.603514002498,11153.664966664579,11203.378569573792,1,-1,-1,-1,65.18673262998712,1,11694.849609375,10670.25,-0.9119348912106195,8.602893046671811,1
2019-09-25,11440.2001953125,11440.2001953125,11564.9501953125,11416.099609375,11564.849609375,629100,,,11694.849609375,10670.25,,Bullish,,11120.279388412975,11164.901642297831,11205.735003660744,1,-1,-1,-1,59.851591644973084,1,11694.849609375,10670.25,-2.1774492410604807,7.2158590034207215,1
2019-09-26,11571.2001953125,11571.2001953125,11610.849609375,11466.349609375,11469.849609375,844500,,,11694.849609375,10670.25,,Bullish,,11163.224227165312,11180.834918886641,11209.37147322942,1,-1,-1,-1,62.75711435483147,1,11694.849609375,10670.25,-1.0572980259906717,8.443571568730812,1
2019-09-27,11512.400390625,11512.400390625,11593.599609375,11499.75,11556.349609375,650000,,,11694.849609375,10670.25,,Bullish,,11196.47909987576,11193.837486405793,11212.386686337833,1,1,-1,1,60.63594491045336,1,11694.849609375,10670.25,-1.5600817868041905,7.892508522527586,1
2019-09-30,11474.4501953125,11474.4501953125,11508.25,11390.7998046875,11491.150390625,756800,,,11694.849609375,10670.25,,Bullish,,11222.952537536401,11204.841906362919,11214.99428344206,1,1,-1,1,59.244132964812266,1,11694.849609375,10670.25,-1.8845852783418438,7.536844922213626,1
2019-10-01,11359.900390625,11359.900390625,11554.2001953125,11247.900390625,11515.400390625,1305400,,,11694.849609375,10670.25,,Bullish,,11235.995190211504,11210.922631235942,11216.436135254826,1,1,-1,1,55.13066021727675,1,11694.849609375,10670.25,-2.8640746135075834,6.46330114688034,1
2019-10-03,11314.0,11314.0,11370.400390625,11257.349609375,11322.25,1017500,,,11694.849609375,10670.25,,Bullish,,11243.42421971517,11214.964880991396,11217.406919978659,1,1,-1,1,53.52689051997387,0,11694.849609375,10670.25,-3.2565584175592743,6.0331294955600745,0
2019-10-04,11174.75,11174.75,11400.2998046875,11158.349609375,11388.4501953125,928500,,,11694.849609375,10670.25,,Bullish,,11236.883817837535,11213.38782683487,11216.982473013699,-1,1,-1,-1,48.88116190743354,0,11694.849609375,10670.25,-4.447253506860571,4.7280991541903905,0
2019-10-07,11126.400390625,11126.400390625,11233.849609375,11112.650390625,11196.2001953125,733200,,,11694.849609375,10670.25,,Bullish,,11226.361586674437,11209.976554826642,11216.081158761075,-1,1,-1,-1,47.34465256861635,0,11694.849609375,10670.25,-4.860680023574748,4.274973788102443,0
2019-10-09,11313.2998046875,11313.2998046875,11321.599609375,11090.150390625,11152.9501953125,741100,,11090.150390625,11694.849609375,10670.25,HL,Bullish,,11234.641416961394,11214.028446978049,11217.048508471786,1,1,-1,1,53.4376156742307,0,11694.849609375,10670.25,-3.2625456284759435,6.026567368969804,0
2019-10-10,11234.5498046875,11234.5498046875,11293.349609375,11208.5498046875,11280.5,562000,,,11694.849609375,11090.150390625,,Bullish,,11234.632691982928,11214.833206103911,11217.22265072269,-1,1,-1,-1,50.771766085679786,0,11694.849609375,10670.25,-3.935918973412944,5.288534052037197,0
2019-10-11,11305.0498046875,11305.0498046875,11362.900390625,11189.400390625,11257.7001953125,737800,,,11694.849609375,11090.150390625,,Bullish,,11241.339083669078,11218.371111930719,11218.096552752191,1,1,1,3,53.030811018418596,0,11694.849609375,10670.25,-3.3330895027074425,5.9492495929101885,0
2019-10-14,11341.150390625,11341.150390625,11420.4501953125,11290.0498046875,11335.900390625,587600,,,11694.849609375,11090.150390625,,Bullish,,11250.844922426784,11223.185985605005,11219.320969049433,1,1,1,3,54.190068931782264,0,11694.849609375,10670.25,-3.0244016003973417,6.2875789285630646,0
2019-10-15,11428.2998046875,11428.2998046875,11462.349609375,11342.099609375,11360.849609375,527400,,,11694.849609375,11090.150390625,,Bullish,,11267.745387403997,11231.22966478471,11221.400360448819,1,1,1,3,56.95225134178429,1,11694.849609375,10670.25,-2.2792067755520673,7.104330307982476,1
2019-10-16,11464.0,11464.0,11481.0498046875,11411.099609375,11464.9501953125,533500,,,11694.849609375,11090.150390625,,Bullish,,11286.436302889331,11240.357913224527,11223.814287210524,1,1,1,3,58.067656517917285,1,11694.849609375,10670.25,-1.9739425224411855,7.438907242098347,1
2019-10-17,11586.349609375,11586.349609375,11599.099609375,11439.650390625,11466.2998046875,797600,,,11694.849609375,11090.150390625,,Bullish,,11314.999474935586,11253.92621503435,11227.421603848976,1,1,1,3,61.727678523197866,1,11694.849609375,10670.25,-0.9277588308020834,8.585549629811862,1
2019-10-18,11661.849609375,11661.849609375,11684.7001953125,11553.150390625,11580.2998046875,853400,,,11694.849609375,11090.150390625,,Bullish,,11348.032821072673,11269.923210890845,11231.744270570627,1,1,1,3,63.82594574090742,1,11694.849609375,10670.25,-0.28217549692598487,9.2931244289028,1
2019-10-22,11588.349609375,11588.349609375,11714.349609375,11573.650390625,11657.150390625,867600,,,11694.849609375,11090.150390625,,Bullish,,11370.920134244323,11282.410520635322,11235.292582399527,1,1,1,3,60.356764334909265,1,11714.349609375,10691.0,-1.0756038892604125,8.393504904826488,1
2019-10-23,11604.099609375,11604.099609375,11651.599609375,11554.400390625,11596.2001953125,664200,,,11694.849609375,11090.150390625,,Bullish,,11393.127703304388,11295.02577901727,11238.962304060975,1,1,1,3,60.84785671452046,1,11714.349609375,11090.150390625,-0.9411534031028679,4.634285385205095,1
2019-10-24,11582.599609375,11582.599609375,11679.599609375,11534.650390625,11661.650390625,700500,,,11694.849609375,11090.150390625,,Bullish,,11411.172646739686,11306.30318412934,11242.381580730767,1,1,1,3,59.75956797581778,1,11714.349609375,11090.150390625,-1.124688987381428,4.44041966433828,1
2019-10-25,11583.900390625,11583.900390625,11646.900390625,11490.75,11646.150390625,812000,,,11694.849609375,11090.150390625,,Bullish,,11427.622908062096,11317.189349089953,11245.779777844142,1,1,1,3,59.80640682046456,1,11714.349609375,11090.150390625,-1.1135848177657337,4.4521488222322825,1
2019-10-29,11786.849609375,11786.849609375,11809.400390625,11627.349609375,11643.9501953125,951700,,,11694.849609375,11090.150390625,,Bullish,Bullish_BOS,11461.8349748538,11335.607398512897,11251.16355726236,1,1,1,3,66.38134498676334,1,11809.400390625,11090.150390625,-0.19095619171234368,6.282144012573099,1
2019-10-30,11844.099609375,11844.099609375,11883.9501953125,11784.4501953125,11883.900390625,725200,,,11694.849609375,11090.150390625,,Bullish,Bullish_BOS,11498.241130522487,11355.548269527097,11257.063418477412,1,1,1,3,67.9729125398591,1,11883.9501953125,11090.150390625,-0.33533114227639604,6.798367850695208,1
2019-10-31,11877.4501953125,11877.4501953125,11945.0,11855.099609375,11890.4501953125,1414800,,,11694.849609375,11090.150390625,,Bullish,Bullish_BOS,11534.356279550108,11376.015011714759,11263.23642123199,1,1,1,3,68.89668308080442,1,11945.0,11090.150390625,-0.5655069458978645,7.099090426700072,1
2019-11-01,11890.599609375,11890.599609375,11918.2998046875,11843.349609375,11886.599609375,855300,,,11694.849609375,11090.150390625,,Bullish,Bullish_BOS,11568.284215723907,11396.194799858298,11269.478841014508,1,1,1,3,69.27300059452907,1,11945.0,11090.150390625,-0.455423948304734,7.217658828383922,1
2019-11-04,11941.2998046875,11941.2998046875,11989.150390625,11905.349609375,11928.900390625,823100,,,11694.849609375,11090.150390625,,Bullish,Bullish_BOS,11603.809509910916,11417.571466714346,11276.163626722699,1,1,1,3,70.74283329798443,1,11989.150390625,11090.150390625,-0.39911573696596037,7.6748230103535375,1
2019-11-05,11917.2001953125,11917.2001953125,11978.9501953125,11861.900390625,11974.599609375,632000,,,11694.849609375,11090.150390625,,Bullish,Bullish_BOS,11633.656241853923,11437.164750188784,11282.542100042001,1,1,1,3,69.05196854022404,1,11989.150390625,11090.150390625,-0.600127556734642,7.457516585046875,1
2019-11-06,11966.0498046875,11966.0498046875,12002.900390625,11850.25,11911.5,603400,,,11694.849609375,11090.150390625,,Bullish,Bullish_BOS,11665.312771647597,11457.905340561283,11289.343171730015,1,1,1,3,70.58661118420204,1,12002.900390625,11090.150390625,-0.3070140110992048,7.897994014607201,1
2019-11-07,12012.0498046875,12012.0498046875,12021.400390625,11946.849609375,12021.099609375,563000,,,11694.849609375,11090.150390625,,Bullish,Bullish_BOS,11698.335346222826,11479.636496017214,11296.534282505712,1,1,1,3,71.994903240837,1,12021.400390625,11090.150390625,-0.07778283422613663,8.312776487159468,1
2019-11-08,11908.150390625,11908.150390625,12034.150390625,11888.75,11987.150390625,789300,12034.150390625,,11694.849609375,11090.150390625,HH,Bullish,Bullish_BOS,11718.317731403986,11496.440962472423,11302.62001492481,1,1,1,3,64.48481446997741,1,12034.150390625,11189.400390625,-1.0470203205882989,6.423489864588294,1
2019-11-11,11913.4501953125,11913.4501953125,11932.650390625,11853.9501953125,11879.2001953125,549000,,,12034.150390625,11090.150390625,,Bullish,,11736.90177558575,11512.794265721053,11308.697927167475,1,1,1,3,64.68716639304725,1,12034.150390625,11189.400390625,-1.0029806126282903,6.470854374771884,1
2019-11-13,11840.4501953125,11840.4501953125,11946.7998046875,11823.2001953125,11908.2998046875,659000,,,12034.150390625,11090.150390625,,Bullish,,11746.76352984544,11525.643517861896,11313.988994512201,1,1,1,3,59.64609398623722,1,12034.150390625,11290.0498046875,-1.609587623762776,4.875092671393522,1
2019-11-14,11872.099609375,11872.099609375,11895.650390625,11802.650390625,11858.75,559500,,11802.650390625,12034.150390625,11090.150390625,HL,Bullish,,11758.700299324446,11539.230031254567,11319.542333963573,1,1,1,3,61.062854409531575,1,12034.150390625,11342.099609375,-1.3465909598092018,4.672856157619343,1
2019-11-15,11895.4501953125,11895.4501953125,11973.650390625,11879.25,11904.2001953125,580200,,,12034.150390625,11802.650390625,,Bullish,,11771.724098942357,11553.199449452917,11325.272760444655,1,1,1,3,62.1195331102714,1,12034.150390625,11411.099609375,-1.1525549441409044,4.2445566379910815,1
2019-11-18,11884.5,11884.5,11946.2001953125,11867.599609375,11915.150390625,514400,,,12034.150390625,11802.650390625,,Bullish,,11782.464660947848,11566.191627905746,11330.837210589485,1,1,1,3,61.27967854552652,1,12034.150390625,11439.650390625,-1.2435476187964478,3.8886643750893235,1
2019-11-19,11940.099609375,11940.099609375,11958.849609375,11881.75,11919.4501953125,613900,,,12034.150390625,11802.650390625,,Bullish,,11797.477513179005,11580.85468600258,11336.899523015212,1,1,1,3,63.945150683328556,1,12034.150390625,11490.75,-0.7815323740948843,3.910533336596833,1
2019-11-20,11999.099609375,11999.099609375,12038.599609375,11966.0498046875,12004.75,646700,,,12034.150390625,11802.650390625,,Bullish,,11816.679617578624,11597.25644770346,11343.488578600884,1,1,1,3,66.5746671137477,1,12038.599609375,11490.75,-0.32811125281747566,4.42398981245784,1
2019-11-21,11968.400390625,11968.400390625,12028.2001953125,11956.900390625,12025.650390625,557700,,,12034.150390625,11802.650390625,,Bullish,,11831.129215011611,11611.811112131754,11349.706606581225,1,1,1,3,63.96078507259318,1,12038.599609375,11490.75,-0.5831178129334313,4.156825190914426,1
2019-11-22,11914.400390625,11914.400390625,11968.099609375,11883.5,11967.2998046875,486800,,,12034.150390625,11802.650390625,,Bullish,,11839.059803165268,11623.677358347175,11355.325450203552,1,1,1,3,59.53300628723545,1,12038.599609375,11490.75,-1.0316749686839044,3.6868819757196025,1
2019-11-25,12073.75,12073.75,12084.5,11919.75,11922.4501953125,534300,,,12034.150390625,11802.650390625,,Bullish,Bullish_BOS,11861.41125048286,11641.327265862972,11362.473953186602,1,1,1,3,66.83021423726689,1,12084.5,11490.75,-0.08895692829657964,5.073646193677517,1
2019-11-26,12037.7001953125,12037.7001953125,12132.4501953125,12006.349609375,12110.2001953125,1201300,,,12034.150390625,11802.650390625,,Bullish,Bullish_BOS,11878.200673799969,11656.871302311974,11369.192622262482,1,1,1,3,64.01771417894795,1,12132.4501953125,11627.349609375,-0.7809634366898743,3.5291842055444667,1
2019-11-27,12100.7001953125,12100.7001953125,12114.900390625,12055.150390625,12068.5,584200,,,12034.150390625,11802.650390625,,Bullish,Bullish_BOS,11899.39110442021,11674.276356939446,11376.47130458139,1,1,1,3,66.65846595947693,1,12132.4501953125,11784.4501953125,-0.2616948719251,2.6836211682221167,1
2019-11-28,12151.150390625,12151.150390625,12158.7998046875,12099.9501953125,12132.099609375,620500,12158.7998046875,,12034.150390625,11802.650390625,HH,Bullish,Bullish_BOS,11923.368179296856,11692.97729943692,11384.179554193764,1,1,1,3,68.64309356613843,1,12158.7998046875,11802.650390625,-0.06291257513386661,2.9527266204277147,1
2019-11-29,12056.0498046875,12056.0498046875,12147.400390625,12017.400390625,12146.2001953125,804400,,,12158.7998046875,11802.650390625,,Bullish,,11936.004524572156,11707.215436897726,11390.864830318082,1,1,1,3,61.242730605655076,1,12158.7998046875,11802.650390625,-0.8450669609708306,2.1469704318597627,1
2019-12-02,12048.2001953125,12048.2001953125,12137.150390625,12023.7001953125,12137.0498046875,720900,,,12158.7998046875,11802.650390625,,Bullish,,11946.689826547426,11720.58738820811,11397.405480716036,1,1,1,3,60.661406695724274,1,12158.7998046875,11802.650390625,-0.9096260416456725,2.080463256647369,1
2019-12-03,11994.2001953125,11994.2001953125,12068.599609375,11956.400390625,12067.650390625,605800,,,12158.7998046875,11802.650390625,,Bullish,,11951.214623572672,11731.317302212205,11403.343736582668,1,1,1,3,56.67582351915162,1,12158.7998046875,11802.650390625,-1.353748824053691,1.622938902262594,1
2019-12-04,12043.2001953125,12043.2001953125,12054.7001953125,11935.2998046875,11969.9501953125,747200,,,12158.7998046875,11802.650390625,,Bullish,,11959.97515421456,11743.548003902411,11409.710467515304,1,1,1,3,59.28961881692804,1,12158.7998046875,11802.650390625,-0.950748521498257,2.038099890500633,1
2019-12-05,12018.400390625,12018.400390625,12081.2001953125,11998.75,12071.25,562200,,,12158.7998046875,11802.650390625,,Bullish,,11965.539462444127,11754.326528871925,11415.76708366565,1,1,1,3,57.40203851870752,1,12158.7998046875,11802.650390625,-1.1547144152202704,1.8279792492317926,1
2019-12-06,11921.5,11921.5,12057.0498046875,11888.849609375,12047.349609375,609200,,,12158.7998046875,11802.650390625,,Bullish,,11961.345227925638,11760.882351269103,11420.799251987386,-1,1,1,1,50.620680033038305,0,12158.7998046875,11802.650390625,-1.9516712874573017,1.0069739036700165,1
2019-12-09,11937.5,11937.5,11981.9501953125,11888.0498046875,11939.099609375,599100,,,12158.7998046875,11802.650390625,,Bullish,,11959.074253837482,11767.808533572277,11425.940552962637,-1,1,1,1,51.636659236905196,0,12158.7998046875,11802.650390625,-1.8200793519289937,1.1425366753395672,1
2019-12-10,11856.7998046875,11856.7998046875,11953.2001953125,11844.7001953125,11950.5,650200,,,12158.7998046875,11802.650390625,,Bullish,,11949.333830108912,11771.298387341501,11430.227709696219,-1,1,1,1,46.445948403638894,0,12158.7998046875,11802.650390625,-2.483797783096753,0.45879029091220325,1
2019-12-11,11910.150390625,11910.150390625,11923.2001953125,11832.2998046875,11867.349609375,997700,,11832.2998046875,12158.7998046875,11802.650390625,HL,Bullish,,11945.602073967588,11776.743563940856,11435.003059755212,-1,1,1,1,50.022715373325006,0,12158.7998046875,11802.650390625,-2.0450161040289516,0.91081237215489,1
2019-12-12,11971.7998046875,11971.7998046875,12005.5,11934.0,11944.2998046875,752600,,,12158.7998046875,11832.2998046875,,Bullish,,11948.097095940913,11784.39282828386,11440.34432089882,1,1,1,3,53.8577682220434,0,12158.7998046875,11832.2998046875,-1.5379807464870554,1.1789762117482505,1
2019-12-13,12086.7001953125,12086.7001953125,12098.849609375,12023.599609375,12026.400390625,597700,,,12158.7998046875,11832.2998046875,,Bullish,,11961.297391119158,11796.24801914773,11446.77572263428,1,1,1,3,60.016075449863905,1,12158.7998046875,11832.2998046875,-0.5929829467806846,2.150050242339341,1
2019-12-16,12053.9501953125,12053.9501953125,12134.650390625,12046.2998046875,12131.349609375,437700,,,12158.7998046875,11832.2998046875,,Bullish,,11970.121467709,11806.353986840466,11452.817259675854,1,1,1,3,57.65414150772068,1,12158.7998046875,11832.2998046875,-0.8623351898151776,1.87326550445579,1
2019-12-17,12165.0,12165.0,12182.75,12070.349609375,12082.4501953125,499600,,,12158.7998046875,11832.2998046875,,Bullish,Bullish_BOS,11988.681327927188,11820.418536376135,11459.903655101965,1,1,1,3,62.97505024802597,1,12182.75,11832.2998046875,-0.1456978104286799,2.8117965298740666,1
2019-12-18,12221.650390625,12221.650390625,12237.7001953125,12163.4501953125,12197.0,518900,,,12158.7998046875,11832.2998046875,,Bullish,Bullish_BOS,12010.868857707932,11836.153118895698,11467.483224609658,1,1,1,3,65.36588086152362,1,12237.7001953125,11832.2998046875,-0.13115049749010677,3.2905740419394647,1
2019-12-19,12259.7001953125,12259.7001953125,12268.349609375,12191.150390625,12223.400390625,623100,,,12158.7998046875,11832.2998046875,,Bullish,Bullish_BOS,12034.567080336938,11852.762808166945,11475.365980537048,1,1,1,3,66.9113746425405,1,12268.349609375,11832.2998046875,-0.0705018550815506,3.612149773754725,1
2019-12-20,12271.7998046875,12271.7998046875,12293.900390625,12252.75,12266.4501953125,810700,12293.900390625,,12158.7998046875,11832.2998046875,HH,Bullish,Bullish_BOS,12057.160673132228,11869.195631559907,11483.29069520521,1,1,1,3,67.40940860299212,1,12293.900390625,11832.2998046875,-0.17976870834542913,3.7144089251853307,1
2019-12-23,12262.75,12262.75,12287.150390625,12213.25,12235.4501953125,604800,,,12293.900390625,11832.2998046875,,Bullish,,12076.740609024397,11884.629136204616,11491.046509183268,1,1,1,3,66.60195100742854,1,12293.900390625,11832.2998046875,-0.2533808607132926,3.637925022335664,1
2019-12-24,12214.5498046875,12214.5498046875,12283.7001953125,12202.099609375,12269.25,470300,,,12293.900390625,11832.2998046875,,Bullish,,12089.865294325646,11897.567201635318,11498.24554694948,1,1,1,3,62.32019158583178,1,12293.900390625,11832.2998046875,-0.6454467940704256,3.230563849037771,1
2019-12-26,12126.5498046875,12126.5498046875,12221.5498046875,12118.849609375,12211.849609375,520300,,12118.849609375,12293.900390625,11832.2998046875,HL,Bullish,,12093.35905721725,11906.546911558933,11504.497330608565,1,1,1,3,55.32677750421193,1,12293.900390625,11832.2998046875,-1.361248917106217,2.4868369197628803,1
2019-12-27,12245.7998046875,12245.7998046875,12258.4501953125,12157.900390625,12172.900390625,383800,,,12293.900390625,12118.849609375,,Bullish,,12107.87722364299,11919.850946583583,11511.873474629252,1,1,1,3,61.61319013933052,1,12293.900390625,11832.2998046875,-0.3912556992423655,3.4946714233541343,1
2019-12-30,12255.849609375,12255.849609375,12286.4501953125,12213.7998046875,12274.900390625,411100,,,12293.900390625,12118.849609375,,Bullish,,12121.969831807943,11933.027364732267,11519.276222238663,1,1,1,3,62.097262292803244,1,12293.900390625,11832.2998046875,-0.3095094318400049,3.5796067685819333,1
2019-12-31,12168.4501953125,12168.4501953125,12247.099609375,12151.7998046875,12247.099609375,426900,,,12293.900390625,12118.849609375,,Bullish,,12126.396533094092,11942.259632598158,11525.735664756812,1,1,1,3,55.53801485950855,1,12293.900390625,11832.2998046875,-1.020426319772083,2.840955656750932,1
2020-01-01,12182.5,12182.5,12222.2001953125,12165.2998046875,12202.150390625,304100,,,12293.900390625,12118.849609375,,Bullish,,12131.739720418464,11951.680823476661,11532.270633266695,1,1,1,3,56.33646337729996,1,12293.900390625,11832.2998046875,-0.906143592231734,2.959696771491238,1
2020-01-02,12282.2001953125,12282.2001953125,12289.900390625,12195.25,12198.5498046875,407700,12289.900390625,,12293.900390625,12118.849609375,LH,Bearish,,12146.06928945599,11964.642367470224,11539.732618958693,1,1,1,3,61.605566938217514,1,12293.900390625,11832.2998046875,-0.09517073459797132,3.8023072272625136,1
2020-01-03,12226.650390625,12226.650390625,12265.599609375,12191.349609375,12261.099609375,428800,,,12289.900390625,12118.849609375,,Bearish,,12153.743680043515,11974.917191907665,11546.567621661841,1,1,1,3,57.44599364216919,1,12293.900390625,11832.2998046875,-0.5470192360699677,3.332831253830082,1
2020-01-06,11993.0498046875,11993.0498046875,12179.099609375,11974.2001953125,12170.599609375,396500,,,12289.900390625,12118.849609375,,Bearish,Bearish_BOS,12138.43950143818,11975.628274761777,11551.010230448166,-1,1,1,1,43.9937225849767,-1,12293.900390625,11832.2998046875,-2.4471532742116664,1.3585693622833794,1
2020-01-07,12052.9501953125,12052.9501953125,12152.150390625,12005.349609375,12079.099609375,447800,,,12289.900390625,12118.849609375,,Bearish,Bearish_BOS,12130.297662759545,11978.660506940236,11556.004657959254,-1,1,1,1,47.39545054173048,0,12293.900390625,11832.2998046875,-1.959916606256562,1.8648140620776577,1
2020-01-08,12025.349609375,12025.349609375,12044.9501953125,11929.599609375,11939.099609375,446000,,11929.599609375,12289.900390625,12118.849609375,LL,Bearish,Bearish_BOS,12120.302610056255,11980.491452133756,11560.674756978318,-1,1,1,1,46.00876874715952,0,12293.900390625,11832.2998046875,-2.184422947291731,1.6315493004244397,1
2020-01-09,12215.900390625,12215.900390625,12224.0498046875,12132.5498046875,12153.150390625,477500,,,12289.900390625,11929.599609375,,Bearish,,12129.407160586612,11989.723175211846,11567.194415024554,1,1,1,3,55.655077770188626,1,12293.900390625,11929.599609375,-0.6344609726908201,2.39991944930833,1
2020-01-10,12256.7998046875,12256.7998046875,12311.2001953125,12213.2001953125,12271.0,660600,,,12289.900390625,11929.599609375,,Bearish,,12141.539793358126,12000.196768524616,11574.05616019533,1,1,1,3,57.41380237741148,1,12311.2001953125,11929.599609375,-0.4418772318048436,2.74275923774816,1
2020-01-13,12329.5498046875,12329.5498046875,12337.75,12285.7998046875,12296.7001953125,501000,,,12289.900390625,11929.599609375,,Bearish,Bullish_BOS,12159.445508722827,12013.112573864337,11581.57350989177,1,1,1,3,60.42072576876112,1,12337.75,11929.599609375,-0.06646426870782207,3.352586913295852,1
2020-01-14,12362.2998046875,12362.2998046875,12374.25,12308.7001953125,12333.099609375,616300,,,12289.900390625,11929.599609375,,Bearish,Bullish_BOS,12178.764965481367,12026.806190759364,11589.341930735509,1,1,1,3,61.73071240753537,1,12374.25,11929.599609375,-0.09657308776289675,3.6271141486798664,1
2020-01-15,12343.2998046875,12343.2998046875,12355.150390625,12278.75,12349.400390625,684400,,,12289.900390625,11929.599609375,,Bearish,Bullish_BOS,12194.434950167666,12039.217705031055,11596.843999133042,1,1,1,3,60.48005545837941,1,12374.25,11929.599609375,-0.2501177470351723,3.467846439602118,1
2020-01-16,12355.5,12355.5,12389.0498046875,12315.7998046875,12347.099609375,395700,,,12289.900390625,11929.599609375,,Bearish,Bullish_BOS,12209.774478723128,12051.620932284739,11604.392815062067,1,1,1,3,61.026075912987984,1,12389.0498046875,11929.599609375,-0.2708020810022638,3.570114711061234,1
2020-01-17,12352.349609375,12352.349609375,12385.4501953125,12321.400390625,12328.400390625,502100,,,12289.900390625,11929.599609375,,Bearish,Bullish_BOS,12223.353062594735,12063.41421373926,11611.835171224386,1,1,1,3,60.79250169270936,1,12389.0498046875,11929.599609375,-0.29623091270981616,3.543706526979973,1
2020-01-20,12224.5498046875,12224.5498046875,12430.5,12216.900390625,12430.5,491600,12430.5,,12289.900390625,11929.599609375,HH,Bullish,,12223.46703803214,12069.733256521544,11617.93183424392,1,1,1,3,52.08364232253518,0,12430.5,11929.599609375,-1.6568134452556227,2.4724232578661853,1
2020-01-21,12169.849609375,12169.849609375,12230.0498046875,12162.2998046875,12195.2998046875,400,,,12430.5,11929.599609375,,Bullish,,12218.36061625527,12073.659388005994,11623.423553399454,-1,1,1,1,48.857483620486754,0,12430.5,11929.599609375,-2.0968616759181047,2.0138982687331497,1
2020-01-22,12106.900390625,12106.900390625,12225.0498046875,12087.900390625,12218.349609375,500,,,12430.5,11929.599609375,,Bullish,,12207.745356671436,12074.96295673615,11628.234268197719,-1,1,1,1,45.374269466192004,0,12430.5,11929.599609375,-2.6032710621053057,1.48622574986228,1
2020-01-23,12180.349609375,12180.349609375,12189.0,12094.099609375,12123.75,867700,,,12430.5,11929.599609375,,Bullish,,12205.1362378813,12079.095766643555,11633.727953184558,-1,1,1,1,49.865518423313695,0,12430.5,11929.599609375,-2.0123920246570948,2.101914634276114,1
2020-01-24,12248.25,12248.25,12272.150390625,12149.650390625,12174.5498046875,593200,,,12430.5,11929.599609375,,Bullish,,12209.242310464033,12085.729265990867,11639.842600416552,1,1,1,3,53.658734125584076,0,12430.5,11929.599609375,-1.4661518040304133,2.671090405872345,1
2020-01-27,12119.0,12119.0,12216.599609375,12107.0,12197.099609375,441200,,,12430.5,11929.599609375,,Bullish,,12200.647804705553,12087.034000657894,11644.61033573579,-1,1,1,1,46.45372524286651,0,12430.5,11929.599609375,-2.505932987409998,1.5876508585934257,1
2020-01-28,12055.7998046875,12055.7998046875,12163.5498046875,12024.5,12148.099609375,478500,,,12430.5,11929.599609375,,Bullish,,12186.852757084787,12085.809130227683,11648.701773237797,-1,1,1,1,43.386001308663126,-1,12430.5,11929.599609375,-3.014361411950439,1.0578745259256062,0
2020-01-29,12129.5,12129.5,12169.599609375,12103.7998046875,12114.900390625,514400,,,12430.5,11929.599609375,,Bullish,,12181.39058974338,12087.522497669734,11653.485835195632,-1,1,1,1,47.72163540266118,0,12430.5,11929.599609375,-2.421463336148988,1.6756672241363901,1
2020-01-30,12035.7998046875,12035.7998046875,12150.2998046875,12010.599609375,12147.75,538100,,,12430.5,11929.599609375,,Bullish,,12167.52480069044,12085.494156768471,11657.289954295054,-1,1,1,1,43.192704156751454,-1,12430.5,11929.599609375,-3.175255985780945,0.8902243058437787,0
2020-01-31,11962.099609375,11962.099609375,12103.5498046875,11945.849609375,12100.400390625,771300,,,12430.5,11929.599609375,,Bullish,,12147.960496755637,12080.655154909904,11660.322886186397,-1,1,1,1,39.978868028542436,-1,12430.5,11929.599609375,-3.768154061582396,0.2724316076329947,0
2020-02-03,11707.900390625,11707.900390625,11749.849609375,11614.5,11627.4501953125,669800,,11614.5,12430.5,11929.599609375,LL,Bearish,Bearish_BOS,12106.050010457482,12066.03732101638,11660.79629419076,-1,1,1,1,31.32212058898112,-1,12430.5,11614.5,-5.813117810023726,0.8041705680399414,0
2020-02-04,11979.650390625,11979.650390625,11986.150390625,11783.400390625,11786.25,560400,,,12430.5,11614.5,,Bearish,,12094.011951425819,12062.649598255935,11663.96897176722,-1,1,1,1,45.02645688211944,0,12430.5,11614.5,-3.6269627881018507,3.143918297171644,0
2020-02-05,12089.150390625,12089.150390625,12098.150390625,11953.349609375,12005.849609375,758000,,,12430.5,11614.5,,Bearish,,12093.548945635264,12063.688845015506,11668.199632651378,-1,1,1,1,49.40730498042388,0,12430.5,11614.5,-2.746064996379871,4.08670533062121,1
2020-02-06,12137.9501953125,12137.9501953125,12160.599609375,12084.650390625,12120.0,565100,,,12430.5,11614.5,,Bearish,,12097.777636080715,12066.601054831075,11672.87376760323,1,1,1,3,51.271023842240005,0,12430.5,11614.5,-2.3534838074695252,4.506868098605188,1
2020-02-07,12098.349609375,12098.349609375,12154.7001953125,12073.9501953125,12151.150390625,473500,,,12430.5,11614.5,,Bearish,,12097.832109727791,12067.846096185738,11677.10735806862,1,1,1,3,49.6719375574164,0,12430.5,11614.5,-2.6720597773621346,4.16590993477981,1
2020-02-10,12031.5,12031.5,12103.5498046875,11990.75,12102.349609375,524700,,,12430.5,11614.5,,Bearish,,12091.514765944192,12066.420759080414,11680.633653013212,-1,1,1,1,47.006666938162404,0,12430.5,11614.5,-3.209846747918421,3.590339661629849,0
2020-02-11,12107.900390625,12107.900390625,12172.2998046875,12099.0,12108.400390625,480000,,,12430.5,11614.5,,Bearish,,12093.075301628078,12068.047411297848,11684.885063337708,1,1,1,3,50.289577519090656,0,12430.5,11614.5,-2.5952263334137804,4.248141466485866,1
2020-02-12,12201.2001953125,12201.2001953125,12231.75,12144.2998046875,12151.0,411700,,,12430.5,11614.5,,Bearish,,12103.372910550404,12073.269089102345,11690.022527337458,1,1,1,3,54.03447459028354,0,12430.5,11614.5,-1.8446547177305872,5.051445996921955,1
2020-02-13,12174.650390625,12174.650390625,12225.650390625,12139.7998046875,12219.5498046875,501200,,,12430.5,11614.5,,Bearish,,12110.16124198608,12077.244826416958,11694.844695131364,1,1,1,3,52.81515851822284,0,12430.5,11614.5,-2.0582406932544983,4.82285411016401,1
2020-02-14,12113.4501953125,12113.4501953125,12246.7001953125,12091.2001953125,12190.150390625,622800,12246.7001953125,,12430.5,11614.5,LH,Bearish,,12110.474475636214,12078.66464480502,11699.009923988888,1,1,1,3,50.013539252286,0,12430.5,11614.5,-2.550579660411889,4.295924881075375,1
2020-02-17,12045.7998046875,12045.7998046875,12159.599609375,12037.0,12131.7998046875,0,,,12246.7001953125,11614.5,,Bearish,,12104.314983164908,12077.37582754551,11702.460569567978,-1,1,1,1,47.04292005684501,0,12272.150390625,11614.5,-1.844424805211109,3.7134599396228873,1
2020-02-18,11992.5,11992.5,12030.75,11908.0498046875,12028.25,676900,,,12246.7001953125,11614.5,,Bearish,,12093.665937149202,12074.047363720196,11705.34653404989,-1,1,1,1,44.78587390536177,-1,12272.150390625,11614.5,-2.2787399251449236,3.2545524990313934,1
2020-02-19,12125.900390625,12125.900390625,12134.7001953125,12042.099609375,12090.599609375,513600,,,12246.7001953125,11614.5,,Bearish,,12096.735885099279,12076.080815755678,11709.5311495382,1,1,1,3,51.108476761586054,0,12272.150390625,11614.5,-1.191722683839691,4.4031201569159295,1
2020-02-20,12080.849609375,12080.849609375,12152.0,12071.4501953125,12119.0,502600,,,12246.7001953125,11614.5,,Bearish,,12095.22290645887,12076.267827270163,11713.225860581351,-1,1,1,1,49.06510068866543,0,12272.150390625,11614.5,-1.5588203791581545,4.015236207972794,1
2020-02-24,11829.400390625,11829.400390625,12012.5498046875,11813.400390625,12012.5498046875,490800,,,12246.7001953125,11614.5,,Bearish,,12069.906476379454,12066.586751323293,11714.381826054423,-1,1,1,1,39.55845452721791,-1,12246.7001953125,11614.5,-3.407446887997012,1.85027672844289,0
2020-02-25,11797.900390625,11797.900390625,11883.0498046875,11779.900390625,11877.5,461000,,,12246.7001953125,11614.5,,Bearish,,12044.00113487903,12056.050031295908,11715.212856547663,-1,-1,1,-1,38.55075180041504,-1,12246.7001953125,11614.5,-3.6646590308406557,1.5790640201902795,0
2020-02-26,11678.5,11678.5,11783.25,11639.599609375,11738.5498046875,567600,,,12246.7001953125,11614.5,,Bearish,,12009.19150298579,12041.244147715675,11714.847554492464,-1,-1,1,-1,34.91961628285023,-1,12246.7001953125,11614.5,-4.639618723825556,0.5510353437513382,0
2020-02-27,11633.2998046875,11633.2998046875,11663.849609375,11536.7001953125,11661.25,608600,,,12246.7001953125,11614.5,,Bearish,,11973.392293624049,12025.24633034202,11714.036134096395,-1,-1,1,-1,33.62829673962082,-1,12246.7001953125,11536.7001953125,-5.0086993299614075,0.8373244319398232,0
2020-02-28,11201.75,11201.75,11384.7998046875,11175.0498046875,11382.0,809900,,,12246.7001953125,11614.5,,Bearish,Bearish_BOS,11899.90255137414,11992.952356603118,11708.938759627776,-1,-1,1,-1,24.364375694020353,-1,12246.7001953125,11175.0498046875,-8.532504092101977,0.2389268574114034,-1
2020-03-02,11132.75,11132.75,11433.0,11036.25,11387.349609375,680800,,,12246.7001953125,11614.5,,Bearish,Bearish_BOS,11826.840403624221,11959.218930853976,11703.205538138942,-1,-1,1,-1,23.26100535508391,-1,12246.7001953125,11036.25,-9.095921166902343,0.8743912107826546,-1
2020-03-03,11303.2998046875,11303.2998046875,11342.25,11152.5498046875,11217.5498046875,696500,,,12246.7001953125,11614.5,,Bearish,Bearish_BOS,11776.979394201675,11933.496612180781,11699.226376612061,-1,-1,1,-1,31.51642678642213,-1,12246.7001953125,11036.25,-7.703302731180539,2.4197513166836604,-1
2020-03-04,11251.0,11251.0,11356.599609375,11082.150390625,11351.349609375,797700,,,12246.7001953125,11614.5,,Bearish,Bearish_BOS,11726.88611856342,11906.732039154085,11694.766412665673,-1,-1,1,-1,30.435161457934512,-1,12246.7001953125,11036.25,-8.130354948132156,1.9458602333220165,-1
2020-03-05,11269.0,11269.0,11389.5,11244.599609375,11306.0498046875,1352500,,,12246.7001953125,11614.5,,Bearish,Bearish_BOS,11683.277916795476,11881.722939579415,11690.529930947607,-1,-1,1,-1,31.30864456818354,-1,12246.7001953125,11036.25,-7.9833765807929336,2.1089591120172058,-1
2020-03-06,10989.4501953125,10989.4501953125,11035.099609375,10827.400390625,10942.650390625,1811000,,,12246.7001953125,11614.5,,Bearish,Bearish_BOS,11617.19908617805,11846.731851568948,11683.554013180094,-1,-1,1,-1,25.874739075878495,-1,12246.7001953125,10827.400390625,-10.26603068540226,1.4966640083598604,-1
2020-03-09,10451.4501953125,10451.4501953125,10751.5498046875,10294.4501953125,10742.0498046875,1565500,,,12246.7001953125,11614.5,,Bearish,Bearish_BOS,11506.175382286094,11792.014923872615,11671.294273698824,-1,-1,1,-1,19.029565646262668,-1,12246.7001953125,10294.4501953125,-14.659050775874661,1.5250935894710382,-1
2020-03-11,10458.400390625,10458.400390625,10545.099609375,10334.0,10334.2998046875,1218500,,,12246.7001953125,11614.5,,Bearish,Bearish_BOS,11406.387287842179,11739.71631472565,11659.225677847344,-1,-1,1,-1,19.326485250023026,-1,12246.7001953125,10294.4501953125,-14.602299200334656,1.5926075914880267,-1
2020-03-12,9590.150390625,9590.150390625,10040.75,9508.0,10039.9501953125,1343500,,,12246.7001953125,11614.5,,Bearish,Bearish_BOS,11233.412345250066,11655.419611819743,11638.637864044136,-1,-1,1,-1,12.941799398503932,-1,12246.7001953125,9508.0,-21.691964058239222,0.8640133637463299,-1
2020-03-13,9955.2001953125,9955.2001953125,10159.400390625,8555.150390625,9107.599609375,1388000,,,12246.7001953125,11614.5,,Bearish,Bearish_BOS,11111.67785477982,11588.744340584164,11621.887240474667,-1,-1,-1,-3,24.269675341241424,-1,12246.7001953125,8555.150390625,-18.71116270876857,16.36499349236127,-1
2020-03-16,9197.400390625,9197.400390625,9602.2001953125,9165.099609375,9587.7998046875,897700,,,12246.7001953125,11614.5,,Bearish,Bearish_BOS,10929.365715336504,11494.96614646812,11597.762993212482,-1,-1,-1,-3,18.800759467584115,-1,12246.7001953125,8555.150390625,-24.898950378932593,7.507173698592107,-1
2020-03-17,8967.0498046875,8967.0498046875,9403.7998046875,8915.599609375,9285.400390625,935600,,,12246.7001953125,11614.5,,Bearish,Bearish_BOS,10742.478485750884,11395.832172280645,11571.586742580394,-1,-1,-1,-3,17.509175937427287,-1,12159.599609375,8555.150390625,-26.255385927560127,4.81463674225846,-1
2020-03-18,8468.7998046875,8468.7998046875,9127.5498046875,8407.0498046875,9088.4501953125,1516600,,,12246.7001953125,11614.5,,Bearish,Bearish_BOS,10525.937658982943,11281.046589237778,11540.713240710813,-1,-1,-1,-3,15.093782594855512,-1,12152.0,8407.0498046875,-30.30941569546165,0.7345026071520433,-1
2020-03-19,8263.4501953125,8263.4501953125,8575.4501953125,7832.5498046875,8063.2998046875,925700,,,12246.7001953125,11614.5,,Bearish,Bearish_BOS,10310.462662442902,11162.709475750513,11508.103658169535,-1,-1,-1,-3,14.222934085683406,-1,12152.0,7832.5498046875,-31.999257773926104,5.501406328334113,-1
2020-03-20,8745.4501953125,8745.4501953125,8883.0,8178.2001953125,8284.4501953125,1071500,,,12246.7001953125,11614.5,,Bearish,Bearish_BOS,10161.41385604953,11067.914994164708,11480.614568986877,-1,-1,-1,-3,25.14057596159624,-1,12152.0,7832.5498046875,-28.032832494136773,11.655213351834192,-1
2020-03-23,7610.25,7610.25,8159.25,7583.60009765625,7945.7001953125,653500,,,12246.7001953125,11614.5,,Bearish,Bearish_BOS,9918.445869759098,10932.32028851119,11442.103478748202,-1,-1,-1,-3,19.00521042615337,-1,12012.5498046875,7583.60009765625,-36.64750511976773,0.35141492168062616,-1
2020-03-24,7801.0498046875,7801.0498046875,8036.9501953125,7511.10009765625,7848.2998046875,738400,,7511.10009765625,12246.7001953125,11614.5,LL,Bearish,Bearish_BOS,9716.789101657041,10809.525367576927,11405.874088956554,-1,-1,-1,-3,22.431626180258675,-1,11883.0498046875,7511.10009765625,-34.35145073943707,3.860282824905048,-1
2020-03-25,8317.849609375,8317.849609375,8376.75,7714.75,7735.14990234375,736900,,,12246.7001953125,7511.10009765625,,Bearish,,9583.55676905875,10711.81259274548,11375.147477219425,-1,-1,-1,-3,30.952079103487335,-1,11783.25,7511.10009765625,-29.409546522606245,10.74076368614081,-1
2020-03-26,8641.4501953125,8641.4501953125,8749.0498046875,8304.900390625,8451.0,865600,,,12246.7001953125,7511.10009765625,,Bearish,,9493.83233346387,10630.621910493206,11347.946509240253,-1,-1,-1,-3,35.71383527227813,-1,11663.849609375,7511.10009765625,-25.91253758650317,15.049061827959953,-1
2020-03-27,8660.25,8660.25,9038.900390625,8522.900390625,8949.099609375,801500,9038.900390625,,12246.7001953125,7511.10009765625,LH,Bearish,,9414.443539800644,10553.352423807199,11321.203260392092,-1,-1,-1,-3,35.990015757787845,-1,11433.0,7511.10009765625,-24.252164786145368,15.299355452636409,-1
2020-03-30,8281.099609375,8281.099609375,8576.0,8244.0,8385.9501953125,593300,,,9038.900390625,7511.10009765625,,Bearish,,9306.50602261725,10464.244470300053,11290.953472819783,-1,-1,-1,-3,32.91846367439098,-1,11433.0,7511.10009765625,-27.5684456452812,10.251487820792304,-1
2020-03-31,8597.75,8597.75,8678.2998046875,8358.0,8529.349609375,712700,,,9038.900390625,7511.10009765625,,Bearish,,9239.005449034656,10391.048608719659,11264.155428314114,-1,-1,-1,-3,37.70050757930671,-1,11389.5,7511.10009765625,-24.511611572061987,14.467253640819223,-1
2020-04-01,8253.7998046875,8253.7998046875,8588.099609375,8198.349609375,8584.099609375,506300,,,9038.900390625,7511.10009765625,,Bearish,,9145.176340049213,10307.234930130164,11234.201641014346,-1,-1,-1,-3,34.798668030243846,-1,11389.5,7511.10009765625,-27.5315000246938,9.888028349708723,-1
2020-04-03,8083.7998046875,8083.7998046875,8356.5498046875,8055.7998046875,8356.5498046875,697000,,8055.7998046875,9038.900390625,7511.10009765625,HL,Bullish,,9044.092860490953,10220.041395799079,11202.854359060844,-1,-1,-1,-3,33.42908389228283,-1,11389.5,7511.10009765625,-29.02410286063919,7.624711421565977,-1
2020-04-07,8792.2001953125,8792.2001953125,8819.400390625,8360.9501953125,8446.2998046875,814200,,,9038.900390625,8055.7998046875,,Bullish,,9020.10308285491,10164.04762323098,11178.867750466334,-1,-1,-1,-3,43.42192178528463,-1,11035.099609375,7511.10009765625,-20.3251397219561,17.05609139806301,-1
2020-04-08,8748.75,8748.75,9131.7001953125,8653.900390625,8688.900390625,896500,,,9038.900390625,8055.7998046875,,Bullish,,8994.259932106823,10108.545755653293,11154.687474342292,-1,-1,-1,-3,42.99561125465259,-1,10751.5498046875,7511.10009765625,-18.62801029684401,16.47761161816954,-1
2020-04-09,9111.900390625,9111.900390625,9128.349609375,8904.5498046875,8973.0498046875,742100,,,9038.900390625,8055.7998046875,,Bullish,Bullish_BOS,9005.46378529903,10069.4616236914,11134.361234703316,1,-1,-1,-1,47.6239900611244,0,10545.099609375,7511.10009765625,-13.591139693700294,21.312461186188436,-1
2020-04-13,8993.849609375,8993.849609375,9112.0498046875,8912.400390625,9103.9501953125,644000,,,9038.900390625,8055.7998046875,,Bullish,,9004.357673306265,10027.280760384876,11113.062611565721,-1,-1,-1,-3,46.307731694451256,0,10159.400390625,7511.10009765625,-11.472633585005266,19.740776882755483,-1
2020-04-15,8925.2998046875,8925.2998046875,9261.2001953125,8874.099609375,9196.400390625,879100,,,9038.900390625,8055.7998046875,,Bullish,,8996.82835248543,9984.065820945763,11091.293827417681,-1,-1,-1,-3,45.520959838279815,0,10159.400390625,7511.10009765625,-12.147376208110828,18.828130215872573,-1
2020-04-16,8992.7998046875,8992.7998046875,9053.75,8821.900390625,8851.25,719400,,,9038.900390625,8055.7998046875,,Bullish,,8996.444681266581,9945.192643837596,11070.413289878079,-1,-1,-1,-3,46.485126357991,0,9602.2001953125,7511.10009765625,-6.346466208051882,19.72680017263513,0
2020-04-17,9266.75,9266.75,9324.0,9091.349609375,9323.4501953125,684200,,,9038.900390625,8055.7998046875,,Bullish,Bullish_BOS,9022.188044955477,9918.58704996161,11052.466391471333,1,-1,-1,-1,50.327430593718454,0,9403.7998046875,7511.10009765625,-1.457387519236475,23.37407143451038,1
2020-04-20,9261.849609375,9261.849609375,9390.849609375,9230.7998046875,9390.2001953125,726400,9390.849609375,,9038.900390625,8055.7998046875,HH,Bullish,Bullish_BOS,9045.012955852575,9892.832640526842,11034.649309062415,1,-1,-1,-1,50.257917678030196,0,9390.849609375,7511.10009765625,-1.3736776262631034,23.308829451827574,1
2020-04-21,8981.4501953125,8981.4501953125,9044.400390625,8909.400390625,9016.9501953125,655100,,,9390.849609375,8055.7998046875,,Bullish,,9038.959359610664,9857.092152479221,11014.219467134555,-1,-1,-1,-3,46.315871798248,0,9390.849609375,7511.10009765625,-4.359556707774248,19.575695684245442,0
2020-04-22,9187.2998046875,9187.2998046875,9209.75,8946.25,9026.75,734400,,,9390.849609375,8055.7998046875,,Bullish,,9053.087021046553,9830.825785899153,10996.04116203558,1,-1,-1,-1,49.45053833393438,0,9390.849609375,7511.10009765625,-2.1675334304607885,22.31630101101021,1
2020-04-23,9313.900390625,9313.900390625,9343.599609375,9170.150390625,9232.349609375,666700,,,9390.849609375,8055.7998046875,,Bullish,,9077.926389577833,9810.554201770756,10979.303442917068,1,-1,-1,-1,51.33268382562022,0,9390.849609375,7511.10009765625,-0.8194063577930177,24.001814241981577,1
2020-04-24,9154.400390625,9154.400390625,9296.900390625,9141.2998046875,9163.900390625,659400,,,9390.849609375,8055.7998046875,,Bullish,,9085.209627772801,9784.82267976504,10961.145203590779,1,-1,-1,-1,48.86416310512285,0,9390.849609375,7511.10009765625,-2.5178682290252996,21.87829041822411,1
2020-04-27,9282.2998046875,9282.2998046875,9377.099609375,9250.349609375,9259.7001953125,512800,,,9390.849609375,8055.7998046875,,Bullish,,9103.980120812297,9765.115900350234,10944.440274248458,1,-1,-1,-1,50.903035287929825,0,9390.849609375,7714.75,-1.1559103723600583,20.31886716598075,1
2020-04-28,9380.900390625,9380.900390625,9404.400390625,9260.0,9389.7998046875,614500,,,9390.849609375,8055.7998046875,,Bullish,,9130.353479842079,9750.048625459049,10928.882663466135,1,-1,-1,-1,52.47619025346477,0,9404.400390625,8055.7998046875,-0.24988302309445487,16.449025771053204,1
2020-04-29,9553.349609375,9553.349609375,9599.849609375,9392.349609375,9408.599609375,653000,,,9390.849609375,8055.7998046875,,Bullish,Bullish_BOS,9170.63882551188,9742.334938553793,10915.195767405527,1,-1,-1,-1,55.18105121836375,1,9599.849609375,8055.7998046875,-0.48438258818751523,18.589709786681972,1
2020-04-30,9859.900390625,9859.900390625,9889.0498046875,9731.5,9753.5,931200,9889.0498046875,,9390.849609375,8055.7998046875,HH,Bullish,Bullish_BOS,9236.28278409408,9746.945348438938,10904.695315895273,1,-1,-1,-1,59.58463334583552,1,9889.0498046875,8055.7998046875,-0.2947645591660719,22.39505238061814,1
2020-05-04,9293.5,9293.5,9533.5,9266.9501953125,9533.5,687500,,,9889.0498046875,8055.7998046875,,Bullish,,9241.732042751788,9729.163177911922,10888.663521707262,1,-1,-1,-1,49.84069880924161,0,9889.0498046875,8055.7998046875,-6.022315757831498,15.364088300609314,0
2020-05-05,9205.599609375,9205.599609375,9450.900390625,9190.75,9429.400390625,725200,,,9889.0498046875,8055.7998046875,,Bullish,,9238.290858620667,9708.631273263416,10871.916617106941,-1,-1,-1,-3,48.51475276188723,0,9889.0498046875,8055.7998046875,-6.9111816484991095,14.27294412180471,0
2020-05-06,9270.900390625,9270.900390625,9346.900390625,9116.5,9226.7998046875,722200,,,9889.0498046875,8055.7998046875,,Bullish,,9241.396528335366,9691.465356297203,10855.986107390703,1,-1,-1,-1,49.58772934722986,0,9889.0498046875,8055.7998046875,-6.250847414778837,15.083549931695895,0
2020-05-07,9199.0498046875,9199.0498046875,9277.849609375,9175.900390625,9234.0498046875,708700,,,9889.0498046875,8055.7998046875,,Bullish,,9237.363507035569,9672.154942508587,10839.499179005597,-1,-1,-1,-3,48.39268564549091,0,9889.0498046875,8360.9501953125,-6.9774145507178424,10.023975622350601,0
2020-05-08,9251.5,9251.5,9382.650390625,9238.2001953125,9376.9501953125,609100,,,9889.0498046875,8055.7998046875,,Bullish,,9238.709839698848,9655.658670253348,10823.698192149819,1,-1,-1,-1,49.352243699568234,0,9889.0498046875,8653.900390625,-6.447027947875195,6.905552206521759,0
2020-05-11,9239.2001953125,9239.2001953125,9439.900390625,9219.9501953125,9348.150390625,704600,,,9889.0498046875,8055.7998046875,,Bullish,,9238.756540233482,9639.326965353706,10807.932042927558,1,-1,-1,-1,49.12158588946843,0,9889.0498046875,8821.900390625,-6.571405971349897,4.730271100441841,0
2020-05-12,9196.5498046875,9196.5498046875,9240.849609375,9043.9501953125,9168.849609375,805500,,,9889.0498046875,8055.7998046875,,Bullish,,9234.736851133865,9621.963155131503,10791.898388815716,-1,-1,-1,-3,48.27897172455771,0,9889.0498046875,8821.900390625,-7.002695038220441,4.246810749083485,-1
2020-05-13,9383.5498046875,9383.5498046875,9584.5,9351.099609375,9584.2001953125,846400,9584.5,,9889.0498046875,8055.7998046875,LH,Bearish,,9248.909513377068,9612.613611976838,10777.884970068173,1,-1,-1,-1,52.15425103883805,0,9889.0498046875,8821.900390625,-5.111714573025894,6.3665354310661115,0
2020-05-14,9142.75,9142.75,9281.099609375,9119.75,9213.9501953125,602600,,,9584.5,8055.7998046875,,Bearish,,9238.799083531632,9594.187587977747,10761.614970366003,-1,-1,-1,-3,47.24524903612645,0,9889.0498046875,8821.900390625,-7.54672915423833,3.636967038484884,-1
2020-05-15,9136.849609375,9136.849609375,9182.400390625,9050.0,9182.400390625,575900,,,9584.5,8055.7998046875,,Bearish,,9229.08960980243,9576.252765287443,10745.448150853656,-1,-1,-1,-3,47.12819305692257,0,9889.0498046875,8909.400390625,-7.606395054820636,2.5529127525723894,-1
2020-05-18,8823.25,8823.25,9158.2998046875,8806.75,9158.2998046875,773000,,8806.75,9584.5,8055.7998046875,HL,Bullish,,9190.438218392674,9546.723245080093,10726.321801093918,-1,-1,-1,-3,41.27489229073824,-1,9889.0498046875,8806.75,-10.777575457070721,0.18735628920998337,-1
2020-05-19,8879.099609375,8879.099609375,9030.349609375,8855.2998046875,8961.7001953125,762200,,,9584.5,8806.75,,Bullish,,9160.786922295752,9520.541926032834,10707.941480778307,-1,-1,-1,-3,42.64120276566172,-1,9889.0498046875,8806.75,-10.212813316338787,0.8215245053510012,-1
2020-05-20,9066.5498046875,9066.5498046875,9093.7998046875,8875.349609375,8889.150390625,622300,,,9584.5,8806.75,,Bullish,,9151.811958714014,9502.738313431057,10691.609225294816,-1,-1,-1,-3,47.09067251059836,0,9889.0498046875,8806.75,-8.317280388355686,2.950007717801695,-1
2020-05-21,9106.25,9106.25,9178.5498046875,9056.099609375,9079.4501953125,631500,,,9584.5,8806.75,,Bullish,,9147.472724550775,9487.189752120035,10675.834506635167,-1,-1,-1,-3,48.01051853864299,0,9889.0498046875,8806.75,-7.915824271776306,3.40080052232663,-1
2020-05-22,9039.25,9039.25,9149.599609375,8968.5498046875,9067.900390625,675800,,,9584.5,8806.75,,Bullish,,9137.165798403083,9469.623487331013,10659.550083683574,-1,-1,-1,-3,46.539981574271266,0,9889.0498046875,8806.75,-8.593341336846006,2.640020438867907,-1
2020-05-26,9029.0498046875,9029.0498046875,9161.650390625,8996.650390625,9099.75,655000,,,9584.5,8806.75,,Bullish,,9126.869037096838,9452.34608801166,10643.326200310481,-1,-1,-1,-3,46.30743569416868,0,9889.0498046875,8806.75,-8.696487700894707,2.524197969597175,-1
2020-05-27,9314.9501953125,9314.9501953125,9334.0,9004.25,9082.2001953125,763500,,,9584.5,8806.75,,Bullish,,9144.781528355474,9446.958013788164,10630.10852861896,1,-1,-1,-1,53.34428480066009,0,9889.0498046875,8806.75,-5.8054072000210954,5.770575925426513,0
2020-05-28,9490.099609375,9490.099609375,9511.25,9336.5,9364.9501953125,837900,,,9584.5,8806.75,,Bullish,,9177.668964643048,9448.649841066079,10618.765156288173,1,-1,-1,-1,57.05734198873356,1,9889.0498046875,8806.75,-4.034262170703129,7.759384669429692,0
2020-05-29,9580.2998046875,9580.2998046875,9598.849609375,9376.900390625,9422.2001953125,967000,,,9584.5,8806.75,,Bullish,,9216.014758932995,9453.812584737507,10608.432167715031,1,-1,-1,-1,58.87261261966726,1,9889.0498046875,8806.75,-3.122140206571211,8.783601268203366,0
2020-06-01,9826.150390625,9826.150390625,9931.599609375,9706.9501953125,9726.849609375,794200,,,9584.5,8806.75,,Bullish,Bullish_BOS,9274.122914332234,9468.41406732133,10600.648269435529,1,-1,-1,-1,63.41239368803375,1,9931.599609375,8806.75,-1.061754630648426,11.575216630709395,1
2020-06-02,9979.099609375,9979.099609375,9995.599609375,9824.0498046875,9880.849609375,770200,,,9584.5,8806.75,,Bullish,Bullish_BOS,9341.263551955355,9488.440951323435,10594.463705653832,1,-1,-1,-1,65.93188351876714,1,9995.599609375,8806.75,-0.1650726384090473,13.31194378601641,1
2020-06-03,10061.5498046875,10061.5498046875,10176.2001953125,10035.5498046875,10108.2998046875,794700,,,9584.5,8806.75,,Bullish,Bullish_BOS,9409.86224269175,9510.915808318105,10589.16107977357,1,-1,-1,-1,67.24146403684995,1,10176.2001953125,8806.75,-1.1266522712260696,14.24815970349449,1
2020-06-04,10029.099609375,10029.099609375,10123.849609375,9944.25,10054.25,775100,,,9584.5,8806.75,,Bullish,Bullish_BOS,9468.837229994917,9531.236741692886,10583.588328824331,1,-1,-1,-1,66.16347901831529,1,10176.2001953125,8806.75,-1.4455354957075173,13.879690116955734,1
2020-06-05,10142.150390625,10142.150390625,10177.7998046875,10040.75,10093.7998046875,987100,,,9584.5,8806.75,,Bullish,Bullish_BOS,9532.962292912069,9555.194139690224,10579.195911528817,1,-1,-1,-1,68.08319054094798,1,10177.7998046875,8806.75,-0.35026641068417463,15.163373442246009,1
2020-06-08,10167.4501953125,10167.4501953125,10328.5,10120.25,10326.75,936500,10328.5,,9584.5,8806.75,HH,Bullish,Bullish_BOS,9593.3897121883,9579.204181087176,10575.098939228159,1,1,-1,1,68.51371709753256,1,10328.5,8806.75,-1.559275835673135,15.450650867942194,1
2020-06-09,10046.650390625,10046.650390625,10291.150390625,10021.4501953125,10181.150390625,754200,,,10328.5,8806.75,,Bullish,,9636.557395848939,9597.53540499062,10569.840744714695,1,1,-1,1,64.0697842922632,1,10328.5,8806.75,-2.7288532640267205,14.078977950151872,1
2020-06-10,10116.150390625,10116.150390625,10148.75,10036.849609375,10072.599609375,632400,,,10328.5,8806.75,,Bullish,,9682.232919160944,9617.873247564517,10565.326412833205,1,1,-1,1,65.4579500187699,1,10328.5,8806.75,-2.0559578774749454,14.868145350157548,1
2020-06-11,9902.0,9902.0,10112.0498046875,9885.0498046875,10094.099609375,715500,,,10328.5,8806.75,,Bullish,,9703.163117336091,9629.015473150223,10558.726150018943,1,1,-1,1,58.019624859698034,1,10328.5,8806.75,-4.129350825386069,12.43648337922616,0
2020-06-12,9972.900390625,9972.900390625,9996.0498046875,9544.349609375,9544.9501953125,796300,,9544.349609375,10328.5,8806.75,HL,Bullish,,9728.852381458844,9642.50115618845,10552.897037985173,1,1,-1,1,59.65427466485637,1,10328.5,8806.75,-3.442896929612238,13.241552112016342,0
2020-06-15,9813.7001953125,9813.7001953125,9943.349609375,9726.349609375,9919.349609375,716100,,,10328.5,9544.349609375,,Bullish,,9736.933125635383,9649.214843997235,10545.541845520767,1,1,-1,1,54.52070428085516,0,10328.5,8806.75,-4.984264943481631,11.433845576546409,0
2020-06-16,9914.0,9914.0,10046.150390625,9728.5,10014.7998046875,899900,,,10328.5,9544.349609375,,Bullish,,9753.796637479634,9659.598575605187,10539.257847057876,1,1,-1,1,57.02963226806176,1,10328.5,8855.2998046875,-4.013167449290799,11.95555451157151,0
2020-06-17,9881.150390625,9881.150390625,10003.599609375,9833.7998046875,9876.7001953125,685400,,,10328.5,9544.349609375,,Bullish,,9765.925566350623,9668.286882076553,10532.709514158047,1,1,-1,1,55.941151714652165,1,10328.5,8875.349609375,-4.331215659340659,11.332520131799395,0
2020-06-18,10091.650390625,10091.650390625,10111.2001953125,9845.0498046875,9863.25,622900,,,10328.5,9544.349609375,,Bullish,,9796.946978186277,9684.889372607866,10528.320866162694,1,1,-1,1,61.06886509130843,1,10328.5,8968.5498046875,-2.293165603669456,12.522655394638061,1
2020-06-19,10244.400390625,10244.400390625,10272.400390625,10072.650390625,10119.0,892100,,,10328.5,9544.349609375,,Bullish,,9839.561588894727,9706.830981157556,10525.49578680411,1,1,-1,1,64.31447618560537,1,10328.5,8968.5498046875,-0.8142480454567447,14.225829300414471,1
2020-06-22,10311.2001953125,10311.2001953125,10393.650390625,10277.599609375,10318.75,685400,,,10328.5,9544.349609375,,Bullish,,9884.479551410706,9730.531734653829,10523.363492361406,1,1,-1,1,65.66264689261882,1,10393.650390625,8996.650390625,-0.7932746649518818,14.611547049303297,1
2020-06-23,10471.0,10471.0,10484.7001953125,10301.75,10347.9501953125,669200,,,10328.5,9544.349609375,,Bullish,Bullish_BOS,9940.338641752543,9759.569705843875,10522.842462586666,1,1,-1,1,68.70821862425097,1,10484.7001953125,9004.25,-0.13066845076433742,16.289529944193013,1
2020-06-24,10305.2998046875,10305.2998046875,10553.150390625,10281.9501953125,10529.25,854800,10553.150390625,,10328.5,9544.349609375,HH,Bullish,,9975.096847746348,9780.970886190684,10520.677859025482,1,1,-1,1,62.51628048611825,1,10553.150390625,9336.5,-2.3485933277107574,10.376477316847854,1
2020-06-25,10288.900390625,10288.900390625,10361.7998046875,10194.5,10235.5498046875,994200,,,10553.150390625,9544.349609375,,Bullish,,10004.982899449076,9800.889690286149,10518.37161555881,1,1,-1,1,61.92150994168561,1,10553.150390625,9376.900390625,-2.5039916064756307,9.726028452982337,1
2020-06-26,10383.0,10383.0,10409.849609375,10311.25,10378.900390625,671900,,,10553.150390625,9544.349609375,,Bullish,,10040.984528072973,9823.717545569047,10517.02463430947,1,1,-1,1,64.03582910723532,1,10553.150390625,9544.349609375,-1.6123184483010422,8.786878362054452,1
2020-06-29,10312.400390625,10312.400390625,10337.9501953125,10223.599609375,10311.9501953125,574500,,,10553.150390625,9544.349609375,,Bullish,,10066.833657839832,9842.881578708497,10514.988572183256,1,1,-1,1,61.28632987291298,1,10553.150390625,9544.349609375,-2.2813092876405205,8.047177782502612,1
2020-06-30,10302.099609375,10302.099609375,10401.0498046875,10267.349609375,10382.599609375,556200,,,10553.150390625,9544.349609375,,Bullish,,10089.239938938419,9860.890128930712,10512.870274045861,1,1,-1,1,60.875628106166765,1,10553.150390625,9544.349609375,-2.378917877196407,7.939252343142322,1
2020-07-01,10430.0498046875,10430.0498046875,10447.0498046875,10299.599609375,10323.7998046875,573600,,,10553.150390625,9544.349609375,,Bullish,,10121.698021390712,9883.210116215294,10512.046189773639,1,1,-1,1,64.0943348171824,1,10553.150390625,9544.349609375,-1.1664818692137424,9.279838140490115,1
2020-07-02,10551.7001953125,10551.7001953125,10598.2001953125,10485.5498046875,10493.0498046875,597400,,,10553.150390625,9544.349609375,,Bullish,,10162.650609383263,9909.425413434794,10512.440756992932,1,1,-1,1,66.8838640795486,1,10598.2001953125,9544.349609375,-0.43875374255117894,10.554418343477522,1
2020-07-03,10607.349609375,10607.349609375,10631.2998046875,10562.650390625,10614.9501953125,525200,,,10553.150390625,9544.349609375,,Bullish,Bullish_BOS,10205.002895096763,9936.794989746175,10513.385123683302,1,1,-1,1,68.10461636614052,1,10631.2998046875,9544.349609375,-0.22528002927676427,11.137479697473163,1
2020-07-06,10763.650390625,10763.650390625,10811.400390625,10695.099609375,10723.849609375,571200,,,10553.150390625,9544.349609375,,Bullish,Bullish_BOS,10258.207418480404,9969.220691741424,10515.875325344414,1,1,-1,1,71.30418671915004,1,10811.400390625,9544.349609375,-0.44166341338542914,12.775106017201354,1
2020-07-07,10799.650390625,10799.650390625,10813.7998046875,10689.7001953125,10802.849609375,636800,,,10553.150390625,9544.349609375,,Bullish,Bullish_BOS,10309.773415827509,10001.786562285877,10518.69895783477,1,1,-1,1,72.00086846262525,1,10813.7998046875,9544.349609375,-0.13084590354970338,13.152292535648247,1
2020-07-08,10705.75,10705.75,10847.849609375,10676.5498046875,10818.650390625,767900,,,10553.150390625,9544.349609375,,Bullish,Bullish_BOS,10347.485471462986,10029.392971608,10520.560162234424,1,1,-1,1,67.40410833390607,1,10847.849609375,9544.349609375,-1.3099334383488648,12.168460273963632,1
2020-07-09,10813.4501953125,10813.4501953125,10836.849609375,10733.0,10755.5498046875,618700,,,10553.150390625,9544.349609375,,Bullish,Bullish_BOS,10391.863064210558,10060.14031371406,10523.474490921768,1,1,-1,1,69.78668182991093,1,10847.849609375,9544.349609375,-0.31710813941199234,13.296878654685052,1
2020-07-10,10768.0498046875,10768.0498046875,10819.400390625,10713.0,10764.099609375,590700,,,10553.150390625,9544.349609375,,Bullish,Bullish_BOS,10427.69037282741,10087.901470222823,10525.908076133368,1,1,-1,1,67.54534740102,1,10847.849609375,9726.349609375,-0.7356278669141458,10.710083815087511,1
2020-07-13,10802.7001953125,10802.7001953125,10894.0498046875,10756.0498046875,10851.849609375,554100,,,10553.150390625,9544.349609375,,Bullish,Bullish_BOS,10463.405594016465,10115.93279277536,10528.662226572962,1,1,-1,1,68.38004392344493,1,10894.0498046875,9728.5,-0.8385275541488157,11.041786455388802,1
2020-07-14,10607.349609375,10607.349609375,10755.650390625,10562.900390625,10750.849609375,532400,,10562.900390625,10553.150390625,9544.349609375,HL,Bullish,Bullish_BOS,10477.114547860136,10135.20404048515,10529.445185605819,1,1,-1,1,59.14459578163409,1,10894.0498046875,9833.7998046875,-2.6317136460046187,7.8662350266554215,1
2020-07-15,10618.2001953125,10618.2001953125,10827.4501953125,10577.75,10701.0,715900,,,10553.150390625,10562.900390625,,Bullish,Bullish_BOS,10490.551276188933,10154.145066164654,10530.328320030761,1,1,-1,1,59.47201694375834,1,10894.0498046875,9845.0498046875,-2.532112614872639,7.85318922670033,1
2020-07-16,10739.9501953125,10739.9501953125,10755.2998046875,10595.2001953125,10706.2001953125,694400,,,10553.150390625,10562.900390625,,Bullish,Bullish_BOS,10514.3035542007,10177.117816327316,10532.414109834559,1,1,-1,1,63.05025433480586,1,10894.0498046875,10072.650390625,-1.4145300612513623,6.62486812119063,1
2020-07-17,10901.7001953125,10901.7001953125,10933.4501953125,10749.650390625,10752.0,676900,,,10553.150390625,10562.900390625,,Bullish,Bullish_BOS,10551.198472401824,10205.532811581637,10536.088598247276,1,1,-1,1,67.19429100409748,1,10933.4501953125,10194.5,-0.2903932375675211,6.937075828265238,1
2020-07-20,11022.2001953125,11022.2001953125,11037.900390625,10953.0,10999.4501953125,554300,,,10553.150390625,10562.900390625,,Bullish,Bullish_BOS,10596.055779345697,10237.55898349265,10540.925529561358,1,1,-1,1,69.90243034092997,1,11037.900390625,10194.5,-0.1422389653546352,8.119085735568188,1
2020-07-21,11162.25,11162.25,11179.5498046875,11113.25,11126.099609375,772000,,,10553.150390625,10562.900390625,,Bullish,Bullish_BOS,10649.979038455633,10273.82137629686,10547.10786260055,1,1,-1,1,72.72100820308526,1,11179.5498046875,10194.5,-0.1547450925103111,9.492863799107365,1
2020-07-22,11132.599609375,11132.599609375,11238.099609375,11056.5498046875,11231.2001953125,765100,,,10553.150390625,10562.900390625,,Bullish,Bullish_BOS,10695.942902352715,10307.498954064631,10552.933651125668,1,1,-1,1,71.20075542787717,1,11238.099609375,10194.5,-0.9387708212871715,9.202016865711894,1
2020-07-23,11215.4501953125,11215.4501953125,11239.7998046875,11103.150390625,11135.0,621600,,,10553.150390625,10562.900390625,,Bullish,Bullish_BOS,10745.419787396506,10343.104885093959,10559.525855545437,1,1,-1,1,72.90523259921966,1,11239.7998046875,10223.599609375,-0.2166373938870758,9.701578933392273,1
2020-07-24,11194.150390625,11194.150390625,11225.400390625,11090.2998046875,11149.9501953125,678900,,,10553.150390625,10562.900390625,,Bullish,Bullish_BOS,10788.156035323029,10376.479218644195,10565.840527536278,1,1,-1,1,71.7298620386477,1,11239.7998046875,10223.599609375,-0.40614081083065745,9.493239351431647,1
2020-07-27,11131.7998046875,11131.7998046875,11225.0,11087.849609375,11225.0,588100,,,10553.150390625,10562.900390625,,Bullish,Bullish_BOS,10820.884013357741,10406.09963378315,10571.471963129823,1,1,-1,1,68.26060982487678,1,11239.7998046875,10267.349609375,-0.960871206575753,8.419409372436103,1
2020-07-28,11300.5498046875,11300.5498046875,11317.75,11151.400390625,11154.099609375,683900,,,10553.150390625,10562.900390625,,Bullish,Bullish_BOS,10866.56646967486,10441.176111073517,10578.72646901597,1,1,-1,1,72.18207637413265,1,11317.75,10299.599609375,-0.15197539539660854,9.718340841146933,1
2020-07-29,11202.849609375,11202.849609375,11341.400390625,11149.75,11276.900390625,600700,11341.400390625,,10553.150390625,10562.900390625,HH,Bullish,Bullish_BOS,10898.593435360588,10471.045660026515,10584.936649517056,1,1,-1,1,67.01926861135269,1,11341.400390625,10485.5498046875,-1.221637332939307,6.840841138981912,1
2020-07-30,11102.150390625,11102.150390625,11299.9501953125,11084.9501953125,11254.2998046875,677800,,,11341.400390625,10562.900390625,,Bullish,,10917.979812052437,10495.794865148026,10590.083054901215,1,1,-1,1,62.0898831605892,1,11341.400390625,10562.650390625,-2.109527851584958,5.107619584558432,1
2020-07-31,11073.4501953125,11073.4501953125,11150.400390625,11026.650390625,11139.5,642600,,,11341.400390625,10562.900390625,,Bullish,,10932.786515220061,10518.448015350556,10594.892678188891,1,1,-1,1,60.71912131546558,1,11341.400390625,10562.900390625,-2.362584743361962,4.833424398668318,1
2020-08-03,10891.599609375,10891.599609375,11058.0498046875,10882.25,11057.5498046875,680900,,10882.25,11341.400390625,10562.900390625,HL,Bullish,,10928.863952758627,10533.081411194651,10597.844985961889,-1,1,-1,-1,52.76962346905626,0,11341.400390625,10562.900390625,-3.966007421991846,3.1118273068420965,0
2020-08-04,11095.25,11095.25,11112.25,10908.099609375,10946.650390625,625700,,,11341.400390625,10882.25,,Bullish,,10944.71024297209,10555.127238206625,10602.794289584159,1,1,-1,1,59.210152288112056,1,11341.400390625,10562.900390625,-2.17037034358184,5.039805258861296,1
2020-08-05,11101.650390625,11101.650390625,11225.650390625,11064.0498046875,11155.75,667600,,,11341.400390625,10882.25,,Bullish,,10959.65692370094,10576.55951869362,10607.758031883073,1,1,-1,1,59.39754741976465,1,11341.400390625,10562.900390625,-2.1139364782340464,5.1003983761710225,1
2020-08-06,11200.150390625,11200.150390625,11256.7998046875,11127.2998046875,11185.7001953125,600400,,,11341.400390625,10882.25,,Bullish,,10982.561063407995,10601.01406269093,10613.65248321384,1,1,-1,1,62.27033554269719,1,11341.400390625,10562.900390625,-1.2454370283652039,6.03290740643152,1
2020-08-07,11214.0498046875,11214.0498046875,11231.900390625,11142.0498046875,11186.650390625,452600,,,11341.400390625,10882.25,,Bullish,,11004.607610196519,10625.05468002413,10619.626585915072,1,1,1,3,62.6716959541667,1,11341.400390625,10562.900390625,-1.1228823738801297,6.164494504183926,1
2020-08-10,11270.150390625,11270.150390625,11337.2998046875,11238.0,11270.25,492000,,,11341.400390625,10882.25,,Bullish,,11029.897398808755,10650.352551028085,10626.099459593777,1,1,1,3,64.32143247125646,1,11341.400390625,10562.900390625,-0.6282292974939541,6.695604179205494,1
2020-08-11,11322.5,11322.5,11373.599609375,11299.150390625,11322.25,586100,,,11341.400390625,10882.25,,Bullish,,11057.764313207921,10676.71127451718,10633.028818204786,1,1,1,3,65.83863071211414,1,11373.599609375,10577.75,-0.449282646919269,7.040722270804278,1
2020-08-12,11308.400390625,11308.400390625,11322.0,11242.650390625,11289.0,609900,,,11341.400390625,10882.25,,Bullish,,11081.634415819071,10701.483396717487,10639.748933353247,1,1,1,3,65.03645391956522,1,11373.599609375,10595.2001953125,-0.5732505186507364,6.731351764622939,1
2020-08-13,11300.4501953125,11300.4501953125,11359.2998046875,11269.9501953125,11334.849609375,562400,,,11341.400390625,10882.25,,Bullish,,11102.474013866064,10724.972290780037,10646.323075263288,1,1,1,3,64.55881440288866,1,11373.599609375,10749.650390625,-0.6431509511043876,5.123885751371637,1
2020-08-14,11178.400390625,11178.400390625,11366.25,11111.4501953125,11353.2998046875,645100,,11111.4501953125,11341.400390625,10882.25,HL,Bullish,,11109.705097366914,10742.753784891605,10651.61737690868,1,1,1,3,57.568850564328464,1,11373.599609375,10882.25,-1.7162483774187165,2.721407710951329,1
2020-08-17,11247.099609375,11247.099609375,11267.099609375,11144.5,11248.900390625,634000,,,11341.400390625,11111.4501953125,,Bullish,,11122.790288986731,10762.532052518407,10657.542573251629,1,1,1,3,60.182191827272945,1,11373.599609375,10882.25,-1.1122248394934586,3.352703800914325,1
2020-08-18,11385.349609375,11385.349609375,11401.7001953125,11253.150390625,11259.7998046875,579200,,,11341.400390625,11111.4501953125,,Bullish,Bullish_BOS,11147.795938547519,10786.956270434352,10664.784434307583,1,1,1,3,64.87112073929632,1,11401.7001953125,10882.25,-0.143404805050229,4.623121223781856,1
2020-08-19,11408.400390625,11408.400390625,11460.349609375,11394.099609375,11452.150390625,626200,,,11341.400390625,11111.4501953125,,Bullish,Bullish_BOS,11172.615410173945,10811.326628088887,10672.183598052035,1,1,1,3,65.59852945241121,1,11460.349609375,10882.25,-0.45329523549180184,4.834941217349353,1
2020-08-20,11312.2001953125,11312.2001953125,11361.4501953125,11289.7998046875,11317.4501953125,791600,,,11341.400390625,11111.4501953125,,Bullish,,11185.909199234758,10830.968728764323,10678.551922402887,1,1,1,3,60.01335081425236,1,11460.349609375,10882.25,-1.2927128675141675,3.9509310603276004,1
2020-08-21,11371.599609375,11371.599609375,11418.5,11362.2001953125,11409.650390625,668700,,,11341.400390625,11111.4501953125,,Bullish,Bullish_BOS,11203.594000200495,10852.169939768663,10685.44791928818,1,1,1,3,62.15590577030102,1,11460.349609375,10882.25,-0.7744091849292256,4.4967686772037,1
2020-08-24,11466.4501953125,11466.4501953125,11497.25,11410.650390625,11412.0,532900,,,11341.400390625,11111.4501953125,,Bullish,Bullish_BOS,11228.627923544496,10876.259361554696,10693.219086213798,1,1,1,3,65.34875453121458,1,11497.25,10882.25,-0.2678884488682032,5.368376901031491,1
2020-08-25,11472.25,11472.25,11525.900390625,11423.349609375,11513.099609375,638200,,,11341.400390625,11111.4501953125,,Bullish,Bullish_BOS,11251.830026064068,10899.631543454512,10700.970637594755,1,1,1,3,65.5402025982678,1,11525.900390625,10882.25,-0.46547678538536585,5.42167290771669,1
2020-08-26,11549.599609375,11549.599609375,11561.75,11461.849609375,11512.849609375,743400,,,11341.400390625,11111.4501953125,,Bullish,Bullish_BOS,11280.189033998442,10925.1204872161,10709.414706965705,1,1,1,3,68.07364435020557,1,11561.75,10882.25,-0.10509127619088288,6.132459825633485,1
2020-08-27,11559.25,11559.25,11617.349609375,11540.599609375,11609.2998046875,719800,,,11341.400390625,11111.4501953125,,Bullish,Bullish_BOS,11306.766268855734,10949.988311246841,10717.87077953321,1,1,1,3,68.38592860295921,1,11617.349609375,10882.25,-0.500110707937329,6.221139929702035,1
2020-08-28,11647.599609375,11647.599609375,11686.0498046875,11589.400390625,11602.9501953125,807000,,,11341.400390625,11111.4501953125,,Bullish,Bullish_BOS,11339.226587000425,10977.34561705579,10727.121812665964,1,1,1,3,71.16654948368809,1,11686.0498046875,10882.25,-0.3290264542350041,7.033008884881342,1
2020-08-31,11387.5,11387.5,11794.25,11325.849609375,11777.5498046875,1371800,11794.25,,11341.400390625,11111.4501953125,HH,Bullish,Bullish_BOS,11343.824054905146,10993.430102661445,10733.69273990312,1,1,1,3,55.64857181566873,1,11794.25,10908.099609375,-3.4487144159230154,4.394902941782619,0
2020-09-01,11470.25,11470.25,11553.5498046875,11366.900390625,11464.2998046875,783800,,,11794.25,11111.4501953125,,Bullish,,11355.864621104656,11012.128922164917,10741.021667864283,1,1,1,3,58.731681481041235,1,11794.25,11064.0498046875,-2.74710134175552,3.671351833036818,1
2020-09-02,11535.0,11535.0,11554.75,11430.400390625,11478.5498046875,593500,,,11794.25,11111.4501953125,,Bullish,,11372.925133380402,11032.633670315312,10748.92194977608,1,1,1,3,61.015342010201664,1,11794.25,11111.4501953125,-2.198105008796658,3.8118319143092494,1
2020-09-03,11527.4501953125,11527.4501953125,11584.9501953125,11507.650390625,11566.2001953125,607100,,,11794.25,11111.4501953125,,Bullish,,11387.641805945363,11052.038239923046,10756.668499482912,1,1,1,3,60.59429832352545,1,11794.25,11111.4501953125,-2.2621175970282126,3.743885745674258,1
2020-09-04,11333.849609375,11333.849609375,11452.0498046875,11303.650390625,11354.400390625,681300,,,11794.25,11111.4501953125,,Bullish,,11382.518739605328,11063.089666176063,10762.41159510373,-1,1,1,1,50.89540245156963,0,11794.25,11111.4501953125,-3.9036004037984573,2.0015336446031373,0
2020-09-07,11355.0498046875,11355.0498046875,11381.150390625,11251.7001953125,11359.599609375,560300,,,11794.25,11111.4501953125,,Bullish,,11379.902650565535,11074.53908337259,10768.308492711529,-1,1,1,1,51.80512564329858,0,11794.25,11111.4501953125,-3.7238501414884384,2.192329579785768,0
2020-09-08,11317.349609375,11317.349609375,11437.25,11290.4501953125,11378.5498046875,572200,,,11794.25,11111.4501953125,,Bullish,,11373.9452180712,11084.06106478445,10773.771588399724,-1,1,1,1,50.030091034922734,0,11794.25,11111.4501953125,-4.04349908323971,1.8530381763251835,0
2020-09-09,11278.0,11278.0,11298.150390625,11185.150390625,11218.599609375,728900,,11185.150390625,11794.25,11111.4501953125,HL,Bullish,,11364.807578254895,11091.666513224276,10778.788786525101,-1,1,1,1,48.1747034250002,0,11794.25,11111.4501953125,-4.37713292494224,1.4989024993133704,0
2020-09-10,11449.25,11449.25,11464.0498046875,11327.400390625,11363.2998046875,679400,,,11794.25,11185.150390625,,Bullish,,11372.84971365919,11105.689395058618,10785.460042380573,1,1,1,3,55.8487013785331,1,11794.25,11111.4501953125,-2.9251542064989255,3.0401054655314397,1
2020-09-11,11464.4501953125,11464.4501953125,11493.5,11419.900390625,11447.7998046875,554800,,,11794.25,11185.150390625,,Bullish,,11381.573569054743,11119.758446048967,10792.21616330527,1,1,1,3,56.46490276808074,1,11794.25,11144.5,-2.796276191258451,2.8709246293014523,1
2020-09-14,11440.0498046875,11440.0498046875,11568.900390625,11383.5498046875,11540.150390625,642300,,,11794.25,11185.150390625,,Bullish,,11387.142734353101,11132.318891485773,10798.66226918967,1,1,1,3,55.13464420971933,1,11794.25,11185.150390625,-3.0031599746698556,2.278909135420726,0
2020-09-15,11521.7998046875,11521.7998046875,11535.9501953125,11442.25,11487.2001953125,506700,,,11794.25,11185.150390625,,Bullish,,11399.967217242092,11147.592652787802,10805.857667552833,1,1,1,3,58.64954771575366,1,11794.25,11185.150390625,-2.310025608347288,3.00978889246466,1
2020-09-16,11604.5498046875,11604.5498046875,11618.099609375,11516.75,11538.4501953125,527800,11618.099609375,,11794.25,11185.150390625,LH,Bearish,,11419.451273189274,11165.512541097594,10813.804852996958,1,1,1,3,61.903093532845745,1,11794.25,11185.150390625,-1.6084125341797928,3.749609074671234,1
2020-09-17,11516.099609375,11516.099609375,11587.2001953125,11498.5,11539.400390625,0,,,11618.099609375,11185.150390625,,Bearish,,11428.655876635534,11179.261053579063,10820.792860523108,1,1,1,3,56.762061609019,1,11794.25,11185.150390625,-2.358355899060982,2.9588267228609633,1
2020-09-18,11504.9501953125,11504.9501953125,11584.099609375,11446.099609375,11584.099609375,764200,,,11618.099609375,11185.150390625,,Bearish,,11435.922002223815,11192.033176784296,10827.600396192654,1,1,1,3,56.12926342755276,1,11794.25,11185.150390625,-2.4528885235390097,2.859146220828146,1
2020-09-21,11250.5498046875,11250.5498046875,11535.25,11218.5,11503.7998046875,602900,,,11618.099609375,11185.150390625,,Bearish,,11418.267507220356,11194.327946505991,10831.808848018474,-1,1,1,1,44.059537501111244,-1,11794.25,11185.150390625,-4.609875111283035,0.5846985671047911,0
2020-09-22,11153.650390625,11153.650390625,11302.2001953125,11084.650390625,11301.75,672200,,,11618.099609375,11185.150390625,,Bearish,Bearish_BOS,11393.065877068417,11192.732748236149,10835.011251427493,-1,1,1,1,40.488247597458766,-1,11794.25,11084.650390625,-5.431456933463341,0.6224824199990708,0
2020-09-23,11131.849609375,11131.849609375,11259.5498046875,11024.400390625,11258.75,714900,,,11618.099609375,11185.150390625,,Bearish,Bearish_BOS,11368.18813728809,11190.345174163163,10837.96486692946,-1,1,1,1,39.7084116033535,-1,11794.25,11024.400390625,-5.6162993884732,0.9746490960304222,0
2020-09-24,10805.5498046875,10805.5498046875,11015.2998046875,10790.2001953125,11011.0,706100,,10790.2001953125,11618.099609375,11185.150390625,LL,Bearish,Bearish_BOS,11314.603534183272,11175.255159673921,10837.642328996704,-1,1,1,1,30.301156174801704,-1,11794.25,10790.2001953125,-8.382900102274416,0.14225509348444465,-1
2020-09-25,11050.25,11050.25,11072.599609375,10854.849609375,10910.400390625,559600,,,11618.099609375,10790.2001953125,,Bearish,,11289.427007118198,11170.352996549454,10839.757828210668,-1,1,1,1,41.49492096902429,-1,11794.25,10790.2001953125,-6.308158636623784,2.410055420477475,0
2020-09-28,11227.5498046875,11227.5498046875,11239.349609375,11099.849609375,11140.849609375,472800,,,11618.099609375,10790.2001953125,,Bearish,,11283.533940220037,11172.5960086333,10843.616454842278,-1,1,1,1,48.01012473731544,0,11618.099609375,10790.2001953125,-3.3615635759599916,4.0532112607604365,0
2020-09-29,11222.400390625,11222.400390625,11305.400390625,11181.0,11288.599609375,498300,,,11618.099609375,10790.2001953125,,Bearish,,11277.711697401463,11174.549121652582,10847.385449228177,-1,1,1,1,47.84348006419633,0,11618.099609375,10790.2001953125,-3.4058859198512814,4.0054881975244205,0
2020-09-30,11247.5498046875,11247.5498046875,11295.400390625,11184.5498046875,11244.4501953125,499300,,,11618.099609375,10790.2001953125,,Bearish,,11274.839136190609,11177.411893536306,10851.36718410837,-1,1,1,1,48.77859465030309,0,11618.099609375,10790.2001953125,-3.189418382921183,4.2385646336171146,0
2020-10-01,11416.9501953125,11416.9501953125,11428.599609375,11347.0498046875,11364.4501953125,447700,,,11618.099609375,10790.2001953125,,Bearish,,11288.373522773645,11186.80555242949,10856.994875762144,1,1,1,3,54.67353355632544,0,11618.099609375,10790.2001953125,-1.7313452356716441,5.808511321896259,1
2020-10-05,11503.349609375,11503.349609375,11578.0498046875,11452.2998046875,11487.7998046875,530600,,,11618.099609375,10790.2001953125,,Bearish,,11308.847435783298,11199.219044858726,10863.42626614635,1,1,1,3,57.36841912828583,1,11618.099609375,10790.2001953125,-0.9876830450601837,6.609232462362535,1
2020-10-06,11662.400390625,11662.400390625,11680.2998046875,11564.2998046875,11603.4501953125,561400,,,11618.099609375,10790.2001953125,,Bearish,Bullish_BOS,11342.519145768223,11217.383019202502,10871.376257434695,1,1,1,3,61.86351371904305,1,11680.2998046875,10790.2001953125,-0.15324447455806745,8.083262400371428,1
2020-10-07,11738.849609375,11738.849609375,11763.0498046875,11629.349609375,11679.25,513400,,,11618.099609375,10790.2001953125,,Bearish,Bullish_BOS,11380.264904206964,11237.832689405344,10880.007833075892,1,1,1,3,63.837257113043115,1,11763.0498046875,10790.2001953125,-0.2057306201564857,8.791768427749979,1
2020-10-08,11834.599609375,11834.599609375,11905.7001953125,11791.150390625,11835.400390625,608800,,,11618.099609375,10790.2001953125,,Bearish,Bullish_BOS,11423.534876127731,11261.235313717882,10889.506258710708,1,1,1,3,66.19695422344721,1,11905.7001953125,10790.2001953125,-0.5971978528864108,9.679147700301339,1
2020-10-09,11914.2001953125,11914.2001953125,11938.599609375,11805.2001953125,11852.0498046875,611100,,,11618.099609375,10790.2001953125,,Bearish,Bullish_BOS,11470.26490652628,11286.84177966277,10899.702218278884,1,1,1,3,68.06271133678887,1,11938.599609375,10790.2001953125,-0.2043741716854286,10.416859554545521,1
2020-10-12,11930.9501953125,11930.9501953125,12022.0498046875,11867.2001953125,11973.5498046875,522600,,,11618.099609375,10790.2001953125,,Bearish,Bullish_BOS,11514.139695934491,11312.100933217662,10909.963392179718,1,1,1,3,68.45724325984143,1,12022.0498046875,10790.2001953125,-0.7577710195434295,10.572093004312988,1
2020-10-13,11934.5,11934.5,11988.2001953125,11888.900390625,11934.650390625,458300,,,11618.099609375,10790.2001953125,,Bearish,Bullish_BOS,11554.174010607398,11336.508739758145,10920.157786287382,1,1,1,3,68.54592523371409,1,12022.0498046875,10790.2001953125,-0.728243570022169,10.60499141790352,1
2020-10-14,11971.0498046875,11971.0498046875,11997.2001953125,11822.150390625,11917.400390625,569200,,,11618.099609375,10790.2001953125,,Bearish,Bullish_BOS,11593.876467186456,11361.392703088708,10930.614423286388,1,1,1,3,69.49684898423362,1,12022.0498046875,10790.2001953125,-0.4242205017326972,10.943722896707575,1
2020-10-15,11680.349609375,11680.349609375,12025.4501953125,11661.2998046875,12023.4501953125,608900,12025.4501953125,11661.2998046875,11618.099609375,10790.2001953125,HL,Bullish,Bullish_BOS,11602.112004537745,11373.90081706072,10938.074474889261,1,1,1,3,55.20228844602238,1,12025.4501953125,10790.2001953125,-2.8697519039413533,8.249609812144175,1
2020-10-16,11762.4501953125,11762.4501953125,11789.75,11667.849609375,11727.400390625,555800,,,12025.4501953125,11661.2998046875,,Bullish,,11617.382308421056,11389.138047580398,10946.27721837606,1,1,1,3,57.83979772729494,1,12025.4501953125,10790.2001953125,-2.1870283085328235,9.010490837995455,1
2020-10-19,11873.0498046875,11873.0498046875,11898.25,11820.400390625,11879.2001953125,541400,,,12025.4501953125,11661.2998046875,,Bullish,,11641.731593779765,11408.114979231657,10955.498836150304,1,1,1,3,61.1574996585086,1,12025.4501953125,10790.2001953125,-1.2673154696894895,10.035491369709849,1
2020-10-20,11896.7998046875,11896.7998046875,11949.25,11837.25,11861.0,453600,,,12025.4501953125,11661.2998046875,,Bullish,,11666.023804342407,11427.279090033848,10964.865014941719,1,1,1,3,61.851731006431926,1,12025.4501953125,10790.2001953125,-1.0698176661622871,10.255598499977147,1
2020-10-21,11937.650390625,11937.650390625,12018.650390625,11775.75,11958.5498046875,623700,,,12025.4501953125,11661.2998046875,,Bullish,,11691.893003035988,11447.293650841344,10974.54447141618,1,1,1,3,63.07422305656227,1,12025.4501953125,10790.2001953125,-0.7301165716167901,10.634188194311523,1
2020-10-22,11896.4501953125,11896.4501953125,11939.5498046875,11823.4501953125,11890.0,544900,,,12025.4501953125,11661.2998046875,,Bullish,,11711.374640395657,11464.907632977469,10983.717662698731,1,1,1,3,60.95269024009592,1,12025.4501953125,10790.2001953125,-1.0727249117898685,10.25235843613521,1
2020-10-23,11930.349609375,11930.349609375,11974.5498046875,11908.75,11957.900390625,502300,,,12025.4501953125,11661.2998046875,,Bullish,,11732.22939934607,11483.160259502862,10993.136886048744,1,1,1,3,62.08277745614919,1,12025.4501953125,10854.849609375,-0.7908276562865857,9.90801382518578,1
2020-10-26,11767.75,11767.75,11942.849609375,11711.7001953125,11937.400390625,519800,,,12025.4501953125,11661.2998046875,,Bullish,,11735.612313694064,11494.32064148314,11000.844479222389,1,1,1,3,54.00864102366369,0,12025.4501953125,11099.849609375,-2.14295673864211,6.017202161558011,1
2020-10-27,11889.400390625,11889.400390625,11899.0498046875,11723.0,11807.099609375,616300,,,12025.4501953125,11661.2998046875,,Bullish,,11750.258797211296,11509.813964978901,11009.685831574654,1,1,1,3,58.37080195116168,1,12025.4501953125,11181.0,-1.1313489514141573,6.335751637823095,1
2020-10-28,11729.599609375,11729.599609375,11929.400390625,11684.849609375,11922.599609375,704000,,,12025.4501953125,11661.2998046875,,Bullish,,11748.291255512602,11518.43300985718,11016.849152746798,-1,1,1,1,51.46537330679066,0,12025.4501953125,11184.5498046875,-2.460203827153362,4.873238656946799,1
2020-10-29,11670.7998046875,11670.7998046875,11744.150390625,11606.4501953125,11633.2998046875,555000,,,12025.4501953125,11661.2998046875,,Bullish,,11740.911117338783,11524.408178281901,11023.3561244079,-1,1,1,1,49.160774326799086,0,12025.4501953125,11347.0498046875,-2.949165186042202,2.853164527983809,1
2020-10-30,11642.400390625,11642.400390625,11748.9501953125,11535.4501953125,11678.4501953125,553700,,11535.4501953125,12025.4501953125,11661.2998046875,LL,Bearish,Bearish_BOS,11731.529143366042,11529.035323863984,11029.51576884787,-1,1,1,1,48.041806128097505,0,12025.4501953125,11452.2998046875,-3.185326108097075,1.659933717939266,0
2020-11-02,11669.150390625,11669.150390625,11725.650390625,11557.400390625,11697.349609375,568400,,,12025.4501953125,11535.4501953125,,Bearish,,11725.588309771658,11534.530032364415,11035.880292447642,-1,1,1,1,49.21437647741627,0,12025.4501953125,11535.4501953125,-2.962881213598012,1.159037515214023,1
2020-11-03,11813.5,11813.5,11836.2001953125,11723.2998046875,11734.4501953125,674300,,,12025.4501953125,11535.4501953125,,Bearish,,11733.960851698168,11545.470031095223,11043.617801975526,1,1,1,3,55.102579334414415,1,12025.4501953125,11535.4501953125,-1.7625136013212916,2.4103940460034057,1
2020-11-04,11908.5,11908.5,11929.650390625,11756.400390625,11783.349609375,667300,,,12025.4501953125,11535.4501953125,,Bearish,,11750.583627726914,11559.706500464039,11052.223594990695,1,1,1,3,58.51182996710608,1,12025.4501953125,11535.4501953125,-0.9725223872124711,3.233942311493765,1
2020-11-05,12120.2998046875,12120.2998046875,12131.099609375,12027.599609375,12062.400390625,632500,,,12025.4501953125,11535.4501953125,,Bearish,Bullish_BOS,11785.79469219935,11581.690551610058,11062.851218967779,1,1,1,3,64.90939896342613,1,12131.099609375,11535.4501953125,-0.08902576876999024,5.070019803931514,1
2020-11-06,12263.5498046875,12263.5498046875,12280.400390625,12131.849609375,12156.650390625,576800,,,12025.4501953125,11535.4501953125,,Bearish,Bullish_BOS,11831.295179102983,11608.430130162114,11074.798468576932,1,1,1,3,68.45268974742915,1,12280.400390625,11535.4501953125,-0.13721528127343952,6.311843898999858,1
2020-11-09,12461.0498046875,12461.0498046875,12474.0498046875,12367.349609375,12399.400390625,553400,,,12025.4501953125,11535.4501953125,,Bearish,Bullish_BOS,11891.271810111033,11641.866195829776,11088.592014209873,1,1,1,3,72.56575955979193,1,12474.0498046875,11535.4501953125,-0.10421635478090607,8.023957398308767,1
2020-11-10,12631.099609375,12631.099609375,12643.900390625,12475.25,12556.400390625,847500,,,12025.4501953125,11535.4501953125,,Bearish,Bullish_BOS,11961.731600517127,11680.659663027629,11103.940348490123,1,1,1,3,75.5246347510992,1,12643.900390625,11535.4501953125,-0.10124076317060693,9.498107100386278,1
2020-11-11,12749.150390625,12749.150390625,12769.75,12571.099609375,12680.599609375,880500,,,12025.4501953125,11535.4501953125,,Bearish,Bullish_BOS,12036.723866241686,11722.56126018831,11120.310597665595,1,1,1,3,77.35089304014515,1,12769.75,11535.4501953125,-0.16131568257014006,10.521480954472807,1
2020-11-12,12690.7998046875,12690.7998046875,12741.150390625,12624.849609375,12702.150390625,622000,,,12025.4501953125,11535.4501953125,,Bearish,Bullish_BOS,12099.016812760336,11760.53139918828,11135.937355944421,1,1,1,3,74.39598770720472,1,12769.75,11535.4501953125,-0.618259522014919,10.015643861428858,1
2020-11-13,12719.9501953125,12719.9501953125,12735.9501953125,12607.7001953125,12659.7001953125,513900,,,12025.4501953125,11535.4501953125,,Bearish,Bullish_BOS,12158.153325384352,11798.155665702954,11151.698677729179,1,1,1,3,74.91161370755843,1,12769.75,11535.4501953125,-0.3899826127175543,10.268346531298178,1
2020-11-17,12874.2001953125,12874.2001953125,12934.0498046875,12797.099609375,12932.5,707700,,,12025.4501953125,11535.4501953125,,Bearish,Bullish_BOS,12226.34826537751,11840.353490393525,11168.837996312097,1,1,1,3,77.49437002679376,1,12934.0498046875,11535.4501953125,-0.46272907773488026,11.605528846581215,1
2020-11-18,12938.25,12938.25,12948.849609375,12819.349609375,12860.099609375,731300,,,12025.4501953125,11535.4501953125,,Bearish,Bullish_BOS,12294.148430579653,11883.408255476132,11186.444085901032,1,1,1,3,78.48482101264273,1,12948.849609375,11535.4501953125,-0.08185753711531518,12.160772062953695,1
2020-11-19,12771.7001953125,12771.7001953125,12963.0,12745.75,12839.5,768800,,,12025.4501953125,11535.4501953125,,Bearish,Bullish_BOS,12339.629551030399,11918.24323350893,11202.217778531991,1,1,1,3,69.87357882788031,1,12963.0,11535.4501953125,-1.4757371340546221,10.716963612762665,1
2020-11-20,12859.0498046875,12859.0498046875,12892.4501953125,12730.25,12813.400390625,664000,,,12025.4501953125,11535.4501953125,,Bearish,Bullish_BOS,12389.09814661679,11955.137608849267,11218.70366933951,1,1,1,3,71.63157101217426,1,12963.0,11535.4501953125,-0.8018992155558125,11.474191184257831,1
2020-11-23,12926.4501953125,12926.4501953125,12968.849609375,12825.7001953125,12960.2998046875,633100,,,12025.4501953125,11535.4501953125,,Bearish,Bullish_BOS,12440.274532206857,11993.228298514492,11235.69617208551,1,1,1,3,72.94354844482473,1,12968.849609375,11535.4501953125,-0.3269327298841551,12.05848039260089,1
2020-11-24,13055.150390625,13055.150390625,13079.099609375,12978.0,13002.599609375,571900,,,12025.4501953125,11535.4501953125,,Bearish,Bullish_BOS,12498.83413777049,12034.872302126669,11253.800194160533,1,1,1,3,75.29322762609576,1,13079.099609375,11535.4501953125,-0.1831106074980382,13.174173262262778,1
2020-11-25,12858.400390625,12858.400390625,13145.849609375,12833.650390625,13130.0,679000,,,12025.4501953125,11535.4501953125,,Bearish,Bullish_BOS,12533.078542804253,12067.167521283467,11269.766365269632,1,1,1,3,65.87482174892432,1,13145.849609375,11535.4501953125,-2.1866157554777166,11.46856145978672,1
2020-11-26,12987.0,12987.0,13018.0,12790.400390625,12906.4501953125,549800,,,12025.4501953125,11535.4501953125,,Bearish,Bullish_BOS,12576.309157775277,12103.23938319392,11286.853267107746,1,1,1,3,68.63639784806404,1,13145.849609375,11535.4501953125,-1.2083632027991231,12.583382357086915,1
2020-11-27,12968.9501953125,12968.9501953125,13035.2998046875,12914.2998046875,13012.0498046875,1162400,,,12025.4501953125,11535.4501953125,,Bearish,Bullish_BOS,12613.703542302632,12137.188826806414,11303.590549975457,1,1,1,3,67.80697876779325,1,13145.849609375,11535.4501953125,-1.345667410772322,12.426909879793957,1
2020-12-01,13109.0498046875,13109.0498046875,13128.400390625,12962.7998046875,13062.2001953125,583600,,,12025.4501953125,11535.4501953125,,Bearish,Bullish_BOS,12660.879376815476,12175.301022017436,11321.55531867906,1,1,1,3,70.76049063817396,1,13145.849609375,11557.400390625,-0.27993477622972884,13.425591929143078,1
2020-12-02,13113.75,13113.75,13128.5,12983.5498046875,13121.400390625,717700,,,12025.4501953125,11535.4501953125,,Bearish,Bullish_BOS,12704.009912356858,12212.102942722635,11339.388101577777,1,1,1,3,70.85708984624678,1,13145.849609375,11723.2998046875,-0.244180561384999,11.86057013364561,1
2020-12-03,13133.900390625,13133.900390625,13216.599609375,13107.900390625,13215.2998046875,713700,,,12025.4501953125,11535.4501953125,,Bearish,Bullish_BOS,12744.95186266811,12248.251862248217,11357.24394524989,1,1,1,3,71.29492876437547,1,13216.599609375,11756.400390625,-0.6257223582027738,11.71702182836909,1
2020-12-04,13258.5498046875,13258.5498046875,13280.0498046875,13152.849609375,13177.400390625,640500,,,12025.4501953125,11535.4501953125,,Bearish,Bullish_BOS,12793.865952384242,12287.871389402699,11376.16241151295,1,1,1,3,73.90651836392229,1,13280.0498046875,12027.599609375,-0.16189698319061252,10.234379554445994,1
2020-12-07,13355.75,13355.75,13366.650390625,13241.9501953125,13264.849609375,591700,,,12025.4501953125,11535.4501953125,,Bearish,Bullish_BOS,12847.378718823838,12329.748981975143,11395.859800453121,1,1,1,3,75.75862160506092,1,13366.650390625,12131.849609375,-0.08154915634395188,10.088324781731718,1
2020-12-08,13392.9501953125,13392.9501953125,13435.4501953125,13311.0498046875,13393.849609375,543200,,,12025.4501953125,11535.4501953125,,Bearish,Bullish_BOS,12899.337907060853,12371.44314720406,11415.73134667063,1,1,1,3,76.44763929307192,1,13435.4501953125,12367.349609375,-0.3163273234776165,8.292808227561132,1
2020-12-09,13529.099609375,13529.099609375,13548.900390625,13449.599609375,13458.099609375,502600,,,12025.4501953125,11535.4501953125,,Bearish,Bullish_BOS,12959.315212043153,12416.841439838214,11436.759886598036,1,1,1,3,78.82036124654324,1,13548.900390625,12475.25,-0.14614308673861487,8.447522970481547,1
2020-12-10,13478.2998046875,13478.2998046875,13503.5498046875,13399.2998046875,13488.5,553400,,,12025.4501953125,11535.4501953125,,Bearish,Bullish_BOS,13008.742316104519,12458.467258067598,11457.073716628778,1,1,1,3,75.75382623662587,1,13548.900390625,12571.099609375,-0.5210798212550993,7.216554028702049,1
2020-12-11,13513.849609375,13513.849609375,13579.349609375,13402.849609375,13512.2998046875,787700,,,12025.4501953125,11535.4501953125,,Bearish,Bullish_BOS,13056.84777260647,12499.854801256124,11477.539148397398,1,1,1,3,76.44448259483276,1,13579.349609375,12607.7001953125,-0.4823500527210811,7.18726968459642,1
2020-12-14,13558.150390625,13558.150390625,13597.5,13472.4501953125,13571.4501953125,558400,,,12025.4501953125,11535.4501953125,,Bearish,Bullish_BOS,13104.590879084426,12541.356589074512,11498.241747822549,1,1,1,3,77.31179928938644,1,13597.5,12607.7001953125,-0.28938855947784337,7.538648449666296,1
2020-12-15,13567.849609375,13567.849609375,13589.650390625,13447.0498046875,13547.2001953125,497600,,,12025.4501953125,11535.4501953125,,Bearish,Bullish_BOS,13148.71075815972,12581.611217321592,11518.834860872823,1,1,1,3,77.50707179879299,1,13597.5,12730.25,-0.21805766225408973,6.579600631370153,1
2020-12-16,13682.7001953125,13682.7001953125,13692.349609375,13606.4501953125,13663.099609375,462200,,,12025.4501953125,11535.4501953125,,Bearish,Bullish_BOS,13199.566895031414,12624.791177242803,11540.365859225456,1,1,1,3,79.73161729413962,1,13692.349609375,12730.25,-0.07047303302782915,7.481787045128718,1
2020-12-17,13740.7001953125,13740.7001953125,13773.25,13673.5498046875,13713.5498046875,416000,,,12025.4501953125,11535.4501953125,,Bearish,Bullish_BOS,13251.10339982009,12668.552315206322,11562.259733216371,1,1,1,3,80.76614266838087,1,13773.25,12730.25,-0.2363262460748139,7.937394751183202,1
2020-12-18,13760.5498046875,13760.5498046875,13772.849609375,13658.599609375,13764.400390625,519400,,,12025.4501953125,11535.4501953125,,Bearish,Bullish_BOS,13299.622105045557,12711.375746166368,11584.133266265835,1,1,1,3,81.1212855572509,1,13773.25,12730.25,-0.0922091395458624,8.09331949244909,1
2020-12-21,13328.400390625,13328.400390625,13777.5,13131.4501953125,13741.900390625,687300,,13131.4501953125,12025.4501953125,11535.4501953125,HL,Bullish,Bullish_BOS,13302.36289414836,12735.5727910471,11601.489158050505,1,1,1,3,56.612739380262035,1,13777.5,12790.400390625,-3.259659657956815,4.206279581320516,0
2020-12-22,13466.2998046875,13466.2998046875,13492.0498046875,13192.900390625,13373.650390625,696200,,,12025.4501953125,13131.4501953125,,Bullish,Bullish_BOS,13317.975933247326,12764.22875236633,11620.044487867788,1,1,1,3,60.693663070546194,1,13777.5,12790.400390625,-2.2587566344583587,5.284427331594044,1
2020-12-23,13601.099609375,13601.099609375,13619.4501953125,13432.2001953125,13473.5,458700,,,12025.4501953125,13131.4501953125,,Bullish,Bullish_BOS,13344.940092878533,12797.047217347064,11639.756479126567,1,1,1,3,64.23499072475894,1,13777.5,12790.400390625,-1.2803512293594665,6.338341208960263,1
2020-12-24,13749.25,13749.25,13771.75,13626.900390625,13672.150390625,471400,,,12025.4501953125,13131.4501953125,,Bullish,Bullish_BOS,13383.445798318673,12834.388502941298,11660.746464408889,1,1,1,3,67.68130999579724,1,13777.5,12790.400390625,-0.20504445654145886,7.496634820578474,1
2020-12-28,13873.2001953125,13873.2001953125,13885.2998046875,13811.5498046875,13815.150390625,403600,,,12025.4501953125,13131.4501953125,,Bullish,Bullish_BOS,13430.089074222848,12875.126216367618,11682.760929393005,1,1,1,3,70.263105698386,1,13885.2998046875,12914.2998046875,-0.08713970562533868,7.425105542903299,1
2020-12-29,13932.599609375,13932.599609375,13967.599609375,13859.900390625,13910.349609375,439600,,,12025.4501953125,13131.4501953125,,Bullish,Bullish_BOS,13477.947220427814,12916.595761191438,11705.14738392019,1,1,1,3,71.44054276368817,1,13967.599609375,12962.7998046875,-0.2505799205219761,7.481406943712954,1
2020-12-30,13981.9501953125,13981.9501953125,13997.0,13864.9501953125,13980.900390625,380700,,,12025.4501953125,13131.4501953125,,Bullish,Bullish_BOS,13525.947503750165,12958.374366451088,11727.802138262403,1,1,1,3,72.41770642127621,1,13997.0,12983.5498046875,-0.10752164526327546,7.689733590920911,1
2020-12-31,13981.75,13981.75,14024.849609375,13936.4501953125,13970.0,452400,,,12025.4501953125,13131.4501953125,,Bullish,Bullish_BOS,13569.35726529777,12998.50674423732,11750.22948017024,1,1,1,3,72.40688352524103,1,14024.849609375,13107.900390625,-0.30730888797687594,6.66658719805342,1
2021-01-01,14018.5,14018.5,14049.849609375,13991.349609375,13996.099609375,358100,,,12025.4501953125,13131.4501953125,,Bullish,Bullish_BOS,13612.132763840838,13038.506479757425,11772.799336088945,1,1,1,3,73.1987321771854,1,14049.849609375,13131.4501953125,-0.22313128073685462,6.755154925722895,1
2021-01-04,14132.900390625,14132.900390625,14147.9501953125,13953.75,14104.349609375,495000,,,12025.4501953125,13131.4501953125,,Bullish,Bullish_BOS,13661.729680677425,13081.423888026742,11796.282928671393,1,1,1,3,75.55085477841092,1,14147.9501953125,13131.4501953125,-0.1063744533995159,7.626348807003702,1
2021-01-05,14199.5,14199.5,14215.599609375,14048.150390625,14075.150390625,492500,,,12025.4501953125,13131.4501953125,,Bullish,Bullish_BOS,13712.94590156529,13125.270010064909,11820.195536346306,1,1,1,3,76.8259299513916,1,14215.599609375,13131.4501953125,-0.11325311501023672,8.13352515374699,1
2021-01-06,14146.25,14146.25,14244.150390625,14039.900390625,14240.9501953125,632300,,,12025.4501953125,13131.4501953125,,Bullish,Bullish_BOS,13754.212958559072,13165.308441042756,11843.340356880173,1,1,1,3,73.52424742749261,1,14244.150390625,13131.4501953125,-0.6873024219783197,7.7280101557233305,1
2021-01-07,14137.349609375,14137.349609375,14256.25,14123.099609375,14253.75,559200,,,12025.4501953125,13131.4501953125,,Bullish,Bullish_BOS,13790.702163398684,13203.427702545981,11866.166319591566,1,1,1,3,72.95984931553407,1,14256.25,13131.4501953125,-0.8340229066199023,7.6602309653626355,1
2021-01-08,14347.25,14347.25,14367.2998046875,14221.650390625,14258.400390625,613500,,,12025.4501953125,13131.4501953125,,Bullish,Bullish_BOS,13843.706719265476,13248.283478916728,11890.853719396626,1,1,1,3,77.37148704227423,1,14367.2998046875,13131.4501953125,-0.1395516552174847,9.258686486291513,1
2021-01-11,14484.75,14484.75,14498.2001953125,14383.099609375,14474.0498046875,672900,,,12025.4501953125,13131.4501953125,,Bullish,Bullish_BOS,13904.758460287812,13296.772362096464,11916.66363263646,1,1,1,3,79.70713910661425,1,14498.2001953125,13131.4501953125,-0.0927714828827475,10.305790941282211,1
2021-01-12,14563.4501953125,14563.4501953125,14590.650390625,14432.849609375,14473.7998046875,929600,,,12025.4501953125,13131.4501953125,,Bullish,Bullish_BOS,13967.491006480639,13346.44600261474,11942.999817339705,1,1,1,3,80.92099110700667,1,14590.650390625,13131.4501953125,-0.18642208938113303,10.905116942157523,1
2021-01-13,14564.849609375,14564.849609375,14653.349609375,14435.7001953125,14639.7998046875,874000,,,12025.4501953125,13131.4501953125,,Bullish,Bullish_BOS,14024.382301994388,13394.226536213182,11969.087874971898,1,1,1,3,80.9428202254787,1,14653.349609375,13131.4501953125,-0.6039574729274078,10.915773907242766,1
2021-01-14,14595.599609375,14595.599609375,14617.7998046875,14471.5,14550.0498046875,620200,,,12025.4501953125,13131.4501953125,,Bullish,Bullish_BOS,14078.78395031635,13441.33920574894,11995.222320090337,1,1,1,3,81.44518658396966,1,14653.349609375,13131.4501953125,-0.3941078425034772,11.1499445399043,1
2021-01-15,14433.7001953125,14433.7001953125,14617.4501953125,14357.849609375,14594.349609375,789600,,,12025.4501953125,13131.4501953125,,Bullish,Bullish_BOS,14112.585497458842,13480.255322986728,12019.485781535335,1,1,1,3,70.85471045376131,1,14653.349609375,13131.4501953125,-1.4989706784991452,9.917031101902673,1
2021-01-18,14281.2998046875,14281.2998046875,14459.150390625,14222.7998046875,14453.2998046875,762000,,,12025.4501953125,13131.4501953125,,Bullish,Bullish_BOS,14128.653526718714,13511.668832073034,12041.991393706005,1,1,1,3,62.6025515157873,1,14653.349609375,13131.4501953125,-2.539008585787561,8.756455625788062,1
2021-01-19,14521.150390625,14521.150390625,14546.0498046875,14350.849609375,14371.650390625,546100,,,12025.4501953125,13131.4501953125,,Bullish,Bullish_BOS,14166.034180424074,13551.25634417311,12066.659642431567,1,1,1,3,68.7676842330876,1,14653.349609375,13192.900390625,-0.9021774698217855,10.06791501998958,1
2021-01-20,14644.7001953125,14644.7001953125,14666.4501953125,14517.5498046875,14538.2998046875,623100,,,12025.4501953125,13131.4501953125,,Bullish,Bullish_BOS,14211.621419937257,13594.136495198185,12092.311787236353,1,1,1,3,71.38458066389174,1,14666.4501953125,13432.2001953125,-0.14829764333125217,9.026816026931561,1
2021-01-21,14590.349609375,14590.349609375,14753.5498046875,14517.25,14730.9501953125,704600,14753.5498046875,,12025.4501953125,13131.4501953125,HH,Bullish,Bullish_BOS,14247.69077131228,13633.203676146295,12117.167884969076,1,1,1,3,68.6591953697381,1,14753.5498046875,13626.900390625,-1.106175784628105,7.070200787648173,1
2021-01-22,14371.900390625,14371.900390625,14619.900390625,14357.75,14583.400390625,776800,,,14753.5498046875,13131.4501953125,,Bullish,,14259.520258865872,13662.172174753305,12139.603034279085,1,1,1,3,58.922037709309365,1,14753.5498046875,13811.5498046875,-2.586831095667852,4.057115920092635,1
2021-01-25,14238.900390625,14238.900390625,14491.099609375,14218.599609375,14477.7998046875,618600,,,14753.5498046875,13131.4501953125,,Bullish,,14257.556461890552,13684.788967532588,12160.491565188002,-1,1,1,1,53.90921517085146,0,14753.5498046875,13859.900390625,-3.488309056976824,2.7345073869099457,0
2021-01-27,13967.5,13967.5,14237.9501953125,13929.2998046875,14237.9501953125,660700,,,14753.5498046875,13131.4501953125,,Bullish,,14229.932036948594,13695.875674688172,12178.471748618967,-1,1,1,1,45.41789716282567,0,14753.5498046875,13864.9501953125,-5.327868988097739,0.7396334155038709,0
2021-01-28,13817.5498046875,13817.5498046875,13898.25,13713.25,13810.400390625,637900,,,14753.5498046875,13131.4501953125,,Bullish,,14190.657538638014,13700.647209197949,12194.78098300771,-1,1,1,1,41.526064803446175,-1,14753.5498046875,13713.25,-6.3442358780841595,0.7605768485771103,0
2021-01-29,13634.599609375,13634.599609375,13966.849609375,13596.75,13946.599609375,753200,,13596.75,14753.5498046875,13131.4501953125,HL,Bullish,,14137.699640612966,13698.057107244109,12209.107536503901,-1,1,1,1,37.32379943438641,-1,14753.5498046875,13596.75,-7.584277750951751,0.27837247412065835,-1
2021-02-01,14281.2001953125,14281.2001953125,14336.349609375,13661.75,13758.599609375,870500,,,14753.5498046875,13596.75,,Bullish,,14151.36636010816,13720.925463638947,12229.725373904983,1,1,1,3,54.7519256941663,0,14753.5498046875,13596.75,-3.2015997209358105,5.033924984371274,0
2021-02-02,14647.849609375,14647.849609375,14731.7001953125,14469.150390625,14481.099609375,915000,,,14753.5498046875,13596.75,,Bullish,,14198.650479085954,13757.275430138401,12253.786311571352,1,1,1,3,61.31994865918894,1,14753.5498046875,13596.75,-0.7164390720321268,7.730520965488075,1
2021-02-03,14789.9501953125,14789.9501953125,14868.849609375,14574.150390625,14754.900390625,869500,,,14753.5498046875,13596.75,,Bullish,Bullish_BOS,14254.964737774197,13797.772479753072,12279.021773101114,1,1,1,3,63.52950834023562,1,14868.849609375,13596.75,-0.5306356317757999,8.775627964862931,1
2021-02-04,14895.650390625,14895.650390625,14913.7001953125,14714.75,14789.0498046875,884700,,,14753.5498046875,13596.75,,Bullish,Bullish_BOS,14315.982418998083,13840.82651547354,12305.057878748117,1,1,1,3,65.125361801552,1,14913.7001953125,13596.75,-0.1210283460919559,9.553021057421818,1
2021-02-05,14924.25,14924.25,15014.650390625,14864.75,14952.599609375,935600,,,14753.5498046875,13596.75,,Bullish,Bullish_BOS,14373.912664807789,13883.313710945167,12331.119491894902,1,1,1,3,65.56442568797044,1,15014.650390625,13596.75,-0.6020812224935002,9.763362568260803,1
2021-02-08,15115.7998046875,15115.7998046875,15159.900390625,15041.0498046875,15064.2998046875,671200,,,14753.5498046875,13596.75,,Bullish,Bullish_BOS,14444.56858289157,13931.646498935062,12358.827753713735,1,1,1,3,68.43113265641932,1,15159.900390625,13596.75,-0.29090287403716886,11.17215367413169,1
2021-02-09,15109.2998046875,15109.2998046875,15257.099609375,15064.2998046875,15164.150390625,713300,,,14753.5498046875,13596.75,,Bullish,Bullish_BOS,14507.876318300707,13977.82898151359,12386.195634817952,1,1,1,3,68.22358071133417,1,15257.099609375,13596.75,-0.9687280575705337,11.12434813236618,1
2021-02-10,15106.5,15106.5,15168.25,14977.2001953125,15119.0498046875,624800,,,14753.5498046875,13596.75,,Bullish,Bullish_BOS,14564.888097510164,14022.090590081685,12413.263339944142,1,1,1,3,68.12772984115436,1,15257.099609375,13596.75,-0.9870788893746263,11.103756412377951,1
2021-02-11,15173.2998046875,15173.2998046875,15188.5,15065.400390625,15073.25,500100,,,14753.5498046875,13596.75,,Bullish,Bullish_BOS,14622.83206962229,14067.236049477993,12440.726389344574,1,1,1,3,69.23819640159336,1,15257.099609375,13596.75,-0.549251213094315,11.595048851287991,1
2021-02-12,15163.2998046875,15163.2998046875,15243.5,15081.0,15186.2001953125,571800,,,14753.5498046875,13596.75,,Bullish,Bullish_BOS,14674.305187247548,14110.218941839152,12467.816672084306,1,1,1,3,68.85145992932355,1,15257.099609375,13596.75,-0.6147944700437225,11.521501863956463,1
2021-02-15,15314.7001953125,15314.7001953125,15340.150390625,15243.400390625,15270.2998046875,456000,,,14753.5498046875,13596.75,,Bullish,Bullish_BOS,14735.29518801564,14157.45350079889,12496.143871320408,1,1,1,3,71.45141394913,1,15340.150390625,13596.75,-0.16590577448349908,12.635006125085035,1
2021-02-16,15313.4501953125,15313.4501953125,15431.75,15242.2001953125,15371.4501953125,648500,15431.75,,14753.5498046875,13596.75,HH,Bullish,Bullish_BOS,14790.35756966296,14202.786704505308,12524.176770066599,1,1,1,3,71.39842512228317,1,15431.75,13596.75,-0.7666000595363487,12.625812751668608,1
2021-02-17,15208.900390625,15208.900390625,15314.2998046875,15170.75,15279.900390625,504800,,,15431.75,13596.75,,Bullish,,14830.218790706964,14242.242143176669,12550.890437932852,1,1,1,3,66.9277067042764,1,15431.75,13596.75,-1.4440981053671864,11.85688043558204,1
2021-02-18,15118.9501953125,15118.9501953125,15250.75,15078.0498046875,15238.7001953125,770600,,,15431.75,13596.75,,Bullish,,14857.717019717014,14276.622851103564,12576.443271339616,1,1,1,3,63.257709642230296,1,15431.75,13596.75,-2.0269885443160995,11.195323848070316,1
2021-02-19,14981.75,14981.75,15144.0498046875,14898.2001953125,15074.7998046875,712200,,,15431.75,13596.75,,Bullish,,14869.529684505871,14304.274896158327,12600.376671624794,1,1,1,3,58.03068252281024,1,15431.75,13596.75,-2.9160659030894043,10.186257745417105,1
2021-02-22,14675.7001953125,14675.7001953125,15010.099609375,14635.0498046875,14999.0498046875,609900,,,15431.75,13596.75,,Bullish,,14851.069733154121,14318.840594164372,12621.02665693512,-1,1,1,1,48.41937395773434,0,15431.75,13596.75,-4.899313458859167,7.935353634600184,0
2021-02-23,14707.7998046875,14707.7998046875,14854.5,14651.849609375,14782.25,744100,,,15431.75,13596.75,,Bullish,,14837.424978062061,14334.093896537828,12641.790568853055,-1,1,1,1,49.3666013426861,0,15431.75,13596.75,-4.691303289079329,8.171436591005211,0
2021-02-24,14982.0,14982.0,15008.7998046875,14504.5,14729.150390625,403800,,,15431.75,13596.75,,Bullish,,14851.194027770436,14359.501979026541,12665.076234834618,1,1,1,3,56.68417240383049,1,15431.75,13596.75,-2.914445866476578,10.18809642010039,1
2021-02-25,15097.349609375,15097.349609375,15176.5,15065.349609375,15079.849609375,803900,,,15431.75,13596.75,,Bullish,,14874.63741649468,14388.437180216677,12689.277959954425,1,1,1,3,59.345921080083386,1,15431.75,13596.75,-2.166963504625208,11.036458046040408,1
2021-02-26,14529.150390625,14529.150390625,14919.4501953125,14467.75,14888.599609375,1103600,,14467.75,15431.75,13596.75,HL,Bullish,,14841.733890221376,14393.955345330729,12707.585148319307,-1,1,1,1,44.75630553826172,-1,15431.75,13661.75,-5.848977655645015,6.349116259812981,0
2021-03-01,14761.5498046875,14761.5498046875,14806.7998046875,14638.5498046875,14702.5,507300,,,15431.75,14467.75,,Bullish,,14834.09731064672,14408.370814325113,12728.022607586654,-1,1,1,1,50.1539334829705,0,15431.75,14467.75,-4.342995417321427,2.0307221557429367,0
2021-03-02,14919.099609375,14919.099609375,14959.099609375,14760.7998046875,14865.2998046875,621700,,,15431.75,14467.75,,Bullish,,14842.192767668463,14428.399394523149,12749.82436879848,1,1,1,3,53.47283485676185,0,15431.75,14467.75,-3.322049609571176,3.119694557723207,0
2021-03-03,15245.599609375,15245.599609375,15273.150390625,14995.7998046875,15064.400390625,544200,15273.150390625,,15431.75,14467.75,LH,Bearish,,14880.612466878609,14460.44646177224,12774.657953281829,1,1,1,3,59.49221716006579,1,15431.75,14467.75,-1.2062817932185221,5.376438004354522,1
2021-03-04,15080.75,15080.75,15202.349609375,14980.2001953125,15026.75,534900,,,15273.150390625,14467.75,,Bearish,,14899.67318431874,14484.772090722348,12797.604142801412,1,1,1,3,55.5822687688978,1,15431.75,14467.75,-2.274531404409741,4.237009901332267,1
2021-03-05,14938.099609375,14938.099609375,15092.349609375,14862.099609375,14977.9501953125,640700,,,15273.150390625,14467.75,,Bearish,,14903.332843847907,14502.549640473433,12818.90260515538,1,1,1,3,52.37451787359845,0,15431.75,14467.75,-3.1989268269962956,3.251021128890108,0
2021-03-08,14956.2001953125,14956.2001953125,15111.150390625,14919.900390625,15002.4501953125,0,,,15273.150390625,14467.75,,Bearish,,14908.36782970168,14520.33985831026,12840.16924784351,1,1,1,3,52.74716398684588,0,15431.75,14467.75,-3.0816323792667744,3.376131017694517,0
2021-03-09,15098.400390625,15098.400390625,15126.849609375,14925.4501953125,15049.900390625,675300,,,15273.150390625,14467.75,,Bearish,,14926.466168837234,14543.008898793192,12862.639209463227,1,1,1,3,55.68102262237438,1,15431.75,14467.75,-2.160154288236915,4.3590080739921655,1
2021-03-10,15174.7998046875,15174.7998046875,15218.4501953125,15100.849609375,15202.150390625,404600,,,15273.150390625,14467.75,,Bearish,,14950.116991299165,14567.785012749831,12885.645782550037,1,1,1,3,57.21792973326435,1,15431.75,14467.75,-1.6650748963176532,4.887075078623138,1
2021-03-12,15030.9501953125,15030.9501953125,15336.2998046875,14953.599609375,15321.150390625,493200,15336.2998046875,,15273.150390625,14467.75,HH,Bullish,,14957.815391681388,14585.948353242486,12906.992095114838,1,1,1,3,53.458855612049554,0,15431.75,14467.75,-2.597241432031361,3.8927973963643225,1
2021-03-15,14929.5,14929.5,15048.400390625,14745.849609375,15048.400390625,467500,,,15336.2998046875,14467.75,,Bullish,,14955.118687711732,14599.42096684082,12927.116551879866,-1,1,1,1,50.918172832718575,0,15431.75,14467.75,-3.2546535551703504,3.191581275595712,0
2021-03-16,14910.4501953125,14910.4501953125,15051.599609375,14890.650390625,14996.099609375,100,,,15336.2998046875,14467.75,,Bullish,,14950.864545578472,14611.618191486768,12946.851214998598,-1,1,1,1,50.43347397750248,0,15431.75,14467.75,-3.3780990794141985,3.05991045817422,0
2021-03-17,14721.2998046875,14721.2998046875,14956.5498046875,14696.0498046875,14946.5498046875,100,,,15336.2998046875,14467.75,,Bullish,,14929.00123692219,14615.91943122013,12964.507419871126,-1,1,1,1,45.77416985677097,0,15336.2998046875,14467.75,-4.010093750332311,1.7525171826130448,0
2021-03-18,14557.849609375,14557.849609375,14875.2001953125,14478.599609375,14855.5,542200,,,15336.2998046875,14467.75,,Bullish,,14893.653462870076,14613.642183304635,12980.36157101047,-1,1,1,1,42.150352738283715,-1,15336.2998046875,14467.75,-5.075867094581499,0.6227617243524497,0
2021-03-19,14744.0,14744.0,14788.25,14350.099609375,14471.150390625,919200,,,15336.2998046875,14467.75,,Bullish,,14879.400752120546,14618.754254547592,12997.910212094943,-1,1,1,1,47.27028710204247,0,15336.2998046875,14350.099609375,-3.8620776343095797,2.7449314035957073,0
2021-03-22,14736.400390625,14736.400390625,14763.900390625,14597.849609375,14736.2998046875,459000,,,15336.2998046875,14467.75,,Bullish,,14865.781670073351,14623.367828511411,13015.208621831562,-1,1,1,1,47.08706523560246,0,15336.2998046875,14350.099609375,-3.911630717333414,2.6919728208550486,0
2021-03-23,14814.75,14814.75,14878.599609375,14707.0,14768.5498046875,474200,,,15336.2998046875,14467.75,,Bullish,,14860.921511018745,14630.873011707043,13033.114506191449,-1,1,1,1,49.27020923718001,0,15336.2998046875,14350.099609375,-3.400753841080295,3.2379593401668183,0
2021-03-24,14549.400390625,14549.400390625,14752.349609375,14535.0,14712.4501953125,456400,,,15336.2998046875,14467.75,,Bullish,,14831.252832886006,14627.678006958728,13048.201927927106,-1,1,1,1,42.82568125412535,-1,15336.2998046875,14350.099609375,-5.130960036540144,1.388845977903852,0
2021-03-25,14324.900390625,14324.900390625,14575.599609375,14264.400390625,14570.900390625,606800,,14264.400390625,15336.2998046875,14467.75,LL,Bearish,Bearish_BOS,14783.02879076591,14615.804374945641,13060.905395217633,-1,1,1,1,38.265363293676295,-1,15336.2998046875,14264.400390625,-6.594807267352509,0.42413279453206165,0
2021-03-26,14507.2998046875,14507.2998046875,14572.900390625,14414.25,14506.2998046875,481000,,,15336.2998046875,14264.400390625,,Bearish,,14756.768887329872,14611.549293759048,13075.297379391463,-1,1,1,1,43.527029053099135,-1,15336.2998046875,14264.400390625,-5.405475965895102,1.7028364839095644,0
2021-03-30,14845.099609375,14845.099609375,14876.2998046875,14617.599609375,14628.5,594500,,,15336.2998046875,14264.400390625,,Bearish,,14765.181337048456,14620.708129665556,13092.90735182911,1,1,1,3,51.73195567384935,0,15336.2998046875,14264.400390625,-3.202859891682386,4.070968304644995,0
2021-03-31,14690.7001953125,14690.7001953125,14813.75,14670.25,14811.849609375,463900,,,15336.2998046875,14264.400390625,,Bearish,,14758.087894978366,14623.452916553671,13108.805788082676,-1,1,1,1,48.279205786145795,0,15336.2998046875,14264.400390625,-4.20961781914092,2.9885574788525826,0
2021-04-01,14867.349609375,14867.349609375,14883.2001953125,14692.4501953125,14798.400390625,445000,,,15336.2998046875,14264.400390625,,Bearish,,14768.493772539949,14633.017492742743,13126.303736553247,1,1,1,3,52.20928235629038,0,15336.2998046875,14264.400390625,-3.057779264129712,4.226951026601,0
2021-04-05,14637.7998046875,14637.7998046875,14849.849609375,14459.5,14837.7001953125,509700,,,15336.2998046875,14264.400390625,,Bearish,,14756.046727982573,14633.205034387636,13141.34349842523,-1,1,1,1,47.19111151067945,0,15336.2998046875,14264.400390625,-4.554553633507508,2.6177014374043406,0
2021-04-06,14683.5,14683.5,14779.099609375,14573.900390625,14737.0,475300,,,15336.2998046875,14264.400390625,,Bearish,,14749.137515793756,14635.177385980278,13156.68833923692,-1,1,1,1,48.2573929224715,0,15336.2998046875,14264.400390625,-4.256566531700001,2.9380808018432125,0
2021-04-07,14819.0498046875,14819.0498046875,14879.7998046875,14649.849609375,14716.4501953125,0,,,15336.2998046875,14264.400390625,,Bearish,,14755.795829021732,14642.388069066837,13173.229249340906,1,1,1,3,51.392372791989644,0,15336.2998046875,14264.400390625,-3.372717060746977,3.8883472061470803,0
2021-04-08,14873.7998046875,14873.7998046875,14984.150390625,14821.099609375,14875.650390625,514800,14984.150390625,,15336.2998046875,14264.400390625,LH,Bearish,,14767.034302894663,14651.463039091177,13190.150349394105,1,1,1,3,52.64051293179068,0,15336.2998046875,14264.400390625,-3.015720909802755,4.272169859050057,0
2021-04-09,14834.849609375,14834.849609375,14918.4501953125,14785.650390625,14882.650390625,504100,,,14984.150390625,14264.400390625,,Bearish,,14773.492903511837,14658.654669298387,13206.515516160085,1,1,1,3,51.624899702552696,0,15336.2998046875,14264.400390625,-3.26969478752126,3.999111095654029,0
2021-04-12,14310.7998046875,14310.7998046875,14652.5,14248.7001953125,14644.650390625,650200,,,14984.150390625,14264.400390625,,Bearish,,14729.426894099995,14645.013302058744,13217.503419528517,-1,1,1,1,40.346211216582596,-1,15336.2998046875,14248.7001953125,-6.6867498227085935,0.4358264860919059,0
2021-04-13,14504.7998046875,14504.7998046875,14528.900390625,14274.900390625,14364.900390625,605100,,,14984.150390625,14264.400390625,,Bearish,,14708.033837965473,14639.51473353438,13230.31233878383,-1,1,1,1,45.12570786766162,0,15051.599609375,14248.7001953125,-3.632835172860438,1.7973541857470687,0
2021-04-15,14581.4501953125,14581.4501953125,14597.5498046875,14353.2001953125,14522.400390625,568000,,,14984.150390625,14264.400390625,,Bearish,,14695.978252950903,14637.237692819797,13243.756496560234,-1,1,1,1,46.93476203746971,0,15051.599609375,14248.7001953125,-3.123584378165789,2.335300732269374,0
2021-04-16,14617.849609375,14617.849609375,14697.7001953125,14559.0,14599.599609375,577200,,,14984.150390625,14264.400390625,,Bearish,,14688.537429753198,14636.477375821962,13257.429064846949,-1,1,1,1,47.81458737704417,0,14984.150390625,14248.7001953125,-2.4445882595998225,2.5907585183379878,1
2021-04-19,14359.4501953125,14359.4501953125,14382.2998046875,14191.400390625,14306.599609375,512300,,,14984.150390625,14264.400390625,,Bearish,,14657.195788377894,14625.613564821591,13268.39444922969,-1,1,1,1,42.43562212847572,-1,14984.150390625,14191.400390625,-4.169073180841476,1.1841664674510533,0
2021-04-20,14296.400390625,14296.400390625,14526.9501953125,14207.2998046875,14526.7001953125,467400,,,14984.150390625,14264.400390625,,Bearish,,14622.834321925238,14612.703244264863,13278.623364069445,-1,1,1,1,41.21721106794853,-1,14984.150390625,14191.400390625,-4.589849821784342,0.7398846985485985,0
2021-04-22,14406.150390625,14406.150390625,14424.75,14151.400390625,14219.150390625,524600,,14151.400390625,14984.150390625,14264.400390625,LL,Bearish,,14602.197757039501,14604.603132357419,13289.842538463032,-1,-1,1,-1,44.219491101901745,-1,14984.150390625,14151.400390625,-3.8574092286315587,1.800175197987941,0
2021-04-23,14341.349609375,14341.349609375,14461.150390625,14273.2998046875,14326.349609375,498100,,,14984.150390625,14151.400390625,,Bearish,,14577.355076309548,14594.27946478948,13300.30529538753,-1,-1,1,-1,42.828593310355025,-1,14984.150390625,14151.400390625,-4.289871394057654,1.3422644650478377,0
2021-04-26,14485.0,14485.0,14557.5,14421.2998046875,14449.4501953125,452700,,,14984.150390625,14151.400390625,,Bearish,,14568.559354756258,14589.99399558205,13312.0933023986,-1,-1,1,-1,46.82183911261714,0,14984.150390625,14151.400390625,-3.331189140608859,2.3573611103251846,0
2021-04-27,14653.0498046875,14653.0498046875,14667.5498046875,14484.849609375,14493.7998046875,451800,,,14984.150390625,14151.400390625,,Bearish,,14576.606064273521,14592.466772409714,13325.436153167644,1,-1,1,1,51.1228352763811,0,14984.150390625,14151.400390625,-2.209672068859214,3.544874713564261,1
2021-04-28,14864.5498046875,14864.5498046875,14890.25,14694.9501953125,14710.5,457000,,,14984.150390625,14151.400390625,,Bearish,,14604.029277646281,14603.136695244139,13340.750716864359,1,1,1,3,55.95146850738013,1,14984.150390625,14151.400390625,-0.7981806296627258,5.039426448105777,1
2021-04-29,14894.900390625,14894.900390625,15044.349609375,14814.4501953125,14979.0,517500,15044.349609375,,14984.150390625,14151.400390625,HH,Bullish,,14631.73128840616,14614.578408788486,13356.214892722674,1,1,1,3,56.613853799229894,1,15044.349609375,14151.400390625,-0.9933910247397426,5.253896995894158,1
2021-04-30,14631.099609375,14631.099609375,14855.4501953125,14601.7001953125,14747.349609375,613900,,,15044.349609375,14151.400390625,,Bullish,,14631.67112849843,14615.226299007565,13368.900312788866,-1,1,1,1,49.62827907258444,0,15044.349609375,14151.400390625,-2.7468784675309554,3.3897650091774034,1
2021-05-03,14634.150390625,14634.150390625,14673.849609375,14416.25,14481.0498046875,448900,,14416.25,15044.349609375,14151.400390625,HL,Bullish,,14631.907248700962,14615.968420247465,13381.489865802161,1,1,1,3,49.70556830664793,0,15044.349609375,14151.400390625,-2.7265998823530535,3.41132316713908,1
2021-05-04,14496.5,14496.5,14723.400390625,14461.5,14687.25,503400,,,15044.349609375,14416.25,,Bullish,,14619.011320253252,14611.283384159331,13392.584494003135,-1,1,1,1,46.25683809977795,0,15044.349609375,14151.400390625,-3.641563933302927,2.4386251526288705,0
2021-05-05,14617.849609375,14617.849609375,14637.900390625,14506.599609375,14604.150390625,455900,,,15044.349609375,14416.25,,Bullish,,14618.90068112199,14611.540883187396,13404.776186693403,-1,1,1,1,49.578213927650836,0,15044.349609375,14151.400390625,-2.8349514008516707,3.296134699566644,1
2021-05-06,14724.7998046875,14724.7998046875,14743.900390625,14611.5,14668.349609375,467800,,,15044.349609375,14416.25,,Bullish,,14628.986311937751,14615.982409520733,13417.910750056528,1,1,1,3,52.37195069837589,0,15044.349609375,14151.400390625,-2.124051972897323,4.051891673154584,1
2021-05-07,14823.150390625,14823.150390625,14863.0498046875,14765.5,14816.849609375,488000,,,15044.349609375,14416.25,,Bullish,,14647.478128955585,14624.106644073843,13431.893234042285,1,1,1,3,54.84943277999709,0,15044.349609375,14151.400390625,-1.4703142674387104,4.7468800363038355,1
2021-05-10,14942.349609375,14942.349609375,14966.900390625,14892.5,14928.25,522000,,,15044.349609375,14416.25,,Bullish,,14675.561127090767,14636.586760360164,13446.922650712262,1,1,1,3,57.719976020713524,1,15044.349609375,14151.400390625,-0.6779954112236086,5.589193980222529,1
2021-05-11,14850.75,14850.75,14900.0,14771.400390625,14789.7001953125,647400,,,15044.349609375,14416.25,,Bullish,,14692.245781653552,14644.985318777413,13460.89108204846,1,1,1,3,54.83486482619339,0,15044.349609375,14151.400390625,-1.2868592820679758,4.941910977505115,1
2021-05-12,14696.5,14696.5,14824.0498046875,14649.7001953125,14823.5498046875,643800,,,15044.349609375,14416.25,,Bullish,,14692.650945305593,14647.00550235477,13473.185698147481,1,1,1,3,50.27737947013723,0,15044.349609375,14151.400390625,-2.3121611661978014,3.8519128448667006,1
2021-05-14,14677.7998046875,14677.7998046875,14749.650390625,14591.900390625,14749.400390625,620700,,14591.900390625,15044.349609375,14416.25,HL,Bullish,,14691.236550961012,14648.213122054094,13485.171908162805,-1,1,1,1,49.737670546109825,0,15044.349609375,14151.400390625,-2.436461623167019,3.7197690654787063,1
2021-05-17,14923.150390625,14923.150390625,14938.0,14725.349609375,14756.25,546400,,,15044.349609375,14591.900390625,,Bullish,,14713.323583309962,14658.994975723543,13499.480151769394,1,1,1,3,56.35717476082851,1,15044.349609375,14151.400390625,-0.805612883886142,5.4535238824227505,1
2021-05-18,15108.099609375,15108.099609375,15137.25,15043.7001953125,15067.2001953125,583900,,,15044.349609375,14591.900390625,,Bullish,Bullish_BOS,14750.921300078062,14676.606922141247,13515.486315526665,1,1,1,3,60.57250953260257,1,15137.25,14151.400390625,-0.19257388643908468,6.760456155164629,1
2021-05-19,15030.150390625,15030.150390625,15133.400390625,15008.849609375,15058.599609375,569100,,,15044.349609375,14591.900390625,,Bullish,,14777.514546796818,14690.47137188571,13530.557599856002,1,1,1,3,58.028579837135204,1,15137.25,14151.400390625,-0.707523555302314,6.209632797769982,1
2021-05-20,14906.0498046875,14906.0498046875,15069.7998046875,14884.900390625,15042.599609375,480300,,,15044.349609375,14591.900390625,,Bullish,,14789.755999929263,14698.925428074015,13544.244089456315,1,1,1,3,54.130771305358856,0,15137.25,14151.400390625,-1.527359297841413,5.332683644245129,1
2021-05-21,15175.2998046875,15175.2998046875,15190.0,14985.849609375,14987.7998046875,572900,,,15044.349609375,14591.900390625,,Bullish,Bullish_BOS,14826.474457525284,14717.606776176506,13560.47349955812,1,1,1,3,60.353117456715495,1,15190.0,14273.2998046875,-0.09677547934496822,6.319491724708071,1
2021-05-24,15197.7001953125,15197.7001953125,15256.25,15145.4501953125,15211.349609375,579800,,,15044.349609375,14591.900390625,,Bullish,Bullish_BOS,14861.829289695495,14736.4339690838,13576.764312451198,1,1,1,3,60.829197267734145,1,15256.25,14416.25,-0.38377586030315936,5.4206204478453035,1
2021-05-25,15208.4501953125,15208.4501953125,15293.849609375,15163.400390625,15291.75,441500,,,15044.349609375,14591.900390625,,Bullish,Bullish_BOS,14894.840804516163,14754.944409328064,13592.99999287768,1,1,1,3,61.07079000092043,1,15293.849609375,14416.25,-0.5583905703515635,5.495189076996443,1
2021-05-26,15301.4501953125,15301.4501953125,15319.900390625,15194.9501953125,15257.0498046875,384000,,,15044.349609375,14591.900390625,,Bullish,Bullish_BOS,14933.565508401529,14776.376008778436,13609.999497379518,1,1,1,3,63.18618460982044,1,15319.900390625,14416.25,-0.12043286732981162,6.1402944268620585,1
2021-05-27,15337.849609375,15337.849609375,15384.5498046875,15272.5,15323.9501953125,0,,,15044.349609375,14591.900390625,,Bullish,Bullish_BOS,14972.068756113289,14798.39458135085,13627.192035807335,1,1,1,3,64.01048948817967,1,15384.5498046875,14416.25,-0.3035525634833447,6.392783209052277,1
2021-05-28,15435.650390625,15435.650390625,15469.650390625,15394.75,15421.2001953125,468100,,,15044.349609375,14591.900390625,,Bullish,Bullish_BOS,15016.219387971549,14823.385005243954,13645.186646303035,1,1,1,3,66.20037559774607,1,15469.650390625,14416.25,-0.21978518674607983,7.071189738142714,1
2021-05-31,15582.7998046875,15582.7998046875,15606.349609375,15374.0,15437.75,436000,,,15044.349609375,14591.900390625,,Bullish,Bullish_BOS,15070.179427658783,14853.165977771152,13664.466379222284,1,1,1,3,69.23371841831984,1,15606.349609375,14416.25,-0.15089886665972108,8.091908816006232,1
2021-06-01,15574.849609375,15574.849609375,15660.75,15528.2998046875,15629.650390625,409600,,,15044.349609375,14591.900390625,,Bullish,Bullish_BOS,15118.243254488898,14881.467296657578,13683.475167582012,1,1,1,3,68.8740772832657,1,15660.75,14461.5,-0.5485075148061291,7.698714582685051,1
2021-06-02,15576.2001953125,15576.2001953125,15597.4501953125,15459.849609375,15520.349609375,428600,,,15044.349609375,14591.900390625,,Bullish,Bullish_BOS,15161.858201234003,14908.711724055811,13702.30825243505,1,1,1,3,68.90362953058339,1,15660.75,14506.599609375,-0.5398834965598676,7.373199886527937,1
2021-06-03,15690.349609375,15690.349609375,15705.099609375,15611.0,15655.5498046875,410200,,,15044.349609375,14591.900390625,,Bullish,Bullish_BOS,15212.19071629505,14939.36419014676,13722.089758474254,1,1,1,3,71.37715938535877,1,15705.099609375,14591.900390625,-0.09391853835295505,7.527800967279985,1
2021-06-04,15670.25,15670.25,15733.599609375,15622.349609375,15712.5,414200,,,15044.349609375,14591.900390625,,Bullish,Bullish_BOS,15255.815409981236,14968.026378768456,13741.474437494411,1,1,1,3,70.31653037415758,1,15733.599609375,14591.900390625,-0.4026390079054254,7.390055993445643,1
2021-06-07,15751.650390625,15751.650390625,15773.4501953125,15678.099609375,15725.099609375,394000,,,15044.349609375,14591.900390625,,Bullish,Bullish_BOS,15303.037789090165,14998.756732174596,13761.47618827183,1,1,1,3,72.12316864083725,1,15773.4501953125,14591.900390625,-0.1382056837126111,7.947902390733952,1
2021-06-08,15740.099609375,15740.099609375,15778.7998046875,15680.0,15773.900390625,378200,,,15044.349609375,14591.900390625,,Bullish,Bullish_BOS,15344.662724355387,15027.82900186873,13781.163983506687,1,1,1,3,71.45853820839528,1,15778.7998046875,14591.900390625,-0.24526704053247084,7.868743535884426,1
2021-06-09,15635.349609375,15635.349609375,15800.4501953125,15566.900390625,15766.2998046875,457900,,,15044.349609375,14591.900390625,,Bullish,Bullish_BOS,15372.34718959535,15051.653339417995,13799.613591724283,1,1,1,3,65.55841319842135,1,15800.4501953125,14591.900390625,-1.0449106442959488,7.150879534651944,1
2021-06-10,15737.75,15737.75,15751.25,15648.5,15692.099609375,298300,,,15044.349609375,14591.900390625,,Bullish,Bullish_BOS,15407.147457252937,15078.559090813367,13818.898531110111,1,1,1,3,68.31279000482476,1,15800.4501953125,14591.900390625,-0.39682537229921433,7.852641388034587,1
2021-06-11,15799.349609375,15799.349609375,15835.5498046875,15749.7998046875,15796.4501953125,363000,,,15044.349609375,14591.900390625,,Bullish,Bullish_BOS,15444.500043169322,15106.825385658922,13838.60451198837,1,1,1,3,69.87359463294035,1,15835.5498046875,14725.349609375,-0.22860081120634757,7.293544998865298,1
2021-06-14,15811.849609375,15811.849609375,15823.0498046875,15606.5,15791.400390625,392900,,,15044.349609375,14591.900390625,,Bullish,Bullish_BOS,15479.485716141293,15134.473394432101,13858.238791564358,1,1,1,3,70.1944274241377,1,15835.5498046875,14884.900390625,-0.14966449289612882,6.227446569503559,1
2021-06-15,15869.25,15869.25,15901.599609375,15842.400390625,15866.9501953125,323300,15901.599609375,,15044.349609375,14591.900390625,HH,Bullish,Bullish_BOS,15516.606124127837,15163.2881632779,13878.248853339837,1,1,1,3,71.68560132918921,1,15901.599609375,14884.900390625,-0.20343619616688402,6.6130748849013266,1
2021-06-16,15767.5498046875,15767.5498046875,15880.849609375,15742.599609375,15847.5,340200,,,15901.599609375,14591.900390625,,Bullish,,15540.505522276377,15186.984698235141,13897.047867781108,1,1,1,3,65.43879893560066,1,15901.599609375,14884.900390625,-0.8429957235778329,5.9298308413163525,1
2021-06-17,15691.400390625,15691.400390625,15769.349609375,15616.75,15648.2998046875,357600,,,15901.599609375,14591.900390625,,Bullish,,15554.876462119104,15206.76570577984,13914.902121739755,1,1,1,3,61.14246304472733,1,15901.599609375,14985.849609375,-1.3218746787340474,4.708113317836937,1
2021-06-18,15683.349609375,15683.349609375,15761.5,15450.900390625,15756.5,640800,,15450.900390625,15901.599609375,14591.900390625,HL,Bullish,,15567.111999952998,15225.45527062671,13932.498614154036,1,1,1,3,60.688806014970424,1,15901.599609375,15145.4501953125,-1.3725034296004246,3.5515577756082717,1
2021-06-21,15746.5,15746.5,15765.150390625,15505.650390625,15525.849609375,351500,,,15901.599609375,15450.900390625,,Bullish,,15584.196571386046,15245.8883972688,13950.548379187328,1,1,1,3,63.00738776717296,1,15901.599609375,15163.400390625,-0.9753711147623134,3.845440958846602,1
2021-06-22,15772.75,15772.75,15895.75,15752.099609375,15840.5,322200,,,15901.599609375,15450.900390625,,Bullish,,15602.15404077785,15266.549636591593,13968.679738598401,1,1,1,3,63.95895932214014,1,15901.599609375,15194.9501953125,-0.8102933826797831,3.802577812105934,1
2021-06-23,15686.9501953125,15686.9501953125,15862.9501953125,15673.9501953125,15862.7998046875,287500,,,15901.599609375,15450.900390625,,Bullish,,15610.229865019246,15283.035933012023,13985.776957073169,1,1,1,3,58.64857906327726,1,15901.599609375,15272.5,-1.3498605130011665,2.7137023755933853,1
2021-06-24,15790.4501953125,15790.4501953125,15821.400390625,15702.7001953125,15737.2998046875,316700,,,15901.599609375,15450.900390625,,Bullish,,15627.393705999555,15302.93453153361,14003.733904717343,1,1,1,3,62.674528099783586,1,15901.599609375,15374.0,-0.6989825979329178,2.7087953383146957,1
2021-06-25,15860.349609375,15860.349609375,15870.7998046875,15772.2998046875,15839.349609375,314600,,,15901.599609375,15450.900390625,,Bullish,,15649.579982511503,15324.79394635092,14022.207692823391,1,1,1,3,65.14277454201304,1,15901.599609375,15374.0,-0.2594078647011111,3.16345524505659,1
2021-06-28,15814.7001953125,15814.7001953125,15915.650390625,15792.150390625,15915.349609375,255100,15915.650390625,,15901.599609375,15450.900390625,HH,Bullish,,15665.305717063979,15344.005956114119,14040.043439116816,1,1,1,3,62.24774377989372,1,15915.650390625,15450.900390625,-0.6342825636077354,2.3545540744553506,1
2021-06-29,15748.4501953125,15748.4501953125,15835.900390625,15724.0498046875,15807.5,360300,,,15915.650390625,15450.900390625,,Bullish,,15673.224238801933,15359.866514514055,14057.04251131777,1,1,1,3,58.20494459441718,1,15915.650390625,15450.900390625,-1.050539508024051,1.9257764736354321,1
2021-06-30,15721.5,15721.5,15839.099609375,15708.75,15776.900390625,262400,,,15915.650390625,15450.900390625,,Bullish,,15677.821930344606,15374.04821982723,14073.60427737431,1,1,1,3,56.59468851841999,1,15915.650390625,15450.900390625,-1.219870918623367,1.7513517175943294,1
2021-07-01,15680.0,15680.0,15755.5498046875,15667.0498046875,15755.0498046875,224900,,,15915.650390625,15450.900390625,,Bullish,,15678.029365549883,15386.046328853612,14089.588314415363,1,1,1,3,54.112124182353035,0,15915.650390625,15450.900390625,-1.480620551729439,1.4827589563259913,1
2021-07-02,15722.2001953125,15722.2001953125,15738.349609375,15635.9501953125,15705.849609375,254800,,,15915.650390625,15450.900390625,,Bullish,,15682.23611124156,15399.228833420628,14105.833208752649,1,1,1,3,56.21540482284093,1,15915.650390625,15450.900390625,-1.2154715048682596,1.7558834619897823,1
2021-07-05,15834.349609375,15834.349609375,15845.9501953125,15762.0498046875,15793.400390625,207000,,,15915.650390625,15450.900390625,,Bullish,,15696.723111063793,15416.292393261976,14123.032376918045,1,1,1,3,61.29297871890449,1,15915.650390625,15450.900390625,-0.5108228646307111,2.4817273366325,1
2021-07-06,15818.25,15818.25,15914.2001953125,15801.0,15813.75,391400,15914.2001953125,,15915.650390625,15450.900390625,LH,Bearish,,15708.297100486288,15432.055436663466,14139.900213963638,1,1,1,3,60.21345674422216,1,15915.650390625,15450.900390625,-0.6119787016833023,2.3775288176596687,1
2021-07-07,15879.650390625,15879.650390625,15893.5498046875,15779.7001953125,15819.599609375,329300,,,15914.2001953125,15450.900390625,,Bearish,,15724.61646145188,15449.608179956076,14157.211160995095,1,1,1,3,62.8973553517592,1,15915.650390625,15450.900390625,-0.22619245281491063,2.774919190212044,1
2021-07-08,15727.900390625,15727.900390625,15885.75,15682.900390625,15855.400390625,307900,,,15914.2001953125,15450.900390625,,Bearish,,15724.929216611225,15460.521599982309,14172.839909548626,1,1,1,3,53.32342652079164,0,15915.650390625,15450.900390625,-1.1796564726666348,1.7927757800320299,1
2021-07-09,15689.7998046875,15689.7998046875,15730.849609375,15632.75,15688.25,243200,,15632.75,15914.2001953125,15450.900390625,HL,Bullish,,15721.583558332775,15469.51290212761,14187.934037858466,-1,1,1,1,51.21554010522723,0,15915.650390625,15450.900390625,-1.4190471667468674,1.5461844165887806,1
2021-07-12,15692.599609375,15692.599609375,15789.2001953125,15644.75,15766.7998046875,216300,,,15914.2001953125,15632.75,,Bullish,,15718.823182241558,15478.261400451036,14202.905834589974,-1,1,1,1,51.36767713553596,0,15915.650390625,15450.900390625,-1.4014556475894113,1.564305073746075,1
2021-07-13,15812.349609375,15812.349609375,15820.7998046875,15744.599609375,15794.0,246700,,,15914.2001953125,15632.75,,Bullish,,15727.730461016172,15491.36289884021,14218.920200508233,1,1,1,3,57.47597574564589,1,15915.650390625,15450.900390625,-0.6490515857953794,2.3393408125866433,1
2021-07-14,15853.9501953125,15853.9501953125,15877.349609375,15764.2001953125,15808.7001953125,0,,,15914.2001953125,15632.75,,Bullish,,15739.751388092012,15505.582008505791,14235.189155680417,1,1,1,3,59.38449150302434,1,15915.650390625,15450.900390625,-0.38766995880258337,2.60858457758264,1
2021-07-15,15924.2001953125,15924.2001953125,15952.349609375,15855.0,15872.150390625,284900,,,15914.2001953125,15632.75,,Bullish,Bullish_BOS,15757.317941160629,15521.998407988409,14251.995235676757,1,1,1,3,62.44934992159655,1,15952.349609375,15450.900390625,-0.17645936023090725,3.063250637320003,1
2021-07-16,15923.400390625,15923.400390625,15962.25,15882.599609375,15958.349609375,276300,15962.25,,15914.2001953125,15632.75,HH,Bullish,Bullish_BOS,15773.135317300092,15537.739662209453,14268.62613274092,1,1,1,3,62.39162449970924,1,15962.25,15505.650390625,-0.24338429341101975,2.6941791506700064,1
2021-07-19,15752.400390625,15752.400390625,15836.900390625,15707.5,15754.5,242100,,,15962.25,15632.75,,Bullish,,15771.160562378655,15546.157729990455,14283.39005570494,-1,1,1,1,51.44294245092841,0,15962.25,15632.75,-1.314661838869835,0.7653828700964427,1
2021-07-20,15632.099609375,15632.099609375,15728.4501953125,15578.5498046875,15703.9501953125,274300,,,15962.25,15632.75,,Bullish,Bearish_BOS,15757.916662092592,15549.527999770242,14296.810051263847,-1,1,1,1,45.40613765907578,0,15962.25,15578.5498046875,-2.0683198836316974,0.34374062643101055,1
2021-07-22,15824.0498046875,15824.0498046875,15834.7998046875,15726.400390625,15736.599609375,265300,,,15962.25,15632.75,,Bullish,,15764.21505662544,15560.29356074739,14312.006466720799,1,1,1,3,54.567371850758896,0,15962.25,15578.5498046875,-0.865793953311722,1.5758848100619227,1
2021-07-23,15856.0498046875,15856.0498046875,15899.7998046875,15768.400390625,15856.7998046875,294100,,,15962.25,15632.75,,Bullish,,15772.96122310754,15571.891844823473,14327.37008202395,1,1,1,3,55.896091468277575,1,15962.25,15578.5498046875,-0.66532096234867,1.7812954574019546,1
2021-07-26,15824.4501953125,15824.4501953125,15893.349609375,15797.0,15849.2998046875,267100,,,15962.25,15632.75,,Bullish,,15777.864934746107,15581.796093862258,14342.26640155916,1,1,1,3,54.21007461698482,0,15962.25,15578.5498046875,-0.8632855937446116,1.5784549506078438,1
2021-07-27,15746.4501953125,15746.4501953125,15881.5498046875,15701.0,15860.5,311000,,,15962.25,15632.75,,Bullish,,15774.87305480005,15588.253117448543,14356.238379606457,-1,1,1,1,50.18604632718097,0,15962.25,15578.5498046875,-1.3519385092170544,1.0777664977164925,1
2021-07-28,15709.400390625,15709.400390625,15767.5,15513.4501953125,15761.5498046875,318600,,15513.4501953125,15962.25,15632.75,LL,Bearish,,15768.637562973854,15593.003990906444,14369.702678223557,-1,1,1,1,48.350122727182224,0,15962.25,15513.4501953125,-1.584047420476442,1.2630987487986856,1
2021-07-29,15778.4501953125,15778.4501953125,15817.349609375,15737.7998046875,15762.7001953125,401600,,,15962.25,15513.4501953125,,Bearish,,15769.572099387058,15600.276391079231,14383.7200664533,1,1,1,3,51.88302142798702,0,15962.25,15513.4501953125,-1.1514655182540023,1.708195125285994,1
2021-07-30,15763.0498046875,15763.0498046875,15862.7998046875,15744.849609375,15800.599609375,400000,,,15962.25,15513.4501953125,,Bearish,,15768.95092846329,15606.659662201124,14397.44474046558,-1,1,1,1,51.044403790208364,0,15962.25,15513.4501953125,-1.2479455923350424,1.6089239094628782,1
2021-08-02,15885.150390625,15885.150390625,15892.900390625,15834.650390625,15874.900390625,244800,,,15962.25,15513.4501953125,,Bearish,,15780.017543907261,15617.580867237355,14412.2477817607,1,1,1,3,56.98138712741388,1,15962.25,15513.4501953125,-0.4830121654215369,2.3959866479270397,1
2021-08-03,16130.75,16130.75,16146.900390625,15914.349609375,15951.5498046875,341300,,,15962.25,15513.4501953125,,Bearish,Bullish_BOS,15813.420634963712,15637.705146953538,14429.347306320296,1,1,1,3,65.93121591001137,1,16146.900390625,15513.4501953125,-0.10002161550694,3.9791264800271398,1
2021-08-04,16258.7998046875,16258.7998046875,16290.2001953125,16176.150390625,16195.25,427300,,,15962.25,15513.4501953125,,Bearish,Bullish_BOS,15855.83769874693,15662.06180019801,14447.550813766738,1,1,1,3,69.49466130155028,1,16290.2001953125,15513.4501953125,-0.19275632127612186,4.804537997615843,1
2021-08-05,16294.599609375,16294.599609375,16349.4501953125,16210.2998046875,16288.9501953125,418200,,,15962.25,15513.4501953125,,Bearish,Bullish_BOS,15897.624547378175,15686.86720447946,14465.929408747916,1,1,1,3,70.42600481036764,1,16349.4501953125,15513.4501953125,-0.3354888713825166,5.035304231024829,1
2021-08-06,16238.2001953125,16238.2001953125,16336.75,16223.2998046875,16304.400390625,320100,,,15962.25,15513.4501953125,,Bearish,Bullish_BOS,15930.06032337192,15708.488106080757,14483.563943937614,1,1,1,3,66.9577309187167,1,16349.4501953125,15513.4501953125,-0.6804510162176314,4.671752517173711,1
2021-08-09,16258.25,16258.25,16320.75,16179.0498046875,16281.349609375,240500,,,15962.25,15513.4501953125,,Bearish,Bullish_BOS,15961.316483050783,15730.047396038375,14501.222511659627,1,1,1,3,67.56917751986697,1,16349.4501953125,15513.4501953125,-0.557818117569775,4.800993945966625,1
2021-08-10,16280.099609375,16280.099609375,16359.25,16202.25,16274.7998046875,288000,,,15962.25,15513.4501953125,,Bearish,Bullish_BOS,15991.676780795948,15751.618071071183,14518.922781288637,1,1,1,3,68.25851847137949,1,16359.25,15513.4501953125,-0.4838265239848982,4.941836950584655,1
2021-08-11,16282.25,16282.25,16338.75,16162.5498046875,16327.2998046875,277900,,16162.5498046875,15962.25,15513.4501953125,HL,Bullish,Bullish_BOS,16019.350420720144,15772.427166323294,14536.468325753427,1,1,1,3,68.32986689287105,1,16359.25,15513.4501953125,-0.4706817244066852,4.955698410143472,1
2021-08-12,16364.400390625,16364.400390625,16375.5,16286.900390625,16303.650390625,280200,,,15962.25,16162.5498046875,,Bullish,Bullish_BOS,16052.212322615844,15795.641802570419,14554.656704508368,1,1,1,3,71.0107117774807,1,16375.5,15513.4501953125,-0.06778180437239101,5.485241416958431,1
2021-08-13,16529.099609375,16529.099609375,16543.599609375,16376.2998046875,16385.69921875,321900,,,15962.25,16162.5498046875,,Bullish,Bullish_BOS,16097.63015945005,15824.404853817658,14574.302902566744,1,1,1,3,75.49019786730825,1,16543.599609375,15513.4501953125,-0.08764718889704426,6.546895766419425,1
2021-08-16,16563.05078125,16563.05078125,16589.400390625,16480.75,16518.400390625,254000,,,15962.25,16162.5498046875,,Bullish,Bullish_BOS,16141.955932954806,15853.371360775789,14594.091438673046,1,1,1,3,76.30308520852054,1,16589.400390625,15513.4501953125,-0.1588340069836991,6.765745676965174,1
2021-08-17,16614.599609375,16614.599609375,16628.55078125,16495.400390625,16545.25,297400,,,15962.25,16162.5498046875,,Bullish,Bullish_BOS,16186.969616423397,15883.22344895615,14614.195997585502,1,1,1,3,77.52206279399034,1,16628.55078125,15513.4501953125,-0.08389890411094614,7.098030420049439,1
2021-08-18,16568.849609375,16568.849609375,16701.849609375,16535.849609375,16691.94921875,251800,,,15962.25,16162.5498046875,,Bullish,Bullish_BOS,16223.339139561645,15910.110749364734,14633.645287255049,1,1,1,3,73.88925687325008,1,16701.849609375,15513.4501953125,-0.796318989277367,6.803125035212321,1
2021-08-20,16450.5,16450.5,16509.55078125,16376.0498046875,16382.5,350800,,,15962.25,16162.5498046875,,Bullish,Bullish_BOS,16244.973507222441,15931.302484683765,14651.723443600771,1,1,1,3,65.35690481661766,1,16701.849609375,15513.4501953125,-1.5049208037049566,6.040241164216553,1
2021-08-23,16496.44921875,16496.44921875,16592.5,16395.69921875,16592.25,275600,,,15962.25,16162.5498046875,,Bullish,Bullish_BOS,16268.92357498697,15953.465101705971,14670.078923950516,1,1,1,3,66.95249771788028,1,16701.849609375,15513.4501953125,-1.229806251576504,6.33643071696921,1
2021-08-24,16624.599609375,16624.599609375,16647.099609375,16495.30078125,16561.400390625,275400,,,15962.25,16162.5498046875,,Bullish,Bullish_BOS,16302.797483023925,15979.784102006717,14689.526890969666,1,1,1,3,70.96856026843076,1,16701.849609375,15513.4501953125,-0.46252362347124487,7.1624906134564625,1
2021-08-25,16634.650390625,16634.650390625,16712.44921875,16617.5,16654.0,265900,,,15962.25,16162.5498046875,,Bullish,Bullish_BOS,16334.402521843074,16005.465132932924,14708.881353652805,1,1,1,3,71.26351814251518,1,16712.44921875,15513.4501953125,-0.46551422300039613,7.227278143783122,1
2021-08-26,16636.900390625,16636.900390625,16683.69921875,16603.400390625,16627.94921875,253500,,,15962.25,16162.5498046875,,Bullish,Bullish_BOS,16363.211842679448,16030.227299901242,14728.065622677406,1,1,1,3,71.33373314901627,1,16712.44921875,15737.7998046875,-0.45205120527900267,5.713000528000767,1
2021-08-27,16705.19921875,16705.19921875,16722.05078125,16565.599609375,16642.55078125,217400,,,15962.25,16162.5498046875,,Bullish,Bullish_BOS,16395.782068971883,16056.69678691492,14747.738593782606,1,1,1,3,73.45409189996353,1,16722.05078125,15744.849609375,-0.10077449662391214,6.099452412699935,1
2021-08-30,16931.05078125,16931.05078125,16951.5,16764.849609375,16775.849609375,283500,,,15962.25,16162.5498046875,,Bullish,Bullish_BOS,16446.7600415698,16090.985178849629,14769.463093160392,1,1,1,3,78.98868777135212,1,16951.5,15834.650390625,-0.12063368285992748,6.924058085135432,1
2021-08-31,17132.19921875,17132.19921875,17153.5,16915.849609375,16947.5,464400,,,15962.25,16162.5498046875,,Bullish,Bullish_BOS,16512.03996320601,16131.817101982977,14792.972905355313,1,1,1,3,82.49014701223274,1,17153.5,15914.349609375,-0.12417746378290406,7.65252516921946,1
2021-09-01,17076.25,17076.25,17225.75,17055.05078125,17185.599609375,301900,,,15962.25,16162.5498046875,,Bullish,Bullish_BOS,16565.774252424486,16168.85368621894,14815.692080426406,1,1,1,3,78.56817396219641,1,17225.75,16162.5498046875,-0.8678867393292045,5.653193378234822,1
2021-09-02,17234.150390625,17234.150390625,17245.5,17059.69921875,17095.400390625,242400,,,15962.25,16162.5498046875,,Bullish,Bullish_BOS,16629.429122729296,16210.630027568197,14839.756342219427,1,1,1,3,81.27411723998533,1,17245.5,16162.5498046875,-0.06581200530573206,6.63014560751245,1
2021-09-03,17323.599609375,17323.599609375,17340.099609375,17212.19921875,17262.44921875,261400,,,15962.25,16162.5498046875,,Bullish,Bullish_BOS,16695.540597647934,16254.275893521404,14864.471200599086,1,1,1,3,82.61334253077658,1,17340.099609375,16162.5498046875,-0.09515516272512459,7.1835806770462085,1
2021-09-06,17377.80078125,17377.80078125,17429.55078125,17345.55078125,17399.349609375,228000,,,15962.25,16162.5498046875,,Bullish,Bullish_BOS,16760.517757990987,16298.335693040173,14889.479455132927,1,1,1,3,83.38858026284954,1,17429.55078125,16162.5498046875,-0.29690954545811277,7.518931055111433,1
2021-09-07,17362.099609375,17362.099609375,17436.5,17287.0,17401.55078125,243400,,,15962.25,16162.5498046875,,Bullish,Bullish_BOS,16817.811267646608,16340.051925053303,14914.082640747276,1,1,1,3,82.24455910758738,1,17436.5,16162.5498046875,-0.42669337668109764,7.421785666142866,1
2021-09-08,17353.5,17353.5,17383.400390625,17254.19921875,17375.75,252700,,,15962.25,16162.5498046875,,Bullish,Bullish_BOS,16868.829242156455,16379.79498681592,14938.35545029208,1,1,1,3,81.58437388223662,1,17436.5,16162.5498046875,-0.47601296131677406,7.368578656859559,1
2021-09-09,17369.25,17369.25,17379.650390625,17302.69921875,17312.849609375,241500,,,15962.25,16162.5498046875,,Bullish,Bullish_BOS,16916.488361951077,16418.597144195686,14962.543455761812,1,1,1,3,81.87139218681139,1,17436.5,16286.900390625,-0.38568520058498423,6.645522373293433,1
2021-09-13,17355.30078125,17355.30078125,17378.349609375,17269.150390625,17363.55078125,241100,,,15962.25,16162.5498046875,,Bullish,Bullish_BOS,16958.280020931925,16455.330620158602,14986.351986363685,1,1,1,3,80.6721667346897,1,17436.5,16376.0498046875,-0.46568530811802455,5.979775270848275,1
2021-09-14,17380.0,17380.0,17438.55078125,17367.05078125,17420.349609375,230400,,,15962.25,16162.5498046875,,Bullish,Bullish_BOS,16998.443828462216,16491.592164466107,15010.169379534196,1,1,1,3,81.19734395298786,1,17438.55078125,16376.0498046875,-0.3357548570661839,6.130600525073682,1
2021-09-15,17519.44921875,17519.44921875,17532.69921875,17386.900390625,17387.650390625,388200,,,15962.25,16162.5498046875,,Bullish,Bullish_BOS,17048.063389442003,16531.900284241947,15035.13733813336,1,1,1,3,83.86331053903336,1,17532.69921875,16376.0498046875,-0.07557307539862723,6.9821442148717106,1
2021-09-16,17629.5,17629.5,17644.599609375,17510.44921875,17539.19921875,503300,,,15962.25,16162.5498046875,,Bullish,Bullish_BOS,17103.43830473324,16574.943410350108,15060.951891982779,1,1,1,3,85.59870702474124,1,17644.599609375,16376.0498046875,-0.08557637866136725,7.654166971046394,1
2021-09-17,17585.150390625,17585.150390625,17792.94921875,17537.650390625,17709.650390625,508300,,,15962.25,16162.5498046875,,Bullish,Bullish_BOS,17149.31564624674,16614.55937036089,15086.068294954344,1,1,1,3,81.78171008117747,1,17792.94921875,16376.0498046875,-1.16787175397558,7.383347024209752,1
2021-09-20,17396.900390625,17396.900390625,17622.75,17361.80078125,17443.849609375,339100,,,15962.25,16162.5498046875,,Bullish,Bullish_BOS,17172.895145711336,16645.239410371247,15109.061649140123,1,1,1,3,67.93416683231888,1,17792.94921875,16395.69921875,-2.225875110730091,6.1064865762481935,1
2021-09-21,17562.0,17562.0,17578.349609375,17326.099609375,17450.5,363600,,17326.099609375,15962.25,16162.5498046875,HL,Bullish,Bullish_BOS,17209.952750881686,16681.190806042963,15133.468995914849,1,1,1,3,72.35521725520086,1,17792.94921875,16495.30078125,-1.2979816662806454,6.4666854693701925,1
2021-09-22,17546.650390625,17546.650390625,17610.44921875,17524.0,17580.900390625,295200,,,15962.25,17326.099609375,,Bullish,Bullish_BOS,17242.019192762004,16715.1303975952,15157.480751086094,1,1,1,3,71.3699941996635,1,17792.94921875,16565.599609375,-1.3842495985176728,5.922217151106279,1
2021-09-23,17822.94921875,17822.94921875,17843.900390625,17646.55078125,17670.849609375,320500,,,15962.25,17326.099609375,,Bullish,Bullish_BOS,17297.345861903716,16758.574272934606,15184.002825391208,1,1,1,3,77.34888583357895,1,17843.900390625,16565.599609375,-0.11741363388246828,7.590124348190974,1
2021-09-24,17853.19921875,17853.19921875,17947.650390625,17819.400390625,17897.44921875,360100,17947.650390625,,15962.25,17326.099609375,HH,Bullish,Bullish_BOS,17350.284276841456,16801.500741397955,15210.56199348433,1,1,1,3,77.89320796332237,1,17947.650390625,16565.599609375,-0.5262592585619785,7.772731683351242,1
2021-09-27,17855.099609375,17855.099609375,17943.5,17802.900390625,17932.19921875,295700,,,17947.650390625,17326.099609375,,Bullish,,17398.361927558937,16842.818344063722,15236.87580060762,1,1,1,3,77.92909097005312,1,17947.650390625,16764.849609375,-0.5156707381504644,6.503189860947667,1
2021-09-28,17748.599609375,17748.599609375,17912.849609375,17576.099609375,17906.44921875,398000,,,17947.650390625,17326.099609375,,Bullish,,17431.717897255705,16878.3391779975,15261.868077311774,1,1,1,3,70.97617320833706,1,17947.650390625,16915.849609375,-1.1090631749433588,4.922897869335974,1
2021-09-29,17711.30078125,17711.30078125,17781.75,17608.150390625,17657.94921875,562200,,,17947.650390625,17326.099609375,,Bullish,,17458.344838588495,16911.004338909363,15286.240542027579,1,1,1,3,68.66551130855231,1,17947.650390625,17055.05078125,-1.3168832924139062,3.8478337497620974,1
2021-09-30,17618.150390625,17618.150390625,17742.150390625,17585.349609375,17718.900390625,378600,,,17947.650390625,17326.099609375,,Bullish,,17473.564414972923,16938.735556623702,15309.443625098202,1,1,1,3,63.13730736333007,1,17947.650390625,17059.69921875,-1.8358949100775623,3.273511242573468,1
2021-10-01,17532.05078125,17532.05078125,17557.150390625,17452.900390625,17531.900390625,305800,,17452.900390625,17947.650390625,17326.099609375,HL,Bullish,,17479.134545094552,16962.002820334535,15331.559119189265,1,1,1,3,58.45292007364243,1,17947.650390625,17212.19921875,-2.3156212670160436,1.8582841067257272,1
2021-10-04,17691.25,17691.25,17750.900390625,17581.349609375,17615.55078125,295800,,,17947.650390625,17452.900390625,,Bullish,,17499.33601699031,16990.60074894887,15355.038630441115,1,1,1,3,63.800891163961296,1,17947.650390625,17254.19921875,-1.4286014327476004,2.5330110989738586,1
2021-10-05,17822.30078125,17822.30078125,17833.44921875,17640.900390625,17661.349609375,427000,,,17947.650390625,17452.900390625,,Bullish,,17530.094565967425,17023.21643649009,15379.588502588467,1,1,1,3,67.50855949264313,1,17947.650390625,17254.19921875,-0.6984179357565234,3.2925408782961574,1
2021-10-06,17646.0,17646.0,17884.599609375,17613.150390625,17861.5,395800,,,17947.650390625,17452.900390625,,Bullish,,17541.13317873243,17047.639321333616,15402.139860771667,1,1,1,3,58.78543553031125,1,17947.650390625,17254.19921875,-1.6807235713849678,2.2707560999077447,1
2021-10-07,17790.349609375,17790.349609375,17857.55078125,17763.80078125,17810.55078125,419900,,,17947.650390625,17452.900390625,,Bullish,,17564.868076888866,17076.7652149823,15425.903141852299,1,1,1,3,63.000943477147835,1,17947.650390625,17269.150390625,-0.8764421962005997,3.0180941561140484,1
2021-10-08,17895.19921875,17895.19921875,17941.849609375,17840.349609375,17886.849609375,324100,,,17947.650390625,17452.900390625,,Bullish,,17596.328185637547,17108.860666110446,15450.473252070187,1,1,1,3,65.74187785614161,1,17947.650390625,17269.150390625,-0.2922453398267577,3.6252439405754844,1
2021-10-11,17945.94921875,17945.94921875,18041.94921875,17839.099609375,17867.55078125,375800,,,17947.650390625,17452.900390625,,Bullish,,17629.625426886352,17141.68766817474,15475.303858703817,1,1,1,3,67.01558811456495,1,18041.94921875,17326.099609375,-0.5320932834697922,3.577548457816815,1
2021-10-12,17991.94921875,17991.94921875,18008.650390625,17864.94921875,17915.80078125,355600,,,17947.650390625,17452.900390625,,Bullish,Bullish_BOS,17664.13245468289,17175.03125839338,15500.345106067462,1,1,1,3,68.17074259780718,1,18041.94921875,17326.099609375,-0.27713191847384966,3.8430438724634586,1
2021-10-13,18161.75,18161.75,18197.80078125,18050.75,18097.849609375,506700,,,17947.650390625,17452.900390625,,Bullish,Bullish_BOS,17711.52460185595,17213.726111005406,15526.826746803108,1,1,1,3,72.06045261346065,1,18197.80078125,17326.099609375,-0.19810515393235972,4.823072759969804,1
2021-10-14,18338.55078125,18338.55078125,18350.75,18248.69921875,18272.849609375,538700,,,17947.650390625,17452.900390625,,Bullish,Bullish_BOS,17771.24138084586,17257.83688238755,15554.804100379695,1,1,1,3,75.42763646319301,1,18350.75,17326.099609375,-0.06647803904472616,5.843503123618032,1
2021-10-18,18477.05078125,18477.05078125,18543.150390625,18445.30078125,18500.099609375,469900,,,17947.650390625,17452.900390625,,Bullish,Bullish_BOS,17838.461323741492,17305.649192146862,15583.881181781391,1,1,1,3,77.6953735119196,1,18543.150390625,17326.099609375,-0.3564637506710766,6.642875187282371,1
2021-10-19,18418.75,18418.75,18604.44921875,18377.69921875,18602.349609375,368200,18604.44921875,,17947.650390625,17452.900390625,HH,Bullish,Bullish_BOS,17893.72691195659,17349.300204219533,15612.088831713916,1,1,1,3,74.57540184507342,1,18604.44921875,17326.099609375,-0.9981441351289644,6.306384098321671,1
2021-10-20,18266.599609375,18266.599609375,18458.30078125,18209.349609375,18439.900390625,371300,,,18604.44921875,17452.900390625,,Bullish,,17929.23859742501,17385.272729911903,15638.501874277708,1,1,1,3,67.0124025407508,1,18604.44921875,17452.900390625,-1.8159613617290349,4.6622578513487944,1
2021-10-21,18178.099609375,18178.099609375,18384.19921875,18048.0,18382.69921875,365900,,,18604.44921875,17452.900390625,,Bullish,,17952.939646182153,17416.363980086928,15663.771503482658,1,1,1,3,63.00963556216134,1,18604.44921875,17452.900390625,-2.29165402513134,4.155178809933213,1
2021-10-22,18114.900390625,18114.900390625,18314.25,18034.349609375,18230.69921875,324700,,,18604.44921875,17452.900390625,,Bullish,,17968.364478986234,17443.75756481391,15688.160845643279,1,1,1,3,60.24231241276799,1,18604.44921875,17452.900390625,-2.6313535131780252,3.7930658239223147,1
2021-10-25,18125.400390625,18125.400390625,18241.400390625,17968.5,18229.5,418700,,,18604.44921875,17452.900390625,,Bullish,,17983.32028009469,17470.488656022186,15712.411985394341,1,1,1,3,60.552294733820084,1,18604.44921875,17452.900390625,-2.5749154005709762,3.8532277440902707,1
2021-10-26,18268.400390625,18268.400390625,18310.44921875,18099.30078125,18154.5,341400,,,18604.44921875,17452.900390625,,Bullish,,18010.470766811864,17501.77931228112,15737.844705844398,1,1,1,3,64.60034804169436,1,18604.44921875,17452.900390625,-1.8062820574463512,4.672575799710943,1
2021-10-27,18210.94921875,18210.94921875,18342.05078125,18167.900390625,18295.849609375,335200,,,18604.44921875,17452.900390625,,Bullish,,18029.563952710734,17529.589896848527,15762.452710947937,1,1,1,3,61.854095472077645,1,18604.44921875,17452.900390625,-2.1150854581785783,4.343397436291974,1
2021-10-28,17857.25,17857.25,18190.69921875,17799.44921875,18187.650390625,374200,,,18604.44921875,17452.900390625,,Bullish,,18013.153100071617,17542.43931265839,15783.296465067859,-1,1,1,1,48.253587778907225,0,18604.44921875,17452.900390625,-4.016239395020382,2.3168046589677527,0
2021-10-29,17671.650390625,17671.650390625,17915.849609375,17613.099609375,17833.05078125,336500,,17613.099609375,18604.44921875,17452.900390625,HL,Bullish,,17980.629032505272,17547.50641375512,15802.086056366936,-1,1,1,1,42.92049627042316,-1,18604.44921875,17452.900390625,-5.013848123947162,1.2533733368323308,0
2021-11-01,17929.650390625,17929.650390625,17954.099609375,17697.099609375,17783.150390625,281200,,,18604.44921875,17613.099609375,,Bullish,,17975.77392375477,17562.492452063743,15823.255850737663,-1,1,1,1,51.023795606407454,0,18604.44921875,17581.349609375,-3.627083071316739,1.981081026136211,0
2021-11-02,17888.94921875,17888.94921875,18012.25,17847.599609375,17970.900390625,296400,,,18604.44921875,17613.099609375,,Bullish,,17967.504904230504,17575.2946782083,15843.810013603459,-1,1,1,1,49.82215095465212,0,18604.44921875,17613.099609375,-3.845854244794855,1.5661616381716925,0
2021-11-03,17829.19921875,17829.19921875,17988.75,17757.94921875,17947.94921875,331000,,,18604.44921875,17613.099609375,,Bullish,,17954.332934184742,17585.251719013857,15863.56513007258,-1,1,1,1,48.033747715867754,0,18604.44921875,17613.099609375,-4.1670139808207,1.226925493908948,0
2021-11-04,17916.80078125,17916.80078125,17947.55078125,17900.599609375,17935.05078125,48500,,,18604.44921875,17613.099609375,,Bullish,,17950.75844342905,17598.253643023116,15883.995335556934,-1,1,1,1,50.82103045511928,0,18604.44921875,17613.099609375,-3.696150471398918,1.7242914569866485,0
2021-11-08,18068.55078125,18068.55078125,18087.80078125,17836.099609375,18040.19921875,338900,,,18604.44921875,17613.099609375,,Bullish,,17961.97676131676,17616.69666805162,15905.732205663333,1,1,1,3,55.29429054190579,1,18604.44921875,17613.099609375,-2.880485367768426,2.585866099528422,1
2021-11-09,18044.25,18044.25,18112.599609375,17983.05078125,18084.349609375,270200,,,18604.44921875,17613.099609375,,Bullish,,17969.81230785802,17633.46346538293,15927.010989686583,1,1,1,3,54.44032246941564,0,18604.44921875,17613.099609375,-3.0111034847804974,2.447896169255248,0
2021-11-10,18017.19921875,18017.19921875,18061.25,17915.0,17973.44921875,261400,,,18604.44921875,17613.099609375,,Bullish,,17974.32534699059,17648.511926299285,15947.808882513085,1,1,1,3,53.45072359555968,0,18604.44921875,17613.099609375,-3.1565030122372884,2.294312859957426,0
2021-11-11,17873.599609375,17873.599609375,17971.349609375,17798.19921875,17967.44921875,232100,,,18604.44921875,17613.099609375,,Bullish,,17964.73241959863,17657.338894263037,15966.970979297783,-1,1,1,1,48.41904542058222,0,18604.44921875,17613.099609375,-3.928359290735861,1.4790128130618418,0
2021-11-12,18102.75,18102.75,18123.0,17905.900390625,17977.599609375,249100,,,18604.44921875,17613.099609375,,Bullish,,17977.876951065427,17674.8059964488,15988.222511842085,1,1,1,3,55.60159542406819,1,18604.44921875,17613.099609375,-2.696662571684072,2.7800353230522434,1
2021-11-15,18109.44921875,18109.44921875,18210.150390625,18071.30078125,18140.94921875,280400,18210.150390625,,18604.44921875,17613.099609375,LH,Bearish,,17990.407643225863,17691.850828695908,16009.329245244155,1,1,1,3,55.79539154136975,1,18604.44921875,17613.099609375,-2.6606538800467594,2.818070756329605,1
2021-11-16,17999.19921875,17999.19921875,18132.650390625,17958.80078125,18127.05078125,267400,,,18210.150390625,17613.099609375,,Bearish,,17991.244936132924,17703.903706737245,16029.128946473069,1,1,1,3,51.78899173867563,0,18604.44921875,17613.099609375,-3.2532540624208073,2.1921161972506376,0
2021-11-17,17898.650390625,17898.650390625,18022.650390625,17879.25,17939.349609375,295700,,,18210.150390625,17613.099609375,,Bearish,,17982.42640798931,17711.540831595586,16047.731149897467,-1,1,1,1,48.37722003379023,0,18458.30078125,17613.099609375,-3.031971345886264,1.6212409376144654,0
2021-11-18,17764.80078125,17764.80078125,17945.599609375,17688.5,17890.55078125,278400,,,18210.150390625,17613.099609375,,Bearish,,17961.700157823663,17713.62945707223,16064.816419861176,-1,1,1,1,44.20261626919624,-1,18384.19921875,17613.099609375,-3.3691891070690594,0.8612974163517029,0
2021-11-22,17416.55078125,17416.55078125,17805.25,17280.44921875,17796.25,356400,,,18210.150390625,17613.099609375,,Bearish,Bearish_BOS,17909.781169578553,17701.97931292234,16078.266513009323,-1,1,1,1,35.595971106899825,-1,18342.05078125,17280.44921875,-5.045782562907764,0.7876043080658146,0
2021-11-23,17503.349609375,17503.349609375,17553.69921875,17216.099609375,17281.75,308800,,,18210.150390625,17613.099609375,,Bearish,Bearish_BOS,17871.07340194012,17694.18991278323,16092.446444316443,-1,1,1,1,38.79473458321619,-1,18342.05078125,17216.099609375,-4.5725594257560065,1.6684963872047875,0
2021-11-24,17415.05078125,17415.05078125,17600.599609375,17354.0,17550.05078125,298100,,,18210.150390625,17613.099609375,,Bearish,Bearish_BOS,17827.64267616011,17683.243280174083,16105.606686474986,-1,1,1,1,36.79276584998178,-1,18342.05078125,17216.099609375,-5.053960492507292,1.1556111801691804,0
2021-11-25,17536.25,17536.25,17564.349609375,17351.69921875,17417.30078125,255900,,,18210.150390625,17613.099609375,,Bearish,Bearish_BOS,17799.89099271629,17677.478837814317,16119.841943325982,-1,1,1,1,41.27253202355407,-1,18342.05078125,17216.099609375,-4.393188040203899,1.8595988515927475,0
2021-11-26,17026.44921875,17026.44921875,17355.400390625,16985.69921875,17338.75,356300,,,18210.150390625,17613.099609375,,Bearish,Bearish_BOS,17726.229871386167,17651.94826451768,16128.86291124065,-1,1,1,1,31.242196187554526,-1,18210.150390625,16985.69921875,-6.500227326427776,0.23990769808885926,0
2021-11-29,17053.94921875,17053.94921875,17160.69921875,16782.400390625,17055.80078125,348900,,16782.400390625,18210.150390625,17613.099609375,LL,Bearish,Bearish_BOS,17662.203142563674,17628.4973215464,16138.067750121341,-1,1,1,1,32.19940078055636,-1,18210.150390625,16782.400390625,-6.349212648294433,1.618057142032514,0
2021-11-30,16983.19921875,16983.19921875,17324.650390625,16931.400390625,17051.150390625,498000,,,18210.150390625,16782.400390625,,Bearish,,17597.53610220047,17603.191513593603,16146.477018465905,-1,-1,1,-1,31.003561547665342,-1,18210.150390625,16782.400390625,-6.737732229310211,1.1964845519784495,0
2021-12-01,17166.900390625,17166.900390625,17213.05078125,17064.25,17104.400390625,295500,,,18210.150390625,16782.400390625,,Bearish,,17556.52317728852,17586.082057790914,16156.630484855548,-1,-1,1,-1,37.49458010615234,-1,18210.150390625,16782.400390625,-5.728947744094903,2.2910906130853004,0
2021-12-02,17401.650390625,17401.650390625,17420.349609375,17149.30078125,17183.19921875,279900,,,18210.150390625,16782.400390625,,Bearish,,17541.77338808247,17578.849443392253,16169.0187426244,-1,-1,1,-1,44.65944558237084,-1,18210.150390625,16782.400390625,-4.439831537120275,3.6898774048194305,0
2021-12-03,17196.69921875,17196.69921875,17489.80078125,17180.80078125,17424.900390625,292500,,,18210.150390625,16782.400390625,,Bearish,,17508.90918147938,17563.86316007295,16179.244419003759,-1,-1,1,-1,40.31452900539832,-1,18210.150390625,16782.400390625,-5.565309182711353,2.4686506011168508,0
2021-12-06,16912.25,16912.25,17216.75,16891.69921875,17209.05078125,231700,,,18210.150390625,16782.400390625,,Bearish,,17452.084497528962,17538.309702815186,16186.538006874369,-1,-1,1,-1,35.19646014535171,-1,18210.150390625,16782.400390625,-7.127345808704522,0.7737248924625684,-1
2021-12-07,17176.69921875,17176.69921875,17251.650390625,16987.75,17044.099609375,254100,,,18210.150390625,16782.400390625,,Bearish,,17425.85732812144,17524.128899518513,16196.390357241291,-1,-1,1,-1,42.50449565243549,-1,18210.150390625,16782.400390625,-5.675138039535598,2.3494781374973295,0
2021-12-08,17469.75,17469.75,17484.599609375,17308.94921875,17315.25,257800,,,18210.150390625,16782.400390625,,Bearish,,17430.037582586065,17521.996393655045,16209.06060244287,1,-1,1,1,49.3245081473966,0,18210.150390625,16782.400390625,-4.06586642472857,4.095657315856727,0
2021-12-09,17516.849609375,17516.849609375,17543.25,17379.599609375,17524.400390625,237200,,,18210.150390625,16782.400390625,,Bearish,,17438.3053946612,17521.7945589774,16222.073428382495,1,-1,1,1,50.34399622876676,0,18210.150390625,16782.400390625,-3.8072216120023206,4.376306140093522,0
2021-12-10,17511.30078125,17511.30078125,17534.349609375,17405.25,17476.05078125,204500,,,18210.150390625,16782.400390625,,Bearish,,17445.257336241088,17521.383038282205,16234.901561246848,1,-1,1,1,50.21582415061628,0,18210.150390625,16782.400390625,-3.837692684486471,4.343242764200639,0
2021-12-13,17368.25,17368.25,17639.5,17355.94921875,17619.099609375,256600,17639.5,,18210.150390625,16782.400390625,LH,Bearish,,17437.923304218126,17515.37782109467,16246.178660139916,-1,-1,1,-1,46.90070775881205,0,18210.150390625,16782.400390625,-4.6232478731116355,3.4908570629876623,0
2021-12-14,17324.900390625,17324.900390625,17376.19921875,17225.80078125,17283.19921875,271000,,,17639.5,16782.400390625,,Bearish,,17427.159217209257,17507.908117938994,16256.912209696982,-1,-1,1,-1,45.911562893683865,0,18132.650390625,16782.400390625,-4.454671449561642,3.232553075679512,0
2021-12-15,17221.400390625,17221.400390625,17351.19921875,17192.19921875,17323.650390625,215000,,,17639.5,16782.400390625,,Bearish,,17407.56313848695,17496.672520789427,16266.509107019649,-1,-1,1,-1,43.54995361820298,-1,18022.650390625,16782.400390625,-4.445794500995226,2.6158355764484886,0
2021-12-16,17248.400390625,17248.400390625,17379.349609375,17184.94921875,17373.0,219500,,,17639.5,16782.400390625,,Bearish,,17392.404781547713,17486.936358822193,16276.279169543086,-1,-1,1,-1,44.35408562703296,-1,17945.599609375,16782.400390625,-3.885070624142173,2.7767184023348435,0
2021-12-17,16985.19921875,16985.19921875,17298.150390625,16966.44921875,17276.0,354600,,,17639.5,16782.400390625,,Bearish,,17353.6232993765,17467.260392544853,16283.333100380967,-1,-1,1,-1,38.58403726986113,-1,17805.25,16782.400390625,-4.60566844750846,1.2084017983404083,0
2021-12-20,16614.19921875,16614.19921875,16840.099609375,16410.19921875,16824.25,330600,,16410.19921875,17639.5,16782.400390625,LL,Bearish,Bearish_BOS,17283.20195836445,17433.80701318035,16286.625300563745,-1,-1,1,-1,32.221108346986526,-1,17639.5,16410.19921875,-5.812527459678563,1.2431293324392634,0
2021-12-21,16770.849609375,16770.849609375,16936.400390625,16688.25,16773.150390625,241000,,,17639.5,16410.19921875,,Bearish,,17234.40649655593,17407.808683619354,16291.443452890226,-1,-1,1,-1,36.94916328011329,-1,17639.5,16410.19921875,-4.924461524561352,2.1977209771647743,0
2021-12-22,16955.44921875,16955.44921875,16971.0,16819.5,16865.55078125,207900,,,17639.5,16410.19921875,,Bearish,,17207.839136764887,17390.06909676173,16298.050475436095,-1,-1,1,-1,42.07687948047313,-1,17639.5,16410.19921875,-3.87794881515916,3.322628767218183,0
2021-12-23,17072.599609375,17072.599609375,17118.650390625,17015.55078125,17066.80078125,197000,,,17639.5,16410.19921875,,Bearish,,17194.959181775375,17377.619312942643,16305.757431992703,-1,-1,1,-1,45.12681688905975,0,17639.5,16410.19921875,-3.213812129737237,4.036516448064531,0
2021-12-24,17003.75,17003.75,17155.599609375,16909.599609375,17149.5,182600,,,17639.5,16410.19921875,,Bearish,,17176.748783511055,17362.957771258618,16312.702631674369,-1,-1,1,-1,43.67142885327608,-1,17639.5,16410.19921875,-3.604127101108312,3.616962678745672,0
2021-12-27,17086.25,17086.25,17112.05078125,16833.19921875,16937.75,144800,,,17639.5,16410.19921875,,Bearish,,17168.129851748097,17352.10648611122,16320.399620413928,-1,-1,1,-1,45.922045401611165,0,17639.5,16410.19921875,-3.1364267694662495,4.11969880583507,0
2021-12-28,17233.25,17233.25,17250.25,17161.150390625,17177.599609375,176000,,,17639.5,16410.19921875,,Bearish,,17174.33177062923,17347.445447440194,16329.482708768019,1,-1,1,1,49.77291503380786,0,17639.5,16410.19921875,-2.3030698149040463,5.015483177739832,1
2021-12-29,17213.599609375,17213.599609375,17285.94921875,17176.650390625,17220.099609375,161700,,,17639.5,16410.19921875,,Bearish,,17178.071564795493,17342.196591045482,16338.279891858636,1,-1,1,1,49.26785759335544,0,17639.5,16410.19921875,-2.4144697447490038,4.8957381925446075,1
2021-12-30,17203.94921875,17203.94921875,17264.05078125,17146.349609375,17201.44921875,320800,,,17639.5,16410.19921875,,Bearish,,17180.53610326735,17336.77512546527,16346.893517001834,1,-1,1,1,49.004863937164785,0,17639.5,16410.19921875,-2.469178725304,4.836930919723836,1
2021-12-31,17354.05078125,17354.05078125,17400.80078125,17238.5,17244.5,167000,,,17639.5,16410.19921875,,Bearish,,17197.06131069427,17337.45260216271,16356.914982317736,1,-1,1,1,53.19031543402247,0,17639.5,16410.19921875,-1.618238718501086,5.751615503982266,1
2022-01-03,17625.69921875,17625.69921875,17646.650390625,17383.30078125,17387.150390625,200500,,,17639.5,16410.19921875,,Bearish,,17237.88396860434,17348.75639104849,16369.539701088206,1,-1,1,1,59.645545448399844,1,17646.650390625,16410.19921875,-0.11872605515056422,7.406978939117281,1
2022-01-04,17805.25,17805.25,17827.599609375,17593.55078125,17681.400390625,247400,,,17639.5,16410.19921875,,Bearish,Bullish_BOS,17291.91882873726,17366.65810120345,16383.825375704244,1,-1,1,1,63.25271106381476,1,17827.599609375,16410.19921875,-0.12536521946143742,8.501120325559718,1
2022-01-05,17925.25,17925.25,17944.69921875,17748.849609375,17820.099609375,251500,,,17639.5,16410.19921875,,Bearish,Bullish_BOS,17352.236083143234,17388.56366586214,16399.16293415495,1,-1,1,1,65.47397330024033,1,17944.69921875,16410.19921875,-0.1083842003307467,9.232372874053407,1
2022-01-06,17745.900390625,17745.900390625,17797.94921875,17655.55078125,17768.5,236500,,,17639.5,16410.19921875,,Bearish,Bullish_BOS,17389.72792195102,17402.5768707548,16412.563306856144,1,-1,1,1,59.66867189263426,1,17944.69921875,16410.19921875,-1.107841517439756,8.139457382996618,1
2022-01-07,17812.69921875,17812.69921875,17905.0,17704.55078125,17797.599609375,239300,,,17639.5,16410.19921875,,Bearish,Bullish_BOS,17430.010902598544,17418.66010008795,16426.495007472004,1,1,1,3,61.05375169471521,1,17944.69921875,16410.19921875,-0.7355932712545865,8.546514160519925,1
2022-01-10,18003.30078125,18003.30078125,18017.44921875,17879.150390625,17913.30078125,232400,,,17639.5,16410.19921875,,Bearish,Bullish_BOS,17484.60993866059,17441.587185623714,16442.184617161336,1,1,1,3,64.77141278387374,1,18017.44921875,16410.19921875,-0.07852630707168018,9.707996479894954,1
2022-01-11,18055.75,18055.75,18081.25,17964.400390625,17997.75,220200,,,17639.5,16410.19921875,,Bearish,Bullish_BOS,17539.004230216724,17465.67200187376,16458.239994105006,1,1,1,3,65.74054247644203,1,18081.25,16410.19921875,-0.14103007258901012,10.02761002054029,1
2022-01-12,18212.349609375,18212.349609375,18227.94921875,18128.80078125,18170.400390625,245000,,,17639.5,16410.19921875,,Bearish,Bullish_BOS,17603.13236156513,17494.953476677732,16475.69382112262,1,1,1,3,68.5246945929737,1,18227.94921875,16410.19921875,-0.08558071556922231,10.981892215945166,1
2022-01-13,18257.80078125,18257.80078125,18272.25,18163.80078125,18257.0,303700,,,17639.5,16410.19921875,,Bearish,Bullish_BOS,17665.481734868452,17524.869057249194,16493.426228686076,1,1,1,3,69.30439501549513,1,18272.25,16410.19921875,-0.07907739194680241,11.258861259825315,1
2022-01-14,18255.75,18255.75,18286.94921875,18119.650390625,18185.0,229500,,,17639.5,16410.19921875,,Bearish,Bullish_BOS,17721.697760119077,17553.53105500413,16510.96178859965,1,1,1,3,69.22107389805919,1,18286.94921875,16410.19921875,-0.17060920537806945,11.246364268029762,1
2022-01-17,18308.099609375,18308.099609375,18321.55078125,18228.75,18235.650390625,266700,,,17639.5,16410.19921875,,Bearish,Bullish_BOS,17777.545555286306,17583.12197870495,16528.843756965573,1,1,1,3,70.20577668750678,1,18321.55078125,16688.25,-0.0734172125252952,9.706527702874768,1
2022-01-18,18113.05078125,18113.05078125,18350.94921875,18085.900390625,18337.19921875,227500,18350.94921875,,17639.5,16410.19921875,HH,Bullish,Bullish_BOS,17809.498433949513,17603.903500373384,16544.60701093855,1,1,1,3,62.21871031700397,1,18350.94921875,16819.5,-1.296382190720291,7.690780232765548,1
2022-01-19,17938.400390625,17938.400390625,18129.19921875,17884.900390625,18129.19921875,276700,,,18350.94921875,16410.19921875,,Bullish,,17821.77481077575,17617.021025481292,16558.475601781203,1,1,1,3,56.067806828530244,1,18350.94921875,16833.19921875,-2.248106205337219,6.565603825587418,1
2022-01-20,17757.0,17757.0,17943.69921875,17648.44921875,17921.0,258100,,,18350.94921875,16410.19921875,,Bullish,,17815.60578117806,17622.51039703105,16570.401217683877,-1,1,1,1,50.485219831710005,0,18350.94921875,16833.19921875,-3.2366130583759367,5.487969156932482,0
2022-01-21,17617.150390625,17617.150390625,17707.599609375,17485.849609375,17613.69921875,277600,,,18350.94921875,16410.19921875,,Bullish,,17796.705267792055,17622.3002007014,16580.816632340007,-1,1,1,1,46.63044336355527,0,18350.94921875,16833.19921875,-3.9986968487452645,4.657172779145746,0
2022-01-24,17149.099609375,17149.099609375,17599.400390625,16997.849609375,17575.150390625,323800,,,18350.94921875,16410.19921875,,Bullish,,17735.028538419003,17603.743314767034,16586.47118932543,-1,1,1,1,36.56710770597755,-1,18350.94921875,16997.849609375,-6.54925036873305,0.8898184386604946,0
2022-01-25,17277.94921875,17277.94921875,17309.150390625,16836.80078125,17001.55078125,326500,,16836.80078125,18350.94921875,16410.19921875,HL,Bullish,,17691.497174641,17590.967075707544,16593.351567727666,-1,1,1,1,40.381524084762425,-1,18350.94921875,16836.80078125,-5.847108981717774,2.6201440714988866,0
2022-01-27,17110.150390625,17110.150390625,17182.5,16866.75,17062.0,395600,,,18350.94921875,16836.80078125,,Bullish,,17636.130814258526,17572.111519429796,16598.49384457242,-1,1,1,1,37.240844670574006,-1,18350.94921875,16836.80078125,-6.761496712427384,1.623524640615881,0
2022-01-28,17101.94921875,17101.94921875,17373.5,17077.099609375,17208.30078125,355300,,,18350.94921875,16836.80078125,,Bullish,,17585.256376591045,17553.673782148235,16603.50335078314,-1,1,1,1,37.089014573403695,-1,18350.94921875,16836.80078125,-6.806187435382583,1.5748148412807694,0
2022-01-31,17339.849609375,17339.849609375,17410.0,17264.150390625,17301.05078125,321700,,,18350.94921875,16836.80078125,,Bullish,,17561.88430352285,17545.28852047085,16610.83017922684,-1,1,1,1,44.19632192525818,-1,18350.94921875,16836.80078125,-5.509794601479867,2.987793433329755,0
2022-02-01,17576.849609375,17576.849609375,17622.400390625,17244.55078125,17529.44921875,386400,,,18350.94921875,16836.80078125,,Bullish,,17563.309570746864,17546.526210231797,16620.442312860156,1,1,1,3,50.22878566270831,0,18350.94921875,16836.80078125,-4.218308274669891,4.395424271748483,0
2022-02-02,17780.0,17780.0,17794.599609375,17674.80078125,17706.19921875,271200,17794.599609375,,18350.94921875,16836.80078125,LH,Bearish,,17583.946754485256,17555.682045124668,16631.980200294383,1,1,1,3,54.744791215382804,0,18350.94921875,16836.80078125,-3.111278942272022,5.602009734535662,0
2022-02-03,17560.19921875,17560.19921875,17781.150390625,17511.150390625,17767.75,226600,,,17794.599609375,16836.80078125,,Bearish,,17581.685084415232,17555.859189188406,16641.21621042827,-1,1,1,1,49.51037013041865,0,18350.94921875,16836.80078125,-4.309041404746816,4.296531430754946,0
2022-02-04,17516.30078125,17516.30078125,17617.80078125,17462.55078125,17590.19921875,261400,,,17794.599609375,16836.80078125,,Bearish,,17575.458007923306,17554.307879073174,16649.923519590677,-1,1,1,1,48.51270260377637,0,18350.94921875,16836.80078125,-4.548257572677505,4.035802340529648,0
2022-02-07,17213.599609375,17213.599609375,17536.75,17119.400390625,17456.30078125,265000,,,17794.599609375,16836.80078125,,Bearish,,17540.995303299656,17540.946770457558,16655.532236901963,-1,1,1,1,42.198273781603916,-1,18350.94921875,16836.80078125,-6.197769912702489,2.2379478917670337,0
2022-02-08,17266.75,17266.75,17306.44921875,17043.650390625,17279.849609375,268500,,,17794.599609375,16836.80078125,,Bearish,,17514.876702985403,17530.19395592981,16661.614005689007,-1,-1,1,-1,43.586744755414635,-1,18350.94921875,16836.80078125,-5.908136989678026,2.5536277606183155,0
2022-02-09,17463.80078125,17463.80078125,17477.150390625,17339.0,17370.099609375,236400,,,17794.599609375,16836.80078125,,Bearish,,17510.01232948679,17527.5903020208,16669.59596365479,-1,-1,1,-1,48.52370532547436,0,18350.94921875,16836.80078125,-4.834346315958193,3.723985382652062,0
2022-02-10,17605.849609375,17605.849609375,17639.44921875,17427.150390625,17554.099609375,273600,,,17794.599609375,16836.80078125,,Bearish,,17519.139689476146,17530.659294466062,16678.911920328625,1,-1,1,1,51.79849402216256,0,18350.94921875,16836.80078125,-4.060278302191023,4.567666019909411,0
2022-02-11,17374.75,17374.75,17454.75,17303.0,17451.0,253100,,,17794.599609375,16836.80078125,,Bearish,,17505.388290478415,17524.545204487,16685.835682315406,-1,-1,1,-1,46.60397646830863,0,18350.94921875,16836.80078125,-5.319611574929173,3.195079788252153,0
2022-02-14,16842.80078125,16842.80078125,17099.5,16809.650390625,17076.150390625,305500,,16809.650390625,17794.599609375,16836.80078125,LL,Bearish,,17442.284718170948,17497.810129065943,16687.39752409585,-1,-1,1,-1,37.325282762138,-1,18350.94921875,16809.650390625,-8.218367450764108,0.19721047050145213,-1
2022-02-15,17352.44921875,17352.44921875,17375.0,16839.25,16933.25,298700,,,17794.599609375,16809.650390625,,Bearish,,17433.728956321334,17492.10970121042,16694.014953893406,-1,-1,1,-1,48.006038389270095,0,18350.94921875,16809.650390625,-5.441135431728982,3.229090525450351,0
2022-02-16,17322.19921875,17322.19921875,17490.599609375,17257.69921875,17408.44921875,244500,,,17794.599609375,16809.650390625,,Bearish,,17423.107076552635,17485.446545035502,16700.265543593472,-1,-1,1,-1,47.48874178948528,0,18129.19921875,16809.650390625,-4.451382492202772,3.049134373495699,0
2022-02-17,17304.599609375,17304.599609375,17442.900390625,17235.849609375,17396.55078125,232100,,,17794.599609375,16809.650390625,,Bearish,,17411.820651107148,17478.354508342934,16706.278817879855,-1,-1,1,-1,47.17026746319774,0,17943.69921875,16809.650390625,-3.5616937264930426,2.94443493617238,0
2022-02-18,17276.30078125,17276.30078125,17380.80078125,17219.19921875,17236.05078125,189600,,,17794.599609375,16809.650390625,,Bearish,,17398.91399683504,17470.430832770664,16711.950678211895,-1,-1,1,-1,46.62878059511959,0,17794.599609375,16809.650390625,-2.912674853622088,2.7760862348764626,1
2022-02-21,17206.650390625,17206.650390625,17351.05078125,17070.69921875,17192.25,215200,,,17794.599609375,16809.650390625,,Bearish,,17380.60317719599,17460.08650170613,16716.873063410036,-1,-1,1,-1,45.251900252985244,0,17794.599609375,16809.650390625,-3.3040879348599783,2.3617385892892306,0
2022-02-22,17092.19921875,17092.19921875,17148.55078125,16843.80078125,16847.94921875,300100,,,17794.599609375,16809.650390625,,Bearish,,17353.136133534466,17445.65954943334,16720.607652020382,-1,-1,1,-1,43.00471151007801,-1,17794.599609375,16809.650390625,-3.947267182426195,1.6808727222701991,0
2022-02-23,17063.25,17063.25,17220.69921875,17027.849609375,17194.5,200200,,,17794.599609375,16809.650390625,,Bearish,,17325.527930340708,17430.663096514385,16724.017028617196,-1,-1,1,-1,42.43074744968529,-1,17794.599609375,16809.650390625,-4.10995260039283,1.5086548707546887,0
2022-02-24,16247.9501953125,16247.9501953125,16705.25,16203.25,16548.900390625,458000,,,17794.599609375,16809.650390625,,Bearish,Bearish_BOS,17222.90147938564,17384.282198428034,16719.28004520123,-1,-1,1,-1,30.204253427014464,-1,17794.599609375,16203.25,-8.691678644163792,0.27587178691004244,-1
2022-02-25,16658.400390625,16658.400390625,16748.80078125,16478.30078125,16515.650390625,329800,,,17794.599609375,16809.650390625,,Bearish,Bearish_BOS,17169.139470932245,17355.81624518086,16718.674277494003,-1,-1,1,-1,39.634778384217384,-1,17794.599609375,16203.25,-6.3850788648899925,2.8090067771897598,0
2022-02-28,16793.900390625,16793.900390625,16815.900390625,16356.2998046875,16481.599609375,404200,,,17794.599609375,16809.650390625,,Bearish,Bearish_BOS,17133.40241566489,17333.780329315927,16719.42279603262,-1,-1,1,-1,42.40159807405269,-1,17794.599609375,16203.25,-5.623611886287039,3.645258763673964,0
2022-03-02,16605.94921875,16605.94921875,16678.5,16478.650390625,16593.099609375,517700,,,17794.599609375,16809.650390625,,Bearish,Bearish_BOS,17083.16877786347,17305.237932823144,16718.2937057114,-1,-1,1,-1,39.68449951681555,-1,17794.599609375,16203.25,-6.679837797523502,2.4852990526591956,0
2022-03-03,16498.05078125,16498.05078125,16768.94921875,16442.94921875,16723.19921875,442100,,,17794.599609375,16809.650390625,,Bearish,Bearish_BOS,17027.443254376474,17273.583534722235,16716.102233826212,-1,-1,1,-1,38.17224238685023,-1,17781.150390625,16203.25,-7.2160663465931085,1.8193929072871207,-1
2022-03-04,16245.349609375,16245.349609375,16456.0,16133.7998046875,16339.4501953125,456100,,,17794.599609375,16809.650390625,,Bearish,Bearish_BOS,16952.958145328714,17233.26063568901,16711.418128110283,-1,-1,1,-1,34.82510209868303,-1,17639.44921875,16133.7998046875,-7.903305778352365,0.6914044182889212,-1
2022-03-07,15863.150390625,15863.150390625,15944.599609375,15711.4501953125,15867.9501953125,585400,,,17794.599609375,16809.650390625,,Bearish,Bearish_BOS,16849.166930595027,17179.53082215709,16702.977653110433,-1,-1,1,-1,30.472915807870166,-1,17639.44921875,15711.4501953125,-10.070035668896448,0.9655391031806904,-1
2022-03-08,16013.4501953125,16013.4501953125,16028.75,15671.4501953125,15747.75,543600,,15671.4501953125,17794.599609375,16809.650390625,LL,Bearish,Bearish_BOS,16769.574860568122,17133.80217012397,16696.1166833811,-1,-1,1,-1,33.96773397063882,-1,17639.44921875,15671.4501953125,-9.217969355353405,2.1823123944349154,-1
2022-03-09,16345.349609375,16345.349609375,16418.05078125,15990.0,16078.0,462200,,,17794.599609375,15671.4501953125,,Bearish,,16729.172455692587,17102.882461859303,16692.62646373925,-1,-1,1,-1,41.018251018161074,-1,17639.44921875,15671.4501953125,-7.336394653408029,4.300172643014677,-1
2022-03-10,16594.900390625,16594.900390625,16757.30078125,16447.900390625,16757.099609375,486400,,,17794.599609375,15671.4501953125,,Bearish,,16716.384639971864,17082.961596320703,16691.654065001796,-1,-1,1,-1,45.71185953518096,0,17639.44921875,15671.4501953125,-5.921663512116282,5.892563762788927,0
2022-03-11,16630.44921875,16630.44921875,16694.400390625,16470.900390625,16528.80078125,343700,,,17794.599609375,15671.4501953125,,Bearish,,16708.20031414121,17065.21601288656,16691.045061556502,-1,-1,1,-1,46.36660953504987,0,17490.599609375,15671.4501953125,-4.917786753085107,6.1194019154930945,0
2022-03-14,16871.30078125,16871.30078125,16887.94921875,16606.5,16633.69921875,314700,,,17794.599609375,15671.4501953125,,Bearish,,16723.733691961093,17057.611493998855,16692.838650807185,1,-1,1,1,50.70457434642905,0,17490.599609375,15671.4501953125,-3.540752415332027,7.656283056027502,0
2022-03-15,16663.0,16663.0,16927.75,16555.0,16900.650390625,381600,,,17794.599609375,15671.4501953125,,Bearish,,16717.94953082194,17042.13653344988,16692.541748809104,-1,-1,1,-1,47.152503320453135,0,17490.599609375,15671.4501953125,-4.731682319978359,6.327109439967993,0
2022-03-16,16975.349609375,16975.349609375,16987.900390625,16837.849609375,16876.650390625,260000,,,17794.599609375,15671.4501953125,,Bearish,,16742.46382401747,17039.51743838812,16695.355757371948,1,-1,1,1,52.52342292558986,0,17490.599609375,15671.4501953125,-2.94586813206692,8.320221790657968,1
2022-03-17,17287.05078125,17287.05078125,17344.599609375,17175.75,17202.900390625,448300,,,17794.599609375,15671.4501953125,,Bearish,,16794.32924851581,17049.224628304273,16701.24327004735,1,-1,1,1,57.19827288484585,1,17442.900390625,15671.4501953125,-0.8934844887308113,10.309196441952405,1
2022-03-21,17117.599609375,17117.599609375,17353.349609375,17096.400390625,17329.5,285500,,,17794.599609375,15671.4501953125,,Bearish,,16825.11690193097,17051.90600011097,16705.38611919489,1,-1,1,1,54.08066748672609,0,17380.80078125,15671.4501953125,-1.514321320332579,9.22792336407423,1
2022-03-22,17315.5,17315.5,17334.400390625,17006.30078125,17120.400390625,338300,,,17794.599609375,15671.4501953125,,Bearish,,16871.82005412802,17062.24301971446,16711.456904078525,1,-1,1,1,57.02661212371857,1,17353.349609375,15671.4501953125,-0.21811125936489484,10.490731771455675,1
2022-03-23,17245.650390625,17245.650390625,17442.400390625,17199.599609375,17405.05078125,292100,,,17794.599609375,15671.4501953125,,Bearish,,16907.422943318208,17069.43546563252,16716.772262153612,1,-1,1,1,55.66909538840648,1,17442.400390625,15671.4501953125,-1.1279984153198863,10.04501929108872,1
2022-03-24,17222.75,17222.75,17291.75,17091.150390625,17094.94921875,290300,,,17794.599609375,15671.4501953125,,Bearish,,16937.454091573614,17075.4478003136,16721.806866510295,1,-1,1,1,55.20510344380155,1,17442.400390625,15671.4501953125,-1.2592899240121747,9.898891202497072,1
2022-03-25,17153.0,17153.0,17294.900390625,17076.55078125,17289.0,237100,,,17794.599609375,15671.4501953125,,Bearish,,16957.982273328507,17078.4890630464,16726.09734545049,1,-1,1,1,53.73601567309957,0,17442.400390625,15671.4501953125,-1.6591775451992752,9.453814332579435,1
2022-03-28,17222.0,17222.0,17235.099609375,17003.900390625,17181.849609375,253200,,17003.900390625,17794.599609375,15671.4501953125,HL,Bullish,,16983.126818725792,17084.116942926936,16731.031700222127,1,-1,1,1,55.01145563228468,1,17442.400390625,15671.4501953125,-1.2635897909066496,9.894105429702261,1
2022-03-29,17325.30078125,17325.30078125,17343.650390625,17235.69921875,17297.19921875,235100,,,17794.599609375,17003.900390625,,Bullish,,17015.71481515667,17093.575132665097,16736.944825406485,1,-1,1,1,56.92602513188967,1,17442.400390625,15671.4501953125,-0.6713503116115738,10.553270854487895,1
2022-03-30,17498.25,17498.25,17522.5,17387.19921875,17468.150390625,505000,,,17794.599609375,17003.900390625,,Bullish,,17061.67054704651,17109.444735305682,16744.520001273086,1,-1,1,1,59.99558954324387,1,17522.5,15671.4501953125,-0.13839349407903656,11.656865075791867,1
2022-03-31,17464.75,17464.75,17559.80078125,17435.19921875,17519.19921875,281100,,,17794.599609375,17003.900390625,,Bullish,,17100.059066375412,17123.378275097617,16751.68646892211,1,-1,1,1,59.116802545056416,1,17559.80078125,15671.4501953125,-0.5412976060155117,11.443100557623541,1
2022-04-01,17670.44921875,17670.44921875,17703.69921875,17422.69921875,17436.900390625,291800,,,17794.599609375,17003.900390625,,Bullish,,17154.381938030136,17144.83203759379,16760.828386830846,1,1,1,3,62.727001589594266,1,17703.69921875,15671.4501953125,-0.18781385511105197,12.755673524301049,1
2022-04-04,18053.400390625,18053.400390625,18114.650390625,17791.400390625,17809.099609375,345500,18114.650390625,,17794.599609375,17003.900390625,HH,Bullish,Bullish_BOS,17240.00274303917,17180.46216908521,16773.689799803924,1,1,1,3,68.33339139883812,1,18114.650390625,15671.4501953125,-0.338124107720561,15.199296591102772,1
2022-04-05,17957.400390625,17957.400390625,18095.44921875,17921.55078125,18080.599609375,283500,,,18114.650390625,17003.900390625,,Bullish,,17308.326328523537,17210.930334635792,16785.468014637965,1,1,1,3,65.66685397201613,1,18114.650390625,15671.4501953125,-0.8680818928825884,14.586717673366634,1
2022-04-06,17807.650390625,17807.650390625,17901.0,17779.849609375,17842.75,328800,,,18114.650390625,17003.900390625,,Bullish,,17355.88100110463,17234.331121145173,16795.63898355326,1,1,1,3,61.626996948797505,1,18114.650390625,15990.0,-1.6947608337993914,11.367419578642913,1
2022-04-07,17639.55078125,17639.55078125,17787.5,17623.69921875,17723.30078125,308800,,,18114.650390625,17003.900390625,,Bullish,,17382.89717064228,17250.222088208106,16804.036115868654,1,1,1,3,57.36099529271451,1,18114.650390625,16447.900390625,-2.6227368407887197,7.245000044529815,1
2022-04-08,17784.349609375,17784.349609375,17842.75,17600.55078125,17698.150390625,274400,,,18114.650390625,17003.900390625,,Bullish,,17421.130736235875,17271.168265508768,16813.79047898812,1,1,1,3,59.93382434596305,1,18114.650390625,16470.900390625,-1.8233903173805799,7.974361981434819,1
2022-04-11,17674.94921875,17674.94921875,17779.05078125,17650.94921875,17740.900390625,251700,,,18114.650390625,17003.900390625,,Bullish,,17445.303925046745,17287.0028126947,16822.359222667346,1,1,1,3,57.12904102858249,1,18114.650390625,16555.0,-2.427323533125214,6.765020952884315,1
2022-04-12,17530.30078125,17530.30078125,17595.30078125,17442.349609375,17584.849609375,266000,,,18114.650390625,17003.900390625,,Bullish,,17453.398863732767,17296.54390950079,16829.403417280108,1,1,1,3,53.56003151032042,0,18114.650390625,16555.0,-3.2258398410902944,5.891276238296594,0
2022-04-13,17475.650390625,17475.650390625,17663.650390625,17457.400390625,17599.900390625,245100,,,18114.650390625,17003.900390625,,Bullish,,17455.518056770125,17303.56769307429,16835.833735422842,1,1,1,3,52.232348098365776,0,18114.650390625,16837.849609375,-3.527531507484716,3.787899262949135,0
2022-04-18,17173.650390625,17173.650390625,17237.75,17067.849609375,17183.44921875,376100,,,18114.650390625,17003.900390625,,Bullish,,17428.673517137257,17298.47289689981,16839.195095176095,-1,1,1,1,45.5175772117253,0,18114.650390625,17003.900390625,-5.194690373306909,0.998300366976923,0
2022-04-19,16958.650390625,16958.650390625,17275.650390625,16824.69921875,17258.94921875,401400,,16824.69921875,18114.650390625,17003.900390625,LL,Bearish,Bearish_BOS,17383.909409850377,17285.14652410472,16840.38370508106,-1,1,1,1,41.4337950935432,-1,18114.650390625,16824.69921875,-6.381574996326023,0.7961578993680885,0
2022-04-20,17136.55078125,17136.55078125,17186.900390625,16978.94921875,17045.25,286100,,,18114.650390625,16824.69921875,,Bearish,,17360.351445221768,17279.319240071203,16843.330641162345,-1,1,1,1,45.769411657246096,0,18114.650390625,16824.69921875,-5.3994948192939045,1.8535342501247332,0
2022-04-21,17392.599609375,17392.599609375,17414.69921875,17215.5,17234.599609375,285200,,,18114.650390625,16824.69921875,,Bearish,,17363.422698950646,17283.761607494882,16848.796004030133,1,1,1,3,51.351581945518035,0,18114.650390625,16824.69921875,-3.986004508393315,3.375396987734036,0
2022-04-22,17171.94921875,17171.94921875,17315.30078125,17149.19921875,17242.75,262700,,,18114.650390625,16824.69921875,,Bearish,,17345.18712940773,17279.37680793626,16852.01145890297,-1,1,1,1,46.87386985133351,0,18114.650390625,16824.69921875,-5.204081511630399,2.0639299133087263,0
2022-04-25,16953.94921875,16953.94921875,17054.30078125,16888.69921875,17009.05078125,275700,,,18114.650390625,16824.69921875,,Bearish,,17307.926376011754,17266.614941693664,16853.0257649711,-1,1,1,1,42.89428098055957,-1,18114.650390625,16824.69921875,-6.407527315435823,0.768215813664952,0
2022-04-26,17200.80078125,17200.80078125,17223.849609375,17064.44921875,17121.30078125,261100,,,18114.650390625,16824.69921875,,Bearish,,17297.723938415395,17264.033994225287,16856.48621289427,-1,1,1,1,48.25183347609464,0,18114.650390625,16824.69921875,-5.044809530787031,2.2354132909601088,0
2022-04-27,17038.400390625,17038.400390625,17110.69921875,16958.44921875,17073.349609375,265100,,,18114.650390625,16824.69921875,,Bearish,,17273.02645767345,17255.18561761351,16858.29630421497,-1,1,1,1,45.24445514637691,0,18114.650390625,16824.69921875,-5.941323607089865,1.2701634014166796,0
2022-04-28,17245.05078125,17245.05078125,17322.5,17071.05078125,17189.5,312900,,,18114.650390625,16824.69921875,,Bearish,,17270.362107537883,17254.788173050238,16862.14460746905,-1,1,1,1,49.55311714301168,0,18114.650390625,16824.69921875,-4.800532114188916,2.4984194786171754,0
2022-04-29,17102.55078125,17102.55078125,17377.650390625,17053.25,17329.25,336200,17377.650390625,,18114.650390625,16824.69921875,LH,Bearish,,17254.380076462847,17248.818079254153,16864.536708700703,-1,1,1,1,46.81731823705313,0,18114.650390625,16824.69921875,-5.587188201538784,1.651450399721588,0
2022-05-02,17069.099609375,17069.099609375,17092.25,16917.25,16924.44921875,278200,,,17377.650390625,16824.69921875,,Bearish,,17236.734317692575,17241.77029612164,16866.572160448704,-1,-1,1,-1,46.17287998302768,0,18114.650390625,16824.69921875,-5.771851836517428,1.4526285875745781,0
2022-05-04,16677.599609375,16677.599609375,17132.849609375,16623.94921875,17096.599609375,310600,,,17377.650390625,16824.69921875,,Bearish,Bearish_BOS,17183.4833930909,17219.64595546491,16864.691836557424,-1,-1,1,-1,39.346559743779466,-1,18114.650390625,16623.94921875,-7.9330859291313,0.32272951462393173,-1
2022-05-05,16682.650390625,16682.650390625,16945.69921875,16651.849609375,16854.75,265800,,,17377.650390625,16824.69921875,,Bearish,Bearish_BOS,17135.78501190367,17198.58730586334,16862.880478886455,-1,-1,1,-1,39.470889608692275,-1,18095.44921875,16623.94921875,-7.8074813785838355,0.3531120740479121,-1
2022-05-06,16411.25,16411.25,16484.19921875,16340.900390625,16415.55078125,300500,,,17377.650390625,16824.69921875,,Bearish,Bearish_BOS,17066.781677436655,17167.711333084386,16858.386643275648,-1,-1,1,-1,35.285353545704794,-1,17901.0,16340.900390625,-8.322160773141164,0.43051244235818853,-1
2022-05-09,16301.849609375,16301.849609375,16403.69921875,16142.099609375,16227.7001953125,288400,,,17377.650390625,16824.69921875,,Bearish,Bearish_BOS,16993.931004287926,17133.75597137029,16852.848961346288,-1,-1,1,-1,33.732550274179005,-1,17842.75,16142.099609375,-8.636002805761445,0.9896482109875038,-1
2022-05-10,16240.0498046875,16240.0498046875,16404.55078125,16197.2998046875,16248.900390625,283100,,,17377.650390625,16824.69921875,,Bearish,Bearish_BOS,16922.13279480217,17098.708670716063,16846.751457299935,-1,-1,1,-1,32.853021217802095,-1,17842.75,16142.099609375,-8.982360876616557,0.6067995966002604,-1
2022-05-11,16167.099609375,16167.099609375,16318.75,15992.599609375,16270.0498046875,284300,,,17377.650390625,16824.69921875,,Bearish,Bearish_BOS,16850.224872380535,17062.174982036024,16839.98875234546,-1,-1,1,-1,31.799025453996464,-1,17779.05078125,15992.599609375,-9.066576116510017,1.0911296741131782,-1
2022-05-12,15808.0,15808.0,16041.9501953125,15735.75,16021.099609375,314900,,15735.75,17377.650390625,16824.69921875,LL,Bearish,Bearish_BOS,16750.965360725248,17012.991649407162,16829.720207546005,-1,-1,1,-1,27.17694642775524,-1,17663.650390625,15735.75,-10.505475083507587,0.45914557615620577,-1
2022-05-13,15782.150390625,15782.150390625,16083.599609375,15740.849609375,15977.0,369100,,,17377.650390625,15735.75,,Bearish,,16658.69726833475,16964.72336474904,16819.296627278134,-1,-1,1,-1,26.87412843254556,-1,17663.650390625,15735.75,-10.651818612751807,0.29487244411610103,-1
2022-05-16,15842.2998046875,15842.2998046875,15977.9501953125,15739.650390625,15845.099609375,217600,,,17377.650390625,15735.75,,Bearish,,16580.945128939773,16920.70675455055,16809.575265859323,-1,-1,1,-1,28.860470809709042,-1,17414.69921875,15735.75,-9.029150571659228,0.677119328201714,-1
2022-05-17,16259.2998046875,16259.2998046875,16284.25,15900.7998046875,15912.599609375,295700,,,17377.650390625,15735.75,,Bearish,,16550.312240915748,16894.769227104942,16804.09988813622,-1,-1,1,-1,40.85516579430433,-1,17414.69921875,15735.75,-6.634621704051646,3.3271360099613956,0
2022-05-18,16240.2998046875,16240.2998046875,16399.80078125,16211.2001953125,16318.150390625,290400,,,17377.650390625,15735.75,,Bearish,,16520.787246989246,16869.10375955916,16798.489937057133,-1,-1,1,-1,40.51993095372746,-1,17414.69921875,15735.75,-6.743724937827533,3.2063918446054274,0
2022-05-19,15809.400390625,15809.400390625,15984.75,15775.2001953125,15917.400390625,313900,,,17377.650390625,15735.75,,Bearish,,16453.0361178117,16827.546764698996,16788.64825002796,-1,-1,1,-1,33.75520890512685,-1,17414.69921875,15735.75,-9.218068069740838,0.4680449970608347,-1
2022-05-20,16266.150390625,16266.150390625,16283.0498046875,16003.849609375,16043.7998046875,252400,,,17377.650390625,15735.75,,Bearish,,16435.23747712725,16805.531220617664,16783.44926635231,-1,-1,1,-1,44.35904839104953,-1,17377.650390625,15735.75,-6.396146630960187,3.3706711826573255,0
2022-05-23,16214.7001953125,16214.7001953125,16414.69921875,16185.75,16290.9501953125,293800,,,17377.650390625,15735.75,,Bearish,,16414.233926478228,16782.36137648805,16777.790071615593,-1,-1,1,-1,43.51409162654604,-1,17377.650390625,15735.75,-6.692217700155223,3.0437074515831775,0
2022-05-24,16125.150390625,16125.150390625,16262.7998046875,16078.599609375,16225.5498046875,249800,,,17377.650390625,15735.75,,Bearish,,16386.70216115887,16756.588396650284,16771.296144441556,-1,-1,-1,-3,42.01403065149892,-1,17377.650390625,15735.75,-7.207533652971321,2.474622376594704,-1
2022-05-25,16025.7998046875,16025.7998046875,16223.349609375,16006.9501953125,16196.349609375,243300,,,17377.650390625,15735.75,,Bearish,,16352.330508161598,16727.93002049488,16763.878270414152,-1,-1,-1,-3,40.352016539634675,-1,17377.650390625,15735.75,-7.779248376793246,1.8432537672973925,-1
2022-05-26,16170.150390625,16170.150390625,16204.4501953125,15903.7001953125,16105.0,314300,,,17377.650390625,15735.75,,Bearish,,16334.98002077716,16706.056309519594,16757.97053031675,-1,-1,-1,-3,43.82886950722958,-1,17377.650390625,15735.75,-6.9485803480741515,2.760595399806176,0
2022-05-27,16352.4501953125,16352.4501953125,16370.599609375,16221.9501953125,16296.599609375,274100,,,17377.650390625,15735.75,,Bearish,,16336.643846923384,16692.1894030801,16753.935502107754,1,-1,-1,-1,47.95481469459024,0,17377.650390625,15735.75,-5.8995328612755475,3.9191026504138637,0
2022-05-30,16661.400390625,16661.400390625,16695.5,16506.150390625,16527.900390625,251400,,,17377.650390625,15735.75,,Bearish,,16367.573041561633,16690.98199082696,16753.01475472982,1,-1,-1,-1,54.107178427936795,0,17132.849609375,15735.75,-2.751726825945089,5.882467569864791,1
2022-05-31,16584.55078125,16584.55078125,16690.75,16521.900390625,16578.44921875,651600,,,17377.650390625,15735.75,,Bearish,,16388.23758819862,16686.808217902373,16751.338496287237,1,-1,-1,-1,52.44638774671701,0,17132.849609375,15735.75,-3.2002780659731833,5.394091678185031,0
2022-06-01,16522.75,16522.75,16649.19921875,16438.849609375,16594.400390625,249600,,,17377.650390625,15735.75,,Bearish,,16401.048294084463,16680.37456229836,16749.063983886368,1,-1,-1,-1,51.08832858095422,0,16945.69921875,15735.75,-2.4959089223182795,5.001350428165163,1
2022-06-02,16628.0,16628.0,16646.400390625,16443.05078125,16481.650390625,236000,,,17377.650390625,15735.75,,Bearish,,16422.662742266893,16678.320657894503,16747.85936713128,1,-1,-1,-1,53.30590158747173,0,16695.5,15735.75,-0.40430056003114556,5.670209554676453,1
2022-06-03,16584.30078125,16584.30078125,16793.849609375,16567.900390625,16761.650390625,245500,16793.849609375,,17377.650390625,15735.75,LH,Bearish,,16438.056841217665,16674.633603908445,16746.23191851555,1,-1,-1,-1,52.24674322770705,0,16793.849609375,15735.75,-1.2477712555435838,5.392502939167176,1
2022-06-06,16569.55078125,16569.55078125,16610.94921875,16444.55078125,16530.69921875,233600,,,16793.849609375,15735.75,,Bearish,,16450.580073601697,16670.51270890223,16744.473897249227,1,-1,-1,-1,51.87209607728346,0,16793.849609375,15735.75,-1.3356010286038722,5.2987673371145405,1
2022-06-07,16416.349609375,16416.349609375,16487.25,16347.099609375,16469.599609375,233800,,,16793.849609375,15735.75,,Bearish,,16447.32002938963,16660.545528528615,16741.20897896192,-1,-1,-1,-3,48.020467964295044,0,16793.849609375,15735.75,-2.2478467342548103,4.325180619767099,1
2022-06-08,16356.25,16356.25,16514.30078125,16293.349609375,16474.94921875,243500,,,16793.849609375,15735.75,,Bearish,,16438.646693257284,16648.6123705471,16737.37854136031,-1,-1,-1,-3,46.55991609568361,0,16793.849609375,15735.75,-2.605713517469599,3.943250242282703,1
2022-06-09,16478.099609375,16478.099609375,16492.80078125,16243.849609375,16263.849609375,205000,,,16793.849609375,15735.75,,Bearish,,16442.404113839923,16641.925595599176,16734.79865148981,1,-1,-1,-1,49.887822090015945,0,16793.849609375,15739.650390625,-1.8801525995786883,4.691649435808576,1
2022-06-10,16201.7998046875,16201.7998046875,16324.7001953125,16172.599609375,16283.9501953125,189700,,,16793.849609375,15735.75,,Bearish,,16419.48941773017,16624.665760661464,16729.49518037735,-1,-1,-1,-3,43.302750229051185,-1,16793.849609375,15739.650390625,-3.525396609226472,2.936211431594238,0
2022-06-13,15774.400390625,15774.400390625,15886.150390625,15684.0,15877.5498046875,225500,,,16793.849609375,15735.75,,Bearish,,16358.052367529677,16591.322020660034,16719.991749633547,-1,-1,-1,-3,35.497279904916354,-1,16793.849609375,15684.0,-6.070372442664384,0.5763860662139741,0
2022-06-14,15732.099609375,15732.099609375,15858.0,15659.4501953125,15674.25,225400,,,16793.849609375,15735.75,,Bearish,Bearish_BOS,16298.437819133993,16557.627024139052,16710.161977093663,-1,-1,-1,-3,34.82814589941229,-1,16793.849609375,15659.4501953125,-6.322255020119316,0.4639333639200549,0
2022-06-15,15692.150390625,15692.150390625,15783.650390625,15678.900390625,15729.25,183000,,,16793.849609375,15735.75,,Bearish,Bearish_BOS,16240.696159275993,16523.686764001246,16700.03250857159,-1,-1,-1,-3,34.172988615528325,-1,16793.849609375,15659.4501953125,-6.560135075492091,0.20882083920346073,0
2022-06-16,15360.599609375,15360.599609375,15863.150390625,15335.099609375,15832.25,264700,,,16793.849609375,15735.75,,Bearish,Bearish_BOS,16156.877440237802,16478.07550303551,16686.704818032318,-1,-1,-1,-3,29.254474052509764,-1,16793.849609375,15335.099609375,-8.534374389061472,0.16628519311612244,-1
2022-06-17,15293.5,15293.5,15400.400390625,15183.400390625,15272.650390625,342600,,15183.400390625,16793.849609375,15735.75,LL,Bearish,Bearish_BOS,16074.651017358012,16431.62156174,16672.842083524534,-1,-1,-1,-3,28.364691900673193,-1,16793.849609375,15183.400390625,-8.933923098474361,0.7251314365850581,-1
2022-06-20,15350.150390625,15350.150390625,15382.5,15191.099609375,15334.5,260000,,,16793.849609375,15183.400390625,,Bearish,,16005.650957669153,16389.210927578628,16659.6809721524,-1,-1,-1,-3,30.292390730985147,-1,16793.849609375,15183.400390625,-8.596594898313658,1.0982388378756092,-1
2022-06-21,15638.7998046875,15638.7998046875,15707.25,15419.849609375,15455.9501953125,262800,,,16793.849609375,15183.400390625,,Bearish,,15970.712752623282,16359.783040406426,16649.522950585586,-1,-1,-1,-3,39.26112666546808,-1,16793.849609375,15183.400390625,-6.8778143877309965,2.999324277476645,0
2022-06-22,15413.2998046875,15413.2998046875,15565.400390625,15385.9501953125,15545.650390625,220900,,,16793.849609375,15183.400390625,,Bearish,,15917.625805200827,16322.66605077039,16637.222222765704,-1,-1,-1,-3,35.426366481226566,-1,16793.849609375,15183.400390625,-8.220567867398444,1.5141497171111462,-1
2022-06-23,15556.650390625,15556.650390625,15628.4501953125,15367.5,15451.5498046875,259200,,,16793.849609375,15183.400390625,,Bearish,,15883.247194288844,16292.626220960767,16626.47026423694,-1,-1,-1,-3,39.47359686651968,-1,16793.849609375,15183.400390625,-7.3669780754696434,2.4582767390529003,-1
2022-06-24,15699.25,15699.25,15749.25,15619.4501953125,15657.400390625,219600,,,16793.849609375,15183.400390625,,Bearish,,15865.72365197562,16269.356565236816,16617.244191955975,-1,-1,-1,-3,43.28187052551209,-1,16793.849609375,15183.400390625,-6.51786001920579,3.3974577242493753,0
2022-06-27,15832.0498046875,15832.0498046875,15927.4501953125,15815.5,15926.2001953125,210900,15927.4501953125,,16793.849609375,15183.400390625,LH,Bearish,,15862.516618900561,16252.207280509392,16609.43131248067,-1,-1,-1,-3,46.64848818388435,0,16793.849609375,15183.400390625,-5.727095496619105,4.272095824220035,0
2022-06-28,15850.2001953125,15850.2001953125,15892.099609375,15710.150390625,15757.4501953125,251900,,,15927.4501953125,15183.400390625,,Bearish,,15861.34362617789,16236.44229677618,16601.876774001383,-1,-1,-1,-3,47.110564861941484,0,16793.849609375,15183.400390625,-5.619017890547962,4.39163683715551,0
2022-06-29,15799.099609375,15799.099609375,15861.599609375,15687.7998046875,15701.7001953125,444900,,,15927.4501953125,15183.400390625,,Bearish,,15855.415624577614,16219.291603152606,16593.88894151754,-1,-1,-1,-3,45.90510463000779,0,16793.849609375,15183.400390625,-5.923299440794628,4.055081226272361,0
2022-06-30,15780.25,15780.25,15890.0,15728.849609375,15774.5,306000,,,15927.4501953125,15183.400390625,,Bearish,,15848.25699366546,16202.074285381916,16585.793031651694,-1,-1,-1,-3,45.44318702380941,0,16793.849609375,15183.400390625,-6.035540587484888,3.930935060788654,0
2022-07-01,15752.0498046875,15752.0498046875,15793.9501953125,15511.0498046875,15703.7001953125,364100,,15511.0498046875,15927.4501953125,15183.400390625,HL,Bullish,,15839.094404238987,16184.426266531154,16577.49707914459,-1,-1,-1,-3,44.71821304334294,-1,16610.94921875,15183.400390625,-5.170682317738939,3.7452046276380324,0
2022-07-04,15835.349609375,15835.349609375,15852.349609375,15661.7998046875,15710.5,304300,,,15927.4501953125,15511.0498046875,,Bullish,,15838.737757109084,16170.736985858364,16570.112527206584,-1,-1,-1,-3,47.38822462771508,0,16514.30078125,15183.400390625,-4.1112922724882655,4.293828799723598,0
2022-07-05,15810.849609375,15810.849609375,16025.75,15785.4501953125,15909.150390625,254200,,,15927.4501953125,15511.0498046875,,Bullish,,15836.08174303917,16156.623755408038,16562.557672302788,-1,-1,-1,-3,46.67419749216781,0,16514.30078125,15183.400390625,-4.259648538518112,4.132468370770348,0
2022-07-06,15989.7998046875,15989.7998046875,16011.349609375,15800.900390625,15818.2001953125,288400,,,15927.4501953125,15511.0498046875,,Bullish,Bullish_BOS,15850.72155843425,16150.081639693508,16556.858589042935,1,-1,-1,-1,52.32471647898597,0,16492.80078125,15183.400390625,-3.049821453820878,5.311059402480178,0
2022-07-07,16132.900390625,16132.900390625,16150.5,16045.9501953125,16113.75,264600,,,15927.4501953125,15511.0498046875,,Bullish,Bullish_BOS,15877.595732928608,16149.407865220233,16552.64009950644,1,-1,-1,-1,56.311410298832165,1,16324.7001953125,15183.400390625,-1.1749055259377639,6.253539889432602,1
2022-07-08,16220.599609375,16220.599609375,16275.5,16157.900390625,16273.650390625,281100,16275.5,,15927.4501953125,15511.0498046875,HH,Bullish,Bullish_BOS,15910.262768780645,16152.199698324343,16549.336214032497,1,-1,-1,-1,58.596462087117025,1,16275.5,15183.400390625,-0.33731922598384534,6.831139218263771,1
2022-07-11,16216.0,16216.0,16248.5498046875,16115.5,16136.150390625,255900,,,16275.5,15511.0498046875,,Bullish,,15939.380600325345,16154.701670939075,16546.01943578342,1,-1,-1,-1,58.42386707902512,1,16275.5,15183.400390625,-0.36558016650793945,6.8008455471712415,1
2022-07-12,16058.2998046875,16058.2998046875,16158.75,16031.150390625,16126.2001953125,208600,,,16275.5,15511.0498046875,,Bullish,,15950.706238836026,16150.921205595876,16541.166504130724,1,-1,-1,-1,52.69317388761262,0,16275.5,15183.400390625,-1.334522412905903,5.762209989553502,1
2022-07-13,15966.650390625,15966.650390625,16140.0,15950.150390625,16128.2001953125,233300,,,16275.5,15511.0498046875,,Bullish,,15952.224729482596,16143.69489912643,16535.449925886885,1,-1,-1,-1,49.64543124972406,0,16275.5,15183.400390625,-1.8976351532979052,5.158594121535631,1
2022-07-14,15938.650390625,15938.650390625,16070.849609375,15858.2001953125,16018.849609375,228600,,15858.2001953125,16275.5,15511.0498046875,HL,Bullish,,15950.931935305682,16135.653938008727,16529.511622053436,-1,-1,-1,-3,48.7183254315592,0,16275.5,15183.400390625,-2.069672878713402,4.974182202731936,1
2022-07-15,16049.2001953125,16049.2001953125,16066.9501953125,15927.2998046875,16010.7998046875,205800,,,16275.5,15858.2001953125,,Bullish,,15960.290817211095,16132.263595157896,16524.73240387691,1,-1,-1,-1,52.49068771856739,0,16275.5,15191.099609375,-1.390432273586062,5.648706202992271,1
2022-07-18,16278.5,16278.5,16287.9501953125,16142.2001953125,16151.400390625,227700,,,16275.5,15858.2001953125,,Bullish,Bullish_BOS,15990.596453667182,16137.998356132097,16522.282330206493,1,-1,-1,-1,59.195540072183874,1,16287.9501953125,15367.5,-0.05801954941647702,5.928095005693845,1
2022-07-19,16340.5498046875,16340.5498046875,16359.5,16187.0498046875,16187.0498046875,222600,,,16275.5,15858.2001953125,,Bullish,Bullish_BOS,16023.925344240544,16145.941550193094,16520.474046370484,1,-1,-1,-1,60.80743090353746,1,16359.5,15367.5,-0.11583602990616892,6.33186793354481,1
2022-07-20,16520.849609375,16520.849609375,16588.0,16490.94921875,16562.80078125,284400,,,16275.5,15858.2001953125,,Bullish,Bullish_BOS,16071.25146472954,16160.643827023758,16520.477783315804,1,-1,-1,-1,65.11918633297577,1,16588.0,15367.5,-0.4048130613998113,7.505121909061341,1
2022-07-21,16605.25,16605.25,16626.94921875,16483.900390625,16523.55078125,243600,,,16275.5,15858.2001953125,,Bullish,Bullish_BOS,16122.108468088632,16178.079363218905,16521.32128795943,1,-1,-1,-1,66.9520445325058,1,16626.94921875,15511.0498046875,-0.1305063151665231,7.054327135110028,1
2022-07-22,16719.44921875,16719.44921875,16752.25,16610.900390625,16661.25,190900,,,16275.5,15858.2001953125,,Bullish,Bullish_BOS,16178.998063389714,16199.309553631889,16523.29271015635,1,-1,-1,-1,69.30248290682694,1,16752.25,15511.0498046875,-0.19579925830858214,7.7905714266826465,1
2022-07-25,16631.0,16631.0,16706.05078125,16564.25,16662.55078125,211400,,,16275.5,15858.2001953125,,Bullish,Bullish_BOS,16222.045866876408,16216.238590744364,16524.364424483156,1,1,-1,1,65.42151188149114,1,16752.25,15511.0498046875,-0.7237833723828135,7.220337819907252,1
2022-07-26,16483.849609375,16483.849609375,16636.099609375,16463.30078125,16632.900390625,208200,,,16275.5,15858.2001953125,,Bullish,Bullish_BOS,16246.979556638178,16226.733140494585,16523.961291994518,1,1,-1,1,59.45610385776688,1,16752.25,15511.0498046875,-1.6021751742303247,6.271656766865097,1
2022-07-27,16641.80078125,16641.80078125,16653.44921875,16438.75,16475.349609375,185200,,16438.75,16275.5,15858.2001953125,HL,Bullish,Bullish_BOS,16284.58157802978,16243.01030287715,16525.133824225915,1,1,-1,1,63.32217038233032,1,16752.25,15511.0498046875,-0.6593097568983297,7.289970639000742,1
2022-07-28,16929.599609375,16929.599609375,16947.650390625,16746.25,16774.849609375,376300,,,16275.5,16438.75,,Bullish,Bullish_BOS,16346.011866729325,16269.935373720202,16529.15835940153,1,1,-1,1,69.1032336568945,1,16947.650390625,15511.0498046875,-0.10650904894748958,9.145414543500529,1
2022-07-29,17158.25,17158.25,17172.80078125,17018.150390625,17079.5,436100,,,16275.5,16438.75,,Bullish,Bullish_BOS,16423.36787942177,16304.77124141745,16535.41797771594,1,1,-1,1,72.7747359549845,1,17172.80078125,15661.7998046875,-0.0847315556463446,9.554777956391835,1
2022-08-01,17340.05078125,17340.05078125,17356.25,17154.80078125,17243.19921875,381500,,,16275.5,16438.75,,Bullish,Bullish_BOS,16510.67101292922,16345.370439057942,16543.42427426852,1,1,-1,1,75.28909822507714,1,17356.25,15785.4501953125,-0.09333363341735845,9.848313267613618,1
2022-08-02,17345.44921875,17345.44921875,17390.150390625,17215.849609375,17310.150390625,333600,,,16275.5,16438.75,,Bullish,Bullish_BOS,16590.173699197865,16384.589214732143,16551.404621974805,1,1,-1,1,75.36186290679396,1,17390.150390625,15800.900390625,-0.25704879412140613,9.77506844509577,1
2022-08-03,17388.150390625,17388.150390625,17407.5,17225.849609375,17349.25,285400,,,16275.5,16438.75,,Bullish,Bullish_BOS,16666.17147933378,16423.944554963236,16559.73045051859,1,1,-1,1,75.96475148473812,1,17407.5,15858.2001953125,-0.11115673919287472,9.647691266785351,1
2022-08-04,17382.0,17382.0,17490.69921875,17161.25,17463.099609375,325000,,,16275.5,16438.75,,Bullish,Bullish_BOS,16734.345624159138,16461.515356729386,16567.912237080593,1,1,-1,1,75.67751233971684,1,17490.69921875,15858.2001953125,-0.6214686868177055,9.608907605655759,1
2022-08-05,17397.5,17397.5,17474.400390625,17348.75,17423.650390625,355300,,,16275.5,16438.75,,Bullish,Bullish_BOS,16797.50318376303,16498.220636857644,16576.166841686754,1,1,-1,1,75.92458177694105,1,17490.69921875,15858.2001953125,-0.5328501598729107,9.706648836117605,1
2022-08-08,17525.099609375,17525.099609375,17548.80078125,17359.75,17401.5,257000,,,16275.5,16438.75,,Bullish,Bullish_BOS,16866.79808144036,16538.490400485774,16585.60895877818,1,1,-1,1,77.91359804851963,1,17548.80078125,15858.2001953125,-0.13505864115982424,10.51127740558615,1
2022-08-10,17534.75,17534.75,17566.099609375,17442.80078125,17566.099609375,312700,,,16275.5,16438.75,,Bullish,Bullish_BOS,16930.41254987461,16577.559404388292,16595.053148243074,1,1,-1,1,78.06122211302959,1,17566.099609375,15858.2001953125,-0.1784665353842585,10.572131667142592,1
2022-08-11,17659.0,17659.0,17719.30078125,17631.94921875,17711.650390625,311200,,,16275.5,16438.75,,Bullish,Bullish_BOS,16999.801830838933,16619.968839510322,16605.639684081452,1,1,1,3,79.92197760329584,1,17719.30078125,15858.2001953125,-0.34031129102909397,11.35563798229635,1
2022-08-12,17698.150390625,17698.150390625,17724.650390625,17597.849609375,17659.650390625,303900,,,16275.5,16438.75,,Bullish,Bullish_BOS,17066.311217485225,16662.2504689658,16616.51043738039,1,1,1,3,80.48367109524379,1,17724.650390625,15927.2998046875,-0.1495092959013511,11.118335233548681,1
2022-08-16,17825.25,17825.25,17839.099609375,17764.05078125,17797.19921875,0,,,16275.5,16438.75,,Bullish,Bullish_BOS,17138.591101534254,16707.85829371224,16628.53769670994,1,1,1,3,82.22244563590854,1,17839.099609375,16142.2001953125,-0.07763625787324813,10.426396552659757,1
2022-08-17,17944.25,17944.25,17965.94921875,17833.349609375,17868.150390625,262800,,,16275.5,16438.75,,Bullish,Bullish_BOS,17215.32052043575,16756.34424297843,16641.629361419295,1,1,1,3,83.68780758044639,1,17965.94921875,16187.0498046875,-0.12077969544382894,10.855592689926997,1
2022-08-18,17956.5,17956.5,17968.44921875,17852.05078125,17898.650390625,263900,,,16275.5,16438.75,,Bullish,Bullish_BOS,17285.909042299012,16803.409174626337,16654.712651355425,1,1,1,3,83.83551711166223,1,17968.44921875,16438.75,-0.06650111317080265,9.232757965173754,1
2022-08-19,17758.44921875,17758.44921875,17992.19921875,17710.75,17966.55078125,295600,17992.19921875,,16275.5,16438.75,HH,Bullish,Bullish_BOS,17330.912868627678,16840.861725376286,16665.695104762337,1,1,1,3,72.41808643136615,1,17992.19921875,16438.75,-1.299174142960824,8.027977910425065,1
2022-08-22,17490.69921875,17490.69921875,17690.05078125,17467.349609375,17682.900390625,287600,,,17992.19921875,16438.75,,Bullish,,17346.130616258375,16866.345548645844,16673.90410092142,1,1,1,3,60.43505126470984,1,17992.19921875,16438.75,-2.787319070352323,6.3992044331229625,1
2022-08-23,17577.5,17577.5,17625.55078125,17345.19921875,17357.349609375,285600,,,17992.19921875,16438.75,,Bullish,,17368.16579566234,16894.23395850287,16682.89510489235,1,1,1,3,62.59586928459447,1,17992.19921875,16438.75,-2.304883431469762,6.927229868451068,1
2022-08-24,17604.94921875,17604.94921875,17623.650390625,17499.25,17525.44921875,262000,,,17992.19921875,16438.75,,Bullish,,17390.716597861163,16922.10514517923,16692.06977269193,1,1,1,3,63.27885996687172,1,17992.19921875,16438.75,-2.152321655022804,7.0942086153144235,1
2022-08-25,17522.44921875,17522.44921875,17726.5,17487.44921875,17679.0,230200,,,17992.19921875,16438.75,,Bullish,,17403.26256175534,16945.648050025142,16700.33225474226,1,1,1,3,59.74764122404834,1,17992.19921875,16438.75,-2.6108537054795655,6.592345639114905,1
2022-08-26,17558.900390625,17558.900390625,17685.849609375,17519.349609375,17619.30078125,266600,,,17992.19921875,16438.75,,Bullish,,17418.08521212388,16969.697161421216,16708.87522126846,1,1,1,3,60.788803208395116,1,17992.19921875,16746.25,-2.408259395402046,4.852730555348206,1
2022-08-29,17312.900390625,17312.900390625,17380.150390625,17166.19921875,17188.650390625,244900,,17166.19921875,17992.19921875,16438.75,HL,Bullish,,17408.067610076367,16983.15611158607,16714.885421958574,-1,1,1,1,51.1694473873332,0,17992.19921875,17018.150390625,-3.775518600400396,1.7319743522913766,0
2022-08-30,17759.30078125,17759.30078125,17777.650390625,17401.5,17414.94921875,324700,17777.650390625,,17992.19921875,17166.19921875,LH,Bearish,,17441.51838828338,17013.593157455245,16725.27761458834,1,1,1,3,62.703148849615665,1,17992.19921875,17154.80078125,-1.294441189030926,3.5237949289432136,1
2022-09-01,17542.80078125,17542.80078125,17695.599609375,17468.44921875,17485.69921875,308500,,,17777.650390625,17166.19921875,,Bearish,,17451.164330470678,17034.34639760406,16733.412173460594,1,1,1,3,55.8172093241231,1,17992.19921875,17161.25,-2.497740448714425,2.2233274455532026,1
2022-09-02,17539.44921875,17539.44921875,17643.849609375,17476.44921875,17598.400390625,256300,,,17777.650390625,17166.19921875,,Bearish,,17459.57241506871,17054.154351374487,16741.43244256795,1,1,1,3,55.71520427115859,1,17992.19921875,17161.25,-2.516368313264239,2.203797618180503,1
2022-09-05,17665.80078125,17665.80078125,17683.150390625,17540.349609375,17546.44921875,230300,,,17777.650390625,17166.19921875,,Bearish,,17479.21321184788,17078.14048587941,16750.63013748021,1,1,1,3,58.7739493032975,1,17992.19921875,17161.25,-1.8141108462152555,2.9400584529098994,1
2022-09-06,17655.599609375,17655.599609375,17764.650390625,17587.650390625,17695.69921875,251200,,,17777.650390625,17166.19921875,,Bearish,,17496.01191637427,17100.785941702765,16759.634808842347,1,1,1,3,58.423094586240374,1,17992.19921875,17166.19921875,-1.8708085947838127,2.850953693293068,1
2022-09-07,17624.400390625,17624.400390625,17650.75,17484.30078125,17519.400390625,354100,,,17777.650390625,17166.19921875,,Bearish,,17508.239390112438,17121.3198416605,16768.239441496902,1,1,1,3,57.296547784015516,1,17992.19921875,17166.19921875,-2.044212737160611,2.66920572245557,1
2022-09-08,17798.75,17798.75,17807.650390625,17691.94921875,17748.150390625,279800,,,17777.650390625,17166.19921875,,Bearish,Bullish_BOS,17535.907067244585,17147.88573022283,16778.49327789992,1,1,1,3,61.73680250100334,1,17992.19921875,17166.19921875,-1.0751838416084403,3.684862171231762,1
2022-09-09,17833.349609375,17833.349609375,17925.94921875,17786.0,17923.349609375,270300,,,17777.650390625,17166.19921875,,Bearish,Bullish_BOS,17564.234928399863,17174.766666660173,16788.98936080017,1,1,1,3,62.568596739381455,1,17992.19921875,17166.19921875,-0.8828804497087783,3.886418782186185,1
2022-09-12,17936.349609375,17936.349609375,17980.55078125,17889.150390625,17890.849609375,228200,,,17777.650390625,17166.19921875,,Bearish,Bullish_BOS,17599.674421826065,17204.632664413693,16800.405880686485,1,1,1,3,65.00732023838489,1,17992.19921875,17166.19921875,-0.31041013216882574,4.486435120616528,1
2022-09-13,18070.05078125,18070.05078125,18088.30078125,18015.44921875,18044.44921875,259900,,,17777.650390625,17166.19921875,,Bearish,Bullish_BOS,17644.47217034263,17238.570629779824,16813.039163279158,1,1,1,3,67.92831577993591,1,18088.30078125,17166.19921875,-0.10089394366394888,5.2652981069493565,1
2022-09-14,18003.75,18003.75,18091.55078125,17771.150390625,17771.150390625,365900,,,17777.650390625,17166.19921875,,Bearish,Bullish_BOS,17678.689106500475,17268.577663906108,16824.887032301256,1,1,1,3,65.02942584214517,1,18091.55078125,17166.19921875,-0.48531373739942874,4.87906944674843,1
2022-09-15,17877.400390625,17877.400390625,18096.150390625,17861.5,18046.349609375,289600,18096.150390625,,17777.650390625,17166.19921875,HH,Bullish,Bullish_BOS,17697.613990702812,17292.45306495391,16835.35980203582,1,1,1,3,59.792598575174104,1,18096.150390625,17166.19921875,-1.2088206346545727,4.1430322624834925,1
2022-09-16,17530.849609375,17530.849609375,17820.05078125,17497.25,17796.80078125,468500,,,18096.150390625,17166.19921875,,Bullish,,17681.731668671593,17301.801949048855,16842.28009862626,-1,1,1,1,48.30288799015169,0,18096.150390625,17166.19921875,-3.1238731390233365,2.1242348756310925,0
2022-09-19,17622.25,17622.25,17667.19921875,17429.69921875,17540.650390625,258300,,,18096.150390625,17166.19921875,,Bullish,,17676.06674784573,17314.368539282234,16850.04099316729,-1,1,1,1,50.978447267739384,0,18096.150390625,17166.19921875,-2.6187911815239495,2.656678834018611,1
2022-09-20,17816.25,17816.25,17919.30078125,17744.400390625,17770.400390625,263100,,,18096.150390625,17166.19921875,,Bullish,,17689.417533765183,17334.050165192733,16859.655013135776,1,1,1,3,56.164240449290766,1,18096.150390625,17166.19921875,-1.5467399672474347,3.7868066947514656,1
2022-09-21,17718.349609375,17718.349609375,17838.69921875,17663.599609375,17766.349609375,245500,,,18096.150390625,17166.19921875,,Bullish,,17692.172969537547,17349.120731631254,16868.19923797398,1,1,1,3,53.11087382484292,0,18096.150390625,17166.19921875,-2.0877411664622647,3.2164976276280566,1
2022-09-22,17629.80078125,17629.80078125,17722.75,17532.44921875,17609.650390625,284100,,,18096.150390625,17166.19921875,,Bullish,,17686.23276112921,17360.127792400617,16875.777362782697,-1,1,1,1,50.43986071561275,0,18096.150390625,17166.19921875,-2.57706528354561,2.700665165260485,1
2022-09-23,17327.349609375,17327.349609375,17642.150390625,17291.650390625,17593.849609375,390800,,,18096.150390625,17166.19921875,,Bullish,,17652.053413343096,17358.842373458436,16880.270618967694,-1,1,1,1,42.5656202120221,-1,18096.150390625,17166.19921875,-4.248421706576277,0.9387657021303841,0
2022-09-26,17016.30078125,17016.30078125,17196.400390625,16978.30078125,17156.30078125,492000,,,18096.150390625,17166.19921875,,Bullish,Bearish_BOS,17591.505543619944,17345.40936984242,16881.62415292075,-1,1,1,1,36.29094741100884,-1,18096.150390625,16978.30078125,-5.967289097765416,0.2238150948648876,0
2022-09-27,17007.400390625,17007.400390625,17176.44921875,16942.349609375,17110.900390625,359900,,,18096.150390625,17166.19921875,,Bullish,Bearish_BOS,17535.87648142995,17332.15411575546,16882.87565777353,-1,1,1,1,36.12684034553584,-1,18096.150390625,16942.349609375,-6.016472987337929,0.3839537180486685,0
2022-09-28,16858.599609375,16858.599609375,17037.599609375,16820.400390625,16870.55078125,323900,,,18096.150390625,17166.19921875,,Bullish,Bearish_BOS,17471.373922186624,17313.583350799367,16882.634105053145,-1,1,1,1,33.40697761083375,-1,18096.150390625,16820.400390625,-6.838751637978946,0.22710053187136037,0
2022-09-29,16818.099609375,16818.099609375,17026.05078125,16788.599609375,16993.599609375,340000,,,18096.150390625,17166.19921875,,Bullish,Bearish_BOS,17409.157320966468,17294.15261584155,16881.99197076779,-1,1,1,1,32.68568888379458,-1,18096.150390625,16788.599609375,-7.0625561440521345,0.17571447700455156,-1
2022-09-30,17094.349609375,17094.349609375,17187.099609375,16747.69921875,16798.05078125,376100,,16747.69921875,18096.150390625,17166.19921875,LL,Bearish,Bearish_BOS,17379.175634148232,17286.317203823255,16884.104982097215,-1,1,1,1,41.900314357278184,-1,18096.150390625,16747.69921875,-5.5359883711454945,2.069838884119113,0
2022-10-03,16887.349609375,16887.349609375,17114.650390625,16855.55078125,17102.099609375,278400,,,18096.150390625,16747.69921875,,Bearish,,17332.335060360307,17270.67141580568,16884.13726694575,-1,1,1,1,37.73223866307198,-1,18096.150390625,16747.69921875,-6.679878068852907,0.8338482128258828,0
2022-10-04,17274.30078125,17274.30078125,17287.30078125,17117.30078125,17147.44921875,226000,,,18096.150390625,16747.69921875,,Bearish,,17326.807986159325,17270.81374386232,16888.019490968676,-1,1,1,1,48.12133178313863,0,18096.150390625,16747.69921875,-4.541571503521391,3.1443218296543174,0
2022-10-06,17331.80078125,17331.80078125,17428.80078125,17315.650390625,17379.25,265500,17428.80078125,,18096.150390625,16747.69921875,LH,Bearish,,17327.283490453676,17273.205392387328,16892.435225200334,1,1,1,3,49.4704686766539,0,18096.150390625,16747.69921875,-4.223824365269335,3.4876525716802,0
2022-10-07,17314.650390625,17314.650390625,17337.349609375,17216.94921875,17287.19921875,216300,,,17428.80078125,16747.69921875,,Bearish,,17326.08033808904,17274.830686435867,16896.636371124958,-1,1,1,1,49.06065036868684,0,18096.150390625,16747.69921875,-4.3185980616345265,3.385248113605166,0
2022-10-10,17241.0,17241.0,17280.150390625,17064.69921875,17094.349609375,234000,,,17428.80078125,16747.69921875,,Bearish,,17317.977448747224,17273.50399285015,16900.06287489486,-1,1,1,1,47.250408439816596,0,18096.150390625,16747.69921875,-4.725592859064786,2.945483882930744,0
2022-10-11,16983.55078125,16983.55078125,17261.80078125,16950.30078125,17256.05078125,282600,,,17428.80078125,16747.69921875,,Bearish,,17286.127289937966,17262.133278669753,16900.89360033123,-1,1,1,1,41.48773218550059,-1,18096.150390625,16747.69921875,-6.148266815639413,1.4082624688885659,0
2022-10-12,17123.599609375,17123.599609375,17142.349609375,16960.05078125,17025.55078125,256000,,,17428.80078125,16747.69921875,,Bearish,,17270.648463217683,17256.700585756236,16903.109580520722,-1,1,1,1,45.38955005852542,0,18096.150390625,16747.69921875,-5.374351783425968,2.2444897398453234,0
2022-10-13,17014.349609375,17014.349609375,17112.349609375,16956.94921875,17087.349609375,266400,,,17428.80078125,16747.69921875,,Bearish,,17246.239048566,17247.19662589815,16904.216446479473,-1,-1,1,-1,42.98169547258476,-1,18096.150390625,16747.69921875,-5.978071346104885,1.5921613299961113,0
2022-10-14,17185.69921875,17185.69921875,17348.55078125,17169.75,17322.30078125,227000,,,17428.80078125,16747.69921875,,Bearish,,17240.473350488286,17244.78496287273,16907.017270084158,-1,-1,1,-1,47.67055144418737,0,17919.30078125,16747.69921875,-4.093918459517177,2.615284608823365,0
2022-10-17,17311.80078125,17311.80078125,17328.55078125,17098.55078125,17144.80078125,212200,,,17428.80078125,16747.69921875,,Bearish,,17247.266439132258,17247.413034181645,16911.044966712674,1,-1,1,1,50.87239576383443,0,17919.30078125,16747.69921875,-3.390199246142811,3.3682331831494494,0
2022-10-18,17486.94921875,17486.94921875,17527.80078125,17434.05078125,17438.75,239500,,,17428.80078125,16747.69921875,,Bearish,Bullish_BOS,17270.093370524424,17256.80661004707,16916.77535728021,1,1,1,3,54.9916415839771,0,17919.30078125,16747.69921875,-2.412770273672704,4.41403914856775,1
2022-10-19,17512.25,17512.25,17607.599609375,17472.849609375,17568.150390625,210500,,,17428.80078125,16747.69921875,,Bearish,Bullish_BOS,17293.155906664953,17266.82399788836,16922.700478103292,1,1,1,3,55.57116290368908,1,17838.69921875,16747.69921875,-1.83000573498584,4.565109339879014,1
2022-10-20,17563.94921875,17563.94921875,17584.150390625,17421.0,17423.099609375,249600,,,17428.80078125,16747.69921875,,Bearish,Bullish_BOS,17318.945745911147,17278.475967333918,16929.08106258734,1,1,1,3,56.79533264918324,1,17722.75,16747.69921875,-0.8960278808311406,4.873803794411136,1
2022-10-21,17576.30078125,17576.30078125,17670.150390625,17520.75,17622.849609375,277700,,,17428.80078125,16747.69921875,,Bearish,Bullish_BOS,17343.455749276753,17290.15537180122,16935.521059787963,1,1,1,3,57.099464574929094,1,17670.150390625,16747.69921875,-0.5311194715399425,4.947554596468584,1
2022-10-24,17730.75,17730.75,17777.55078125,17707.400390625,17736.349609375,45000,,,17428.80078125,16747.69921875,,Bearish,Bullish_BOS,17380.3409160123,17307.4335925149,16943.433785561218,1,1,1,3,60.81404902169317,1,17777.55078125,16747.69921875,-0.2632577559523064,5.869766159577416,1
2022-10-25,17656.349609375,17656.349609375,17811.5,17637.0,17808.30078125,251400,,,17428.80078125,16747.69921875,,Bearish,Bullish_BOS,17406.62745823732,17321.116573568237,16950.52747535041,1,1,1,3,58.199821632712656,1,17811.5,16747.69921875,-0.8710686389411304,5.425523701833113,1
2022-10-27,17736.94921875,17736.94921875,17783.900390625,17654.5,17771.400390625,324600,,,17428.80078125,16747.69921875,,Bearish,Bullish_BOS,17438.08667352424,17337.423736124387,16958.352567324535,1,1,1,3,60.19604034616178,1,17811.5,16747.69921875,-0.41855419953400474,5.906781505202097,1
2022-10-28,17786.80078125,17786.80078125,17838.900390625,17723.69921875,17756.400390625,250000,,,17428.80078125,16747.69921875,,Bearish,Bullish_BOS,17471.297540926695,17355.046365345,16966.59583313474,1,1,1,3,61.423160675730884,1,17838.900390625,16747.69921875,-0.292056170695254,6.204443660754699,1
2022-10-31,18012.19921875,18012.19921875,18022.80078125,17899.900390625,17910.19921875,227200,,,17428.80078125,16747.69921875,,Bearish,Bullish_BOS,17522.811986433677,17380.81706547853,16976.999846921957,1,1,1,3,66.45821190981891,1,18022.80078125,16747.69921875,-0.05882305768496465,7.550290839856499,1
2022-11-01,18145.400390625,18145.400390625,18175.80078125,18060.150390625,18130.69921875,349900,,,17428.80078125,16747.69921875,,Bearish,Bullish_BOS,17582.106120166183,17410.800725288198,16988.625722978704,1,1,1,3,69.03068411858794,1,18175.80078125,16855.55078125,-0.16725750348430823,7.65237295484773,1
2022-11-02,18082.849609375,18082.849609375,18178.75,18048.650390625,18177.900390625,270900,,,17428.80078125,16747.69921875,,Bearish,Bullish_BOS,17629.795976281308,17437.15558348768,16999.513522843346,1,1,1,3,66.45323566377542,1,18178.75,16950.30078125,-0.5275411710101041,6.681585434624249,1
2022-11-03,18052.69921875,18052.69921875,18106.30078125,17959.19921875,17968.349609375,213000,,,17428.80078125,16747.69921875,,Bearish,Bullish_BOS,17670.07247556404,17461.2945495764,17009.99298250411,1,1,1,3,65.18974515796592,1,18178.75,16950.30078125,-0.6933963075018923,6.503710180290412,1
2022-11-04,18117.150390625,18117.150390625,18135.099609375,18017.150390625,18053.400390625,267900,,,17428.80078125,16747.69921875,,Bearish,Bullish_BOS,17712.651324617465,17487.014386480267,17021.009474127204,1,1,1,3,66.64950268647831,1,18178.75,16950.30078125,-0.3388550333493723,6.883946334838731,1
2022-11-07,18202.80078125,18202.80078125,18255.5,18064.75,18211.75,314800,,,17428.80078125,16747.69921875,,Bearish,Bullish_BOS,17759.332225249134,17515.08444117712,17032.768591611013,1,1,1,3,68.53769928865299,1,18255.5,16950.30078125,-0.2886758442661064,7.389249407216925,1
2022-11-09,18157.0,18157.0,18296.400390625,18117.5,18288.25,307200,,,17428.80078125,16747.69921875,,Bearish,Bullish_BOS,17797.205346653976,17540.257600346646,17043.95497378404,1,1,1,3,66.37364193328179,1,18296.400390625,16950.30078125,-0.7619006342713619,7.119043103263523,1
2022-11-10,18028.19921875,18028.19921875,18103.099609375,17969.400390625,18044.349609375,256500,,,17428.80078125,16747.69921875,,Bearish,Bullish_BOS,17819.204763044076,17559.39256577423,17053.748448858325,1,1,1,3,60.580643366343665,1,18296.400390625,16956.94921875,-1.4658685104662728,6.31746893961016,1
2022-11-11,18349.69921875,18349.69921875,18362.30078125,18259.349609375,18272.349609375,378500,,,17428.80078125,16747.69921875,,Bearish,Bullish_BOS,17869.72804453988,17590.384983537988,17066.64348139456,1,1,1,3,68.0715274793287,1,18362.30078125,16956.94921875,-0.06862736129923386,8.213446782396328,1
2022-11-14,18329.150390625,18329.150390625,18399.44921875,18311.400390625,18376.400390625,301400,,,17428.80078125,16747.69921875,,Bearish,Bullish_BOS,17913.482553690843,17619.356175972775,17079.205739197845,1,1,1,3,67.19263452734944,1,18399.44921875,17098.55078125,-0.38207028530702347,7.197098895214293,1
2022-11-15,18403.400390625,18403.400390625,18427.94921875,18282.0,18362.75,250900,,,17428.80078125,16747.69921875,,Bearish,Bullish_BOS,17960.14139530362,17650.10300791992,17092.381805381203,1,1,1,3,68.76208152882481,1,18427.94921875,17098.55078125,-0.13321519303961527,7.63134622383248,1
2022-11-16,18409.650390625,18409.650390625,18442.150390625,18344.150390625,18398.25,219300,18442.150390625,,17428.80078125,16747.69921875,HH,Bullish,Bullish_BOS,18002.95177581042,17679.88917979071,17105.48895548313,1,1,1,3,68.89696115804011,1,18442.150390625,17421.0,-0.17622673772642594,5.675049598903614,1
2022-11-17,18343.900390625,18343.900390625,18417.599609375,18312.94921875,18358.69921875,200500,,,18442.150390625,16747.69921875,,Bullish,,18035.423072459427,17705.928835117546,17117.81145732534,1,1,1,3,65.68386728191423,1,18442.150390625,17421.0,-0.5327469840498922,5.29763154023879,1
2022-11-18,18307.650390625,18307.650390625,18394.599609375,18209.80078125,18382.94921875,198800,,,18442.150390625,16747.69921875,,Bullish,,18061.34948371329,17729.525758862936,17129.650650691507,1,1,1,3,63.91409682571614,1,18442.150390625,17421.0,-0.7293075761293677,5.08954934059469,1
2022-11-21,18159.94921875,18159.94921875,18262.30078125,18133.349609375,18246.400390625,213800,,18133.349609375,18442.150390625,16747.69921875,HL,Bullish,,18070.739934669167,17746.405110231055,17139.902377736864,1,1,1,3,57.156608686469355,1,18442.150390625,17520.75,-1.5301966739109552,3.6482411925859326,1
2022-11-22,18244.19921875,18244.19921875,18261.849609375,18137.69921875,18179.150390625,177700,,,18442.150390625,18133.349609375,,Bullish,,18087.259866486387,17765.926447820035,17150.890406005652,1,1,1,3,59.769462559984404,1,18442.150390625,17637.0,-1.0733627461124495,3.442757944945285,1
2022-11-23,18267.25,18267.25,18325.400390625,18246.0,18325.19921875,178800,,,18442.150390625,18133.349609375,,Bullish,,18104.401783963873,17785.586194964348,17161.99846166729,1,1,1,3,60.47961706865547,1,18442.150390625,17637.0,-0.948373085136045,3.5734535351817254,1
2022-11-24,18484.099609375,18484.099609375,18529.69921875,18294.25,18326.099609375,204000,,,18442.150390625,18133.349609375,,Bullish,Bullish_BOS,18140.563481622074,17812.97887788241,17175.153696967864,1,1,1,3,66.47507672709301,1,18529.69921875,17654.5,-0.24608931228013997,4.699083006457272,1
2022-11-25,18512.75,18512.75,18534.900390625,18445.099609375,18528.44921875,205900,,,18442.150390625,18133.349609375,,Bullish,Bullish_BOS,18176.009816705686,17840.420882671337,17188.46311291843,1,1,1,3,67.18343193102997,1,18534.900390625,17723.69921875,-0.11950639150024589,4.451953125086083,1
2022-11-28,18562.75,18562.75,18614.25,18365.599609375,18430.55078125,206500,,,18442.150390625,18133.349609375,,Bullish,Bullish_BOS,18212.842215114666,17868.747514723444,17202.1376093073,1,1,1,3,68.43682730608525,1,18614.25,17899.900390625,-0.2766697556979225,3.7030910502840797,1
2022-11-29,18618.05078125,18618.05078125,18678.099609375,18552.150390625,18552.44921875,195300,,,18442.150390625,18133.349609375,,Bullish,Bullish_BOS,18251.433507127556,17898.131956548015,17216.226297585337,1,1,1,3,69.8102384154632,1,18678.099609375,17959.19921875,-0.32149324278610836,3.6686021156897564,1
2022-11-30,18758.349609375,18758.349609375,18816.05078125,18616.55078125,18625.69921875,345600,,,18442.150390625,18133.349609375,,Bullish,Bullish_BOS,18299.711231151123,17931.865982149076,17231.570808150413,1,1,1,3,73.01799617475643,1,18816.05078125,17959.19921875,-0.3066593120193861,4.449810823361555,1
2022-12-01,18812.5,18812.5,18887.599609375,18778.19921875,18871.94921875,325000,18887.599609375,,18442.150390625,18133.349609375,HH,Bullish,Bullish_BOS,18348.548256755777,17966.40064951578,17247.301446875284,1,1,1,3,74.1592424066651,1,18887.599609375,17959.19921875,-0.39761330676304496,4.751329782895475,1
2022-12-02,18696.099609375,18696.099609375,18781.94921875,18639.19921875,18752.400390625,254400,,,18887.599609375,18133.349609375,,Bullish,,18381.648385576656,17995.016295000456,17261.71734898971,1,1,1,3,67.5456133310978,1,18887.599609375,17969.400390625,-1.013892733648103,4.044092751860173,1
2022-12-05,18701.05078125,18701.05078125,18728.599609375,18591.349609375,18719.55078125,288400,,,18887.599609375,18133.349609375,,Bullish,,18412.067661355068,18022.7039219122,17276.039074683846,1,1,1,3,67.67765640935602,1,18887.599609375,17969.400390625,-0.9876788579974205,4.071646102374782,1
2022-12-06,18642.75,18642.75,18654.900390625,18577.900390625,18600.650390625,217800,,,18887.599609375,18133.349609375,,Bullish,,18434.03740789268,18047.019454386234,17289.638188368583,1,1,1,3,64.35725345981443,1,18887.599609375,17969.400390625,-1.2963511215764445,3.7472013241259816,1
2022-12-07,18560.5,18560.5,18668.30078125,18528.400390625,18638.849609375,200500,,,18887.599609375,18133.349609375,,Bullish,,18446.081464283856,18067.155946371087,17302.283579529096,1,1,1,3,59.892819016726314,1,18887.599609375,17969.400390625,-1.7318220215375657,3.2894787612578913,1
2022-12-08,18609.349609375,18609.349609375,18625.0,18536.94921875,18570.849609375,202800,,,18887.599609375,18133.349609375,,Bullish,,18461.630811435396,18088.41844295948,17315.289211666866,1,1,1,3,61.59673046472552,1,18887.599609375,18133.349609375,-1.4731887892302065,2.6249976438655676,1
2022-12-09,18496.599609375,18496.599609375,18664.69921875,18410.099609375,18662.400390625,215800,,,18887.599609375,18133.349609375,,Bullish,,18464.961173143933,18104.425547524796,17327.04354398237,1,1,1,3,55.71338234027321,1,18887.599609375,18133.349609375,-2.0701412995112634,2.0032151137272525,1
2022-12-12,18497.150390625,18497.150390625,18521.55078125,18345.69921875,18402.150390625,193900,,,18887.599609375,18133.349609375,,Bullish,,18468.026812904034,18119.82652176402,17338.68639817782,1,1,1,3,55.73562406759453,1,18887.599609375,18133.349609375,-2.0672251997347346,2.0062525076002258,1
2022-12-13,18608.0,18608.0,18617.25,18490.19921875,18524.400390625,187600,,,18887.599609375,18133.349609375,,Bullish,,18481.35759262746,18138.970579734054,17351.316384265603,1,1,1,3,60.0808917307205,1,18887.599609375,18133.349609375,-1.4803342677606302,2.617554951786749,1
2022-12-14,18660.30078125,18660.30078125,18696.099609375,18632.900390625,18671.25,208000,18696.099609375,,18887.599609375,18133.349609375,LH,Bearish,,18498.399801067702,18159.41490136213,17364.341104633608,1,1,1,3,61.97743307025278,1,18887.599609375,18133.349609375,-1.2034288783429048,2.9059781189161304,1
2022-12-15,18414.900390625,18414.900390625,18652.900390625,18387.69921875,18614.400390625,183100,,,18696.099609375,18133.349609375,,Bearish,,18490.447476263635,18169.433940156756,17374.794430862377,-1,1,1,1,49.979083139594124,0,18887.599609375,18133.349609375,-2.502696099695867,1.5526683559028642,1
2022-12-16,18269.0,18269.0,18440.94921875,18255.150390625,18319.099609375,277700,,,18696.099609375,18133.349609375,,Bearish,,18469.357240429003,18173.338491523158,17383.691998714494,-1,1,1,1,44.467272158123414,-1,18887.599609375,18133.349609375,-3.2751626578739756,0.7480713356724067,0
2022-12-19,18420.44921875,18420.44921875,18431.650390625,18244.55078125,18288.099609375,154800,,,18696.099609375,18133.349609375,,Bearish,,18464.69933360243,18183.02910827715,17394.007990953654,-1,1,1,1,50.56209836299245,0,18887.599609375,18137.69921875,-2.4733179455642795,1.5589077566558363,1
2022-12-20,18385.30078125,18385.30078125,18404.900390625,18202.650390625,18340.30078125,169000,,,18696.099609375,18133.349609375,,Bearish,,18457.137566711725,18190.961330746675,17403.87160080735,-1,1,1,1,49.21217671069444,0,18887.599609375,18202.650390625,-2.659410610735735,1.0034274498787799,1
2022-12-21,18199.099609375,18199.099609375,18473.349609375,18162.75,18435.150390625,187600,,,18696.099609375,18133.349609375,,Bearish,,18432.562523155844,18191.28047892818,17411.784317310514,-1,1,1,1,42.707201342086925,-1,18887.599609375,18162.75,-3.645248810008961,0.2001327407743947,0
2022-12-22,18127.349609375,18127.349609375,18318.75,18068.599609375,18288.80078125,195700,,,18696.099609375,18133.349609375,,Bearish,Bearish_BOS,18403.494626605287,18188.773386004526,17418.90436996787,-1,1,1,1,40.48641594487699,-1,18887.599609375,18068.599609375,-4.025127680187824,0.3251497142563231,0
2022-12-23,17806.80078125,17806.80078125,18050.44921875,17779.5,17977.650390625,221500,,,18696.099609375,18133.349609375,,Bearish,Bearish_BOS,18346.666641333355,18173.794068171017,17422.76403575177,-1,1,1,1,32.3843222005046,-1,18887.599609375,17779.5,-5.722266727787561,0.15355201917939265,0
2022-12-26,18014.599609375,18014.599609375,18084.099609375,17774.25,17830.400390625,176700,,17774.25,18696.099609375,18133.349609375,LL,Bearish,Bearish_BOS,18315.041209718274,18167.551148218234,17428.6529469321,-1,1,1,1,40.672809854223615,-1,18887.599609375,17774.25,-4.62208019046888,1.3522348868447276,0
2022-12-27,18132.30078125,18132.30078125,18149.25,17967.44921875,18089.80078125,214300,,,18696.099609375,17774.25,,Bearish,,18297.637359387965,18166.168780886146,17435.654417920337,-1,1,1,1,44.80030829048567,-1,18887.599609375,17774.25,-3.998913804537141,2.0144353840527707,0
2022-12-28,18122.5,18122.5,18173.099609375,18068.349609375,18084.75,193900,,,18696.099609375,17774.25,,Bearish,,18280.957610874826,18164.456279674927,17442.48870231914,-1,1,1,1,44.522543180029395,-1,18887.599609375,17774.25,-4.050803835312333,1.9592950476110094,0
2022-12-29,18191.0,18191.0,18229.69921875,17992.80078125,18045.69921875,281100,,,18696.099609375,17774.25,,Bearish,,18272.39021936294,18165.497209883753,17449.936575927906,-1,1,1,1,46.99608468284092,0,18781.94921875,17774.25,-3.14636788688607,2.3446840232358657,0
2022-12-30,18105.30078125,18105.30078125,18265.25,18080.30078125,18259.099609375,192000,18265.25,,18696.099609375,17774.25,LH,Bearish,,18256.47693954266,18163.136565623605,17456.45761279678,-1,1,1,1,44.332908739465964,-1,18728.599609375,17774.25,-3.3280589105711633,1.8625302403758148,0
2023-01-02,18197.44921875,18197.44921875,18215.150390625,18086.5,18131.69921875,256100,,,18265.25,17774.25,,Bearish,,18250.85525184812,18164.48215986386,17463.83066360229,-1,1,1,1,47.76082561521785,0,18696.099609375,17774.25,-2.6671359323254595,2.380968078821888,1
2023-01-03,18232.55078125,18232.55078125,18251.94921875,18149.80078125,18163.19921875,208700,,,18265.25,17774.25,,Bearish,,18249.111968934012,18167.15151756528,17471.479619996797,-1,1,1,1,49.04793859266263,0,18696.099609375,17774.25,-2.4793878820187576,2.578453556408844,1
2023-01-04,18042.94921875,18042.94921875,18243.0,18020.599609375,18230.650390625,235200,,,18265.25,17774.25,,Bearish,,18229.477421297437,18162.280839180366,17477.165884661008,-1,1,1,1,42.899402156335235,-1,18696.099609375,17774.25,-3.493511503851232,1.5117330900038084,0
2023-01-05,17992.150390625,17992.150390625,18120.30078125,17892.599609375,18101.94921875,269900,,,18265.25,17774.25,,Bearish,,18206.87484694768,18155.609056884077,17482.29010860095,-1,1,1,1,41.40189909388509,-1,18696.099609375,17774.25,-3.7652196632339874,1.2259329683390385,0
2023-01-06,17859.44921875,17859.44921875,18047.400390625,17795.55078125,18008.05078125,238200,,,18265.25,17774.25,,Bearish,,18173.786691881236,18143.9949455847,17486.04293556761,-1,1,1,1,37.69969727416043,-1,18696.099609375,17774.25,-4.474999642200606,0.4793407246437953,0
2023-01-09,18101.19921875,18101.19921875,18141.400390625,17936.150390625,17952.55078125,257200,,,18265.25,17774.25,,Bearish,,18166.87359920207,18142.316681787262,17492.163893609224,-1,1,1,1,46.99808764444993,0,18696.099609375,17774.25,-3.18194919290381,1.8394543721957257,0
2023-01-10,17914.150390625,17914.150390625,18127.599609375,17856.0,18121.30078125,283300,,,18265.25,17774.25,,Bearish,,18142.80472219473,18133.368984094624,17496.362764226298,-1,1,1,1,41.7997498924426,-1,18696.099609375,17774.25,-4.182418980897484,0.7870958866056155,0
2023-01-11,17895.69921875,17895.69921875,17976.349609375,17824.349609375,17924.25,259900,,,18265.25,17774.25,,Bearish,,18119.270864723803,18124.048601139933,17500.336261286237,-1,-1,1,-1,41.314306692455816,-1,18652.900390625,17774.25,-4.059428592968695,0.683287445321179,0
2023-01-12,17858.19921875,17858.19921875,17945.80078125,17761.650390625,17920.849609375,227800,,17761.650390625,18265.25,17774.25,LL,Bearish,,18094.406898440586,18113.623135163856,17503.89708673364,-1,-1,1,-1,40.29017480839068,-1,18473.349609375,17761.650390625,-3.329934222177111,0.5435802754903962,0
2023-01-13,17956.599609375,17956.599609375,17999.349609375,17774.25,17867.5,256700,,,18265.25,17761.650390625,,Bearish,,18081.282394720052,18107.465349838803,17508.40158944649,-1,-1,1,-1,44.19901168715375,-1,18473.349609375,17761.650390625,-2.797272887304403,1.09758504678652,1
2023-01-16,17894.849609375,17894.849609375,18049.650390625,17853.650390625,18033.150390625,206200,,,18265.25,17761.650390625,,Bearish,,18063.526891353857,18099.12747766375,17512.246843376128,-1,-1,1,-1,42.326440578838394,-1,18473.349609375,17761.650390625,-3.131538200881656,0.7499259124045476,0
2023-01-17,18053.30078125,18053.30078125,18072.05078125,17886.94921875,17922.80078125,219100,,,18265.25,17761.650390625,,Bearish,,18062.55297610587,18097.330352314195,17517.630464648504,-1,-1,1,-1,48.370975068385995,0,18473.349609375,17761.650390625,-2.273809769246349,1.6420230339571296,1
2023-01-18,18165.349609375,18165.349609375,18183.75,18032.44921875,18074.30078125,255800,,,18265.25,17761.650390625,,Bearish,,18072.34313165531,18099.997774159718,17524.075431262696,1,-1,1,1,52.18714193129692,0,18318.75,17761.650390625,-0.8373955134766242,2.272869974757996,1
2023-01-19,18107.849609375,18107.849609375,18155.19921875,18063.75,18119.80078125,237800,,,18265.25,17761.650390625,,Bearish,,18075.72470096195,18100.3056892662,17529.88412955237,1,-1,1,1,50.13902600131105,0,18265.25,17761.650390625,-0.861747803205537,1.9491387969933882,1
2023-01-20,18027.650390625,18027.650390625,18145.44921875,18016.19921875,18115.599609375,237200,,,18265.25,17761.650390625,,Bearish,,18071.146195215573,18097.456461868504,17534.837027672496,-1,-1,1,-1,47.34790438198443,0,18265.25,17761.650390625,-1.3008286739847552,1.4976085788762195,1
2023-01-23,18118.55078125,18118.55078125,18162.599609375,18063.44921875,18118.44921875,202500,,,18265.25,17761.650390625,,Bearish,,18075.660917695044,18098.283690079545,17540.645124723018,1,-1,1,1,50.69793136229359,0,18265.25,17761.650390625,-0.8031602017492201,2.0093875443769615,1
2023-01-24,18118.30078125,18118.30078125,18201.25,18078.650390625,18183.94921875,216900,18201.25,,18265.25,17761.650390625,LH,Bearish,,18079.72185708123,18099.068674047016,17546.3929422009,1,-1,1,1,50.68837923743018,0,18265.25,17761.650390625,-0.8045289210385831,2.007980017517119,1
2023-01-25,17891.94921875,17891.94921875,18100.599609375,17846.150390625,18093.349609375,257200,,,18201.25,17761.650390625,,Bearish,,18061.83874866873,18090.94634246674,17549.831313111838,-1,-1,1,-1,42.82154107393849,-1,18265.25,17761.650390625,-2.0437759201215377,0.7335964015696028,1
2023-01-27,17604.349609375,17604.349609375,17884.75,17493.55078125,17877.19921875,476300,,,18201.25,17761.650390625,,Bearish,Bearish_BOS,18018.26835445028,18071.864117639612,17550.37378372142,-1,-1,1,-1,35.32069105742556,-1,18265.25,17493.55078125,-3.6183484519784814,0.6333695743677037,0
2023-01-30,17648.94921875,17648.94921875,17709.150390625,17405.55078125,17541.94921875,432400,,,18201.25,17761.650390625,,Bearish,Bearish_BOS,17983.095103431206,18055.27921964394,17551.354633821207,-1,-1,1,-1,37.15900091674362,-1,18251.94921875,17405.55078125,-3.3037567263256795,1.3983954920989916,0
2023-01-31,17662.150390625,17662.150390625,17735.69921875,17537.55078125,17731.44921875,398300,,,18201.25,17761.650390625,,Bearish,Bearish_BOS,17952.528940306805,18039.86240281967,17552.45707916254,-1,-1,1,-1,37.72321721601946,-1,18251.94921875,17405.55078125,-3.231429263013219,1.4742401007580952,0
2023-02-01,17616.30078125,17616.30078125,17972.19921875,17353.400390625,17811.599609375,512900,,17353.400390625,18201.25,17761.650390625,LL,Bearish,Bearish_BOS,17920.507210872824,18023.252143150272,17553.09233987983,-1,-1,1,-1,36.497545829895216,-1,18243.0,17353.400390625,-3.43528596584991,1.5149791090340425,0
2023-02-02,17610.400390625,17610.400390625,17653.900390625,17445.94921875,17517.099609375,490100,,,18201.25,17353.400390625,,Bearish,,17890.97322799208,18007.06187834536,17553.662569240478,-1,-1,1,-1,36.33393668086774,-1,18201.25,17353.400390625,-3.246203471602227,1.4809777577588834,0
2023-02-03,17854.05078125,17854.05078125,17870.30078125,17584.19921875,17721.75,424100,,,18201.25,17353.400390625,,Bearish,,17887.456804492835,18001.061443165152,17556.651506673406,-1,-1,1,-1,46.91616738370332,0,18201.25,17353.400390625,-1.9075570015795629,2.8850275989452223,1
2023-02-06,17764.599609375,17764.599609375,17823.69921875,17698.349609375,17818.55078125,282500,,,18201.25,17353.400390625,,Bearish,,17875.756119243517,17991.78843007534,17558.720642023673,-1,-1,1,-1,44.0231318378106,-1,18201.25,17353.400390625,-2.3990132030767164,2.3695599104147202,1
2023-02-07,17721.5,17721.5,17811.150390625,17652.55078125,17790.099609375,354400,,,18201.25,17353.400390625,,Bearish,,17861.065060267945,17981.188883797877,17560.340337127913,-1,-1,1,-1,42.65821587394281,-1,18201.25,17353.400390625,-2.6358079802211387,2.1211958526230035,1
2023-02-08,17871.69921875,17871.69921875,17898.69921875,17744.150390625,17750.30078125,291000,,,18201.25,17353.400390625,,Bearish,,17862.077837266235,17976.89517144306,17563.43843545251,1,-1,1,1,48.63504590163767,0,18201.25,17353.400390625,-1.810594224297779,2.986727767803976,1
2023-02-09,17893.44921875,17893.44921875,17916.900390625,17779.80078125,17885.5,260900,,,18201.25,17353.400390625,,Bearish,,17865.065587883735,17973.622781141374,17566.722124838554,1,-1,1,1,49.45660793244901,0,18201.25,17353.400390625,-1.6910969370235507,3.112063434073442,1
2023-02-10,17856.5,17856.5,17876.94921875,17801.0,17847.55078125,232000,,,18201.25,17353.400390625,,Bearish,,17864.249817609092,17969.029730900536,17569.60548678046,-1,-1,1,-1,48.05055224630681,0,18201.25,17353.400390625,-1.8941006798983584,2.8991413673990607,1
2023-02-13,17770.900390625,17770.900390625,17880.69921875,17719.75,17859.099609375,231300,,,18201.25,17353.400390625,,Bearish,,17855.35939599156,17961.259952850516,17571.608421147073,-1,-1,1,-1,44.868064525609356,-1,18201.25,17353.400390625,-2.364395903440697,2.4058685364370946,1
2023-02-14,17929.849609375,17929.849609375,17954.55078125,17800.05078125,17840.349609375,244500,,,18201.25,17353.400390625,,Bearish,,17862.453702028077,17960.028174675004,17575.173010084665,1,-1,1,1,51.316068469354775,0,18201.25,17353.400390625,-1.4911085262001245,3.3218228460943022,1
2023-02-15,18015.849609375,18015.849609375,18034.099609375,17853.80078125,17896.599609375,229300,,,18201.25,17353.400390625,,Bearish,,17877.06283606112,17962.217250545593,17579.55785186865,1,-1,1,1,54.42206815093775,0,18201.25,17353.400390625,-1.0186135052537626,3.8174029518035058,1
2023-02-16,18035.849609375,18035.849609375,18134.75,18000.650390625,18094.75,230200,18134.75,,18201.25,17353.400390625,LH,Bearish,,17892.185385900535,17965.1047940291,17584.09806836125,1,-1,1,1,55.13887500929054,1,18201.25,17353.400390625,-0.9087309422429746,3.932654139177738,1
2023-02-17,17944.19921875,17944.19921875,18034.25,17884.599609375,17974.849609375,208100,,,18134.75,17353.400390625,,Bearish,,17897.13908426715,17964.284967547566,17587.68116438502,1,-1,1,1,51.16758617280768,0,18201.25,17353.400390625,-1.4122699333836919,3.404513322035574,1
2023-02-20,17844.599609375,17844.599609375,18004.349609375,17818.400390625,17965.55078125,174600,,,18134.75,17353.400390625,,Bearish,,17892.13532475361,17959.59142408982,17590.237566822732,-1,-1,1,-1,47.18989904097693,0,18201.25,17353.400390625,-1.9594829510335865,2.8305646599116496,1
2023-02-21,17826.69921875,17826.69921875,17924.900390625,17800.30078125,17905.80078125,198200,,,18134.75,17353.400390625,,Bearish,,17885.903314658026,17954.379965056887,17592.590419080716,-1,-1,1,-1,46.49039776788902,0,18201.25,17353.400390625,-2.0578299910720466,2.727412596211942,1
2023-02-22,17554.30078125,17554.30078125,17772.5,17529.44921875,17755.349609375,204000,,,18134.75,17353.400390625,,Bearish,,17854.32212100012,17938.690585299755,17592.209427659516,-1,-1,1,-1,37.404125374166,-1,18134.75,17353.400390625,-3.200756661933579,1.1577004281739134,0
2023-02-23,17511.25,17511.25,17620.05078125,17455.400390625,17574.650390625,240800,,,18134.75,17353.400390625,,Bearish,,17821.648585666775,17921.928209405647,17591.40386121514,-1,-1,1,-1,36.19994509523007,-1,18134.75,17353.400390625,-3.438150512138294,0.9096177453513654,0
2023-02-24,17465.80078125,17465.80078125,17599.75,17421.80078125,17591.349609375,209400,,,18134.75,17353.400390625,,Bearish,,17787.75831857946,17904.040859281897,17590.15407932494,-1,-1,1,-1,34.92174736736314,-1,18134.75,17353.400390625,-3.6887700064792694,0.6477139240429475,0
2023-02-27,17392.69921875,17392.69921875,17451.599609375,17299.0,17428.599609375,246400,,,18134.75,17353.400390625,,Bearish,,17750.133642405228,17883.988245927707,17588.189354344097,-1,-1,1,-1,32.908997953162796,-1,18134.75,17299.0,-4.091872130853746,0.5416452901901847,0
2023-02-28,17303.94921875,17303.94921875,17440.44921875,17255.19921875,17383.25,420900,,17255.19921875,18134.75,17353.400390625,LL,Bearish,Bearish_BOS,17707.6398877714,17861.241617410935,17585.361094288433,-1,-1,1,-1,30.602875503976207,-1,18134.75,17255.19921875,-4.581264044169342,0.2825235419306349,0
2023-03-01,17450.900390625,17450.900390625,17467.75,17345.25,17360.099609375,272900,,,18134.75,17255.19921875,,Bearish,,17683.18850709079,17845.149804595803,17584.023176839048,-1,-1,1,-1,38.31125385948075,-1,18134.75,17255.19921875,-3.770934859179198,1.1341577074482245,0
2023-03-02,17321.900390625,17321.900390625,17445.80078125,17306.0,17421.5,310700,,,18134.75,17255.19921875,,Bearish,,17648.780115046426,17824.630219734205,17581.414989911544,-1,-1,1,-1,34.670563165503495,-1,18134.75,17255.19921875,-4.482276344449188,0.38655695033946724,0
2023-03-03,17594.349609375,17594.349609375,17644.75,17427.69921875,17451.25,356200,,,18134.75,17255.19921875,,Bearish,,17643.59625736343,17815.599607563254,17581.54369259277,-1,-1,1,-1,46.28138068550157,0,18134.75,17255.19921875,-2.9799164070362205,1.9654968124417138,1
2023-03-06,17711.44921875,17711.44921875,17799.94921875,17671.94921875,17680.349609375,362800,17799.94921875,,18134.75,17255.19921875,LH,Bearish,,17650.058444162154,17811.515278590185,17582.836284892845,1,-1,1,1,50.36457625821174,0,18134.75,17255.19921875,-2.3341969492273074,2.644130584735449,1
2023-03-08,17754.400390625,17754.400390625,17766.5,17602.25,17665.75,267000,,,17799.94921875,17255.19921875,,Bearish,,17659.995772396713,17809.275479062137,17584.543390422517,1,-1,1,1,51.811426770708294,0,18134.75,17255.19921875,-2.0973523725168475,2.8930478608010235,1
2023-03-09,17589.599609375,17589.599609375,17772.349609375,17573.599609375,17772.05078125,262400,,,17799.94921875,17255.19921875,,Bearish,,17653.291375918456,17800.660739074407,17584.593701058864,-1,-1,1,-1,46.2416912834244,0,18134.75,17255.19921875,-3.0061092136643763,1.9379688775869486,0
2023-03-10,17412.900390625,17412.900390625,17451.5,17324.349609375,17443.80078125,235900,,,17799.94921875,17255.19921875,,Bearish,,17630.3969963667,17785.45445089992,17582.885309910267,-1,-1,1,-1,41.135617499525395,-1,18134.75,17255.19921875,-3.9804773122044668,0.9139342286099916,0
2023-03-13,17154.30078125,17154.30078125,17529.900390625,17113.44921875,17421.900390625,254900,,,17799.94921875,17255.19921875,,Bearish,Bearish_BOS,17585.05449968892,17760.703326599923,17578.620787237032,-1,-1,1,-1,35.0378753228529,-1,18134.75,17113.44921875,-5.406466693778523,0.23871027972106607,0
2023-03-14,17043.30078125,17043.30078125,17224.650390625,16987.099609375,17160.55078125,290600,,,17799.94921875,17255.19921875,,Bearish,Bearish_BOS,17533.45890745664,17732.56989344895,17573.294220013282,-1,-1,1,-1,32.79096842600228,-1,18134.75,16987.099609375,-6.018551227615488,0.3308461901523341,0
2023-03-15,16972.150390625,16972.150390625,17211.349609375,16938.900390625,17166.44921875,248200,,,17799.94921875,17255.19921875,,Bearish,Bearish_BOS,17480.000953472674,17702.749520789184,17567.312689372604,-1,-1,1,-1,31.400923831710614,-1,18134.75,16938.900390625,-6.410894053543615,0.19629373355547486,0
2023-03-16,16985.599609375,16985.599609375,17062.44921875,16850.150390625,16994.650390625,349800,,,17799.94921875,17255.19921875,,Bearish,Bearish_BOS,17432.91511117766,17674.625994851373,17561.52449952188,-1,-1,1,-1,31.987825846432898,-1,18134.75,16850.150390625,-6.336731361750236,0.8038457557349776,0
2023-03-17,17100.05078125,17100.05078125,17145.80078125,16958.150390625,17111.80078125,408100,,,17799.94921875,17255.19921875,,Bearish,Bearish_BOS,17401.213746422643,17652.09363353367,17556.93272123062,-1,-1,1,-1,36.93274432761257,-1,18034.25,16850.150390625,-5.180139006335171,1.48307513483108,0
2023-03-20,16988.400390625,16988.400390625,17066.599609375,16828.349609375,17066.599609375,241800,,16828.349609375,17799.94921875,17255.19921875,LL,Bearish,Bearish_BOS,17361.898188727628,17626.066447537254,17551.275683115142,-1,-1,1,-1,34.3118960383635,-1,18004.349609375,16828.349609375,-5.642798772475444,0.9510782992102618,0
2023-03-21,17107.5,17107.5,17127.69921875,17016.0,17060.400390625,246700,,,17799.94921875,16828.349609375,,Bearish,,17337.669789801188,17605.730508418146,17546.860004676186,-1,-1,1,-1,39.26317253207783,-1,17924.900390625,16828.349609375,-4.5601390959612464,1.6588102642548286,0
2023-03-22,17151.900390625,17151.900390625,17207.25,17107.849609375,17177.44921875,0,,,17799.94921875,16828.349609375,,Bearish,,17319.977466070122,17587.933248896847,17542.930058267717,-1,-1,1,-1,41.047178031927636,-1,17799.94921875,16828.349609375,-3.6407341400859883,1.9226530750808157,0
2023-03-23,17076.900390625,17076.900390625,17205.400390625,17045.30078125,17097.400390625,219200,,,17799.94921875,16828.349609375,,Bearish,,17296.827268408684,17567.892744650893,17538.292947146892,-1,-1,1,-1,38.9651817580898,-1,17799.94921875,16828.349609375,-4.0620836567520024,1.4769765723879003,0
2023-03-24,16945.05078125,16945.05078125,17109.44921875,16917.349609375,17076.19921875,228000,,,17799.94921875,16828.349609375,,Bearish,,17263.32474582214,17543.467569615565,17532.390040023543,-1,-1,1,-1,35.55125753032546,-1,17799.94921875,16828.349609375,-4.80281391252213,0.6934796018855272,0
2023-03-27,16985.69921875,16985.69921875,17091.0,16918.55078125,16984.30078125,218400,,,17799.94921875,16828.349609375,,Bearish,,17236.884219434316,17521.59430095417,17526.95033035913,-1,-1,-1,-3,37.37300606848302,-1,17799.94921875,16828.349609375,-4.574451252604083,0.9350269814179635,0
2023-03-28,16951.69921875,16951.69921875,17061.75,16913.75,17031.75,238800,,16913.75,17799.94921875,16828.349609375,HL,Bullish,,17209.723743178667,17499.245474201067,17521.226438701327,-1,-1,-1,-3,36.44503987292121,-1,17799.94921875,16828.349609375,-4.765463033492678,0.7329869668638356,0
2023-03-29,17080.69921875,17080.69921875,17126.150390625,16940.599609375,16977.30078125,345900,,,17799.94921875,16913.75,,Bullish,,17197.43569323308,17482.83189555593,17516.843083278927,-1,-1,-1,-3,42.29903892680301,-1,17799.94921875,16828.349609375,-4.040741864827124,1.4995505514956653,0
2023-03-31,17359.75,17359.75,17381.599609375,17204.650390625,17210.349609375,263900,,,17799.94921875,16913.75,,Bullish,,17212.894198639453,17478.00515455374,17515.279968022423,1,-1,-1,-1,52.49292363456098,0,17799.94921875,16828.349609375,-2.473036374094295,3.1577689016453414,1
2023-04-03,17398.05078125,17398.05078125,17428.05078125,17312.75,17427.94921875,230200,,,17799.94921875,16913.75,,Bullish,,17230.528158888075,17474.869688933984,17514.113508452552,1,-1,-1,-1,53.701930118501075,0,17799.94921875,16828.349609375,-2.2578628318593807,3.3853656781507757,1
2023-04-05,17557.05078125,17557.05078125,17570.55078125,17402.69921875,17422.30078125,248300,,,17799.94921875,16913.75,,Bullish,,17261.625551493973,17478.092476867947,17514.5407449978,1,-1,-1,-1,58.43137491681804,1,17799.94921875,16828.349609375,-1.3646018565274143,4.330199863859763,1
2023-04-06,17599.150390625,17599.150390625,17638.69921875,17502.849609375,17533.849609375,242700,,,17799.94921875,16913.75,,Bullish,,17293.770774268356,17482.83984603489,17515.38263201897,1,-1,-1,-1,59.60792143345433,1,17772.349609375,16828.349609375,-0.9745431670927562,4.58037061947294,1
2023-04-10,17624.05078125,17624.05078125,17694.099609375,17597.94921875,17634.900390625,254800,,,17799.94921875,16913.75,,Bullish,,17325.226013028514,17488.377529768815,17516.463907135698,1,-1,-1,-1,60.323228549301675,1,17772.349609375,16828.349609375,-0.834435690184554,4.728337539598759,1
2023-04-11,17722.30078125,17722.30078125,17748.75,17655.150390625,17704.80078125,304300,,,17799.94921875,16913.75,,Bullish,,17363.042657621038,17497.550990611217,17518.512035236337,1,-1,-1,-1,63.099962276455926,1,17748.75,16828.349609375,-0.14902017747728813,5.312173758126493,1
2023-04-12,17812.400390625,17812.400390625,17825.75,17717.25,17759.55078125,232800,,,17799.94921875,16913.75,,Bullish,Bullish_BOS,17405.838632192845,17509.898025905877,17521.436297479013,1,-1,-1,-1,65.48543957848241,1,17825.75,16828.349609375,-0.0748894681850687,5.847577475463139,1
2023-04-13,17828.0,17828.0,17842.150390625,17729.650390625,17807.30078125,285800,,,17799.94921875,16913.75,,Bullish,Bullish_BOS,17446.04447674591,17522.372613125255,17524.486682578725,1,-1,-1,-1,65.89651614824515,1,17842.150390625,16828.349609375,-0.07930877341127962,5.940275866791467,1
2023-04-17,17706.849609375,17706.849609375,17863.0,17574.05078125,17863.0,357400,17863.0,,17799.94921875,16913.75,HH,Bullish,,17470.883060805823,17529.607005135047,17526.301239064258,1,-1,1,1,59.92700547860638,1,17863.0,16828.349609375,-0.8741554645076421,5.220357434876388,1
2023-04-18,17660.150390625,17660.150390625,17766.599609375,17610.19921875,17766.599609375,258900,,,17863.0,16913.75,,Bullish,,17488.908520788602,17534.726353585636,17527.633071418095,1,-1,1,1,57.755123244787164,1,17863.0,16828.349609375,-1.135585340508316,4.942854174996514,1
2023-04-19,17618.75,17618.75,17666.150390625,17579.849609375,17653.349609375,281500,,,17863.0,16913.75,,Bullish,,17501.27437595159,17538.021398543064,17528.53970752339,1,-1,1,1,55.82355226485184,1,17863.0,16828.349609375,-1.3673515087051502,4.696838424278238,1
2023-04-20,17624.44921875,17624.44921875,17684.44921875,17584.349609375,17638.599609375,215100,,,17863.0,16913.75,,Bullish,,17513.00531336096,17541.410724825688,17529.49403101818,1,-1,1,1,56.04150311223009,1,17863.0,16828.349609375,-1.3354463485976575,4.730705196019325,1
2023-04-21,17624.05078125,17624.05078125,17663.19921875,17553.94921875,17639.75,230200,,17553.94921875,17863.0,16913.75,HL,Bullish,,17523.581072207537,17544.65151135213,17530.43489420457,1,-1,1,1,56.020694370415846,1,17863.0,16913.75,-1.337676866987625,4.199546411942956,1
2023-04-24,17743.400390625,17743.400390625,17754.5,17612.5,17707.55078125,255700,,,17863.0,17553.94921875,,Bullish,,17544.51624539015,17552.445585049107,17532.553953870443,1,-1,1,1,60.725021183246355,1,17863.0,16913.75,-0.6695382039691,4.905183005690628,1
2023-04-25,17769.25,17769.25,17807.44921875,17716.849609375,17761.55078125,297400,,,17863.0,17553.94921875,,Bullish,,17565.9194601149,17560.94771896875,17534.909138409046,1,1,1,3,61.68107018897525,1,17863.0,16913.75,-0.5248278564630837,5.058014928682275,1
2023-04-26,17813.599609375,17813.599609375,17827.75,17711.19921875,17767.30078125,233000,,,17863.0,17553.94921875,,Bullish,,17589.508045758717,17570.855636239583,17537.682177921146,1,1,1,3,63.33033951330277,1,17863.0,16913.75,-0.27655147861501694,5.320225315941163,1
2023-04-27,17915.05078125,17915.05078125,17931.599609375,17797.900390625,17813.099609375,241400,,,17863.0,17553.94921875,,Bullish,Bullish_BOS,17620.512115805504,17584.353485063522,17541.437089397055,1,1,1,3,66.84570115918919,1,17931.599609375,16913.75,-0.09228863283534672,5.920040093119505,1
2023-04-28,18065.0,18065.0,18089.150390625,17885.30078125,17950.400390625,290300,,,17863.0,17553.94921875,,Bullish,Bullish_BOS,17662.8442952526,17603.20236800221,17546.646670597085,1,1,1,3,71.2350365822212,1,18089.150390625,16913.75,-0.13350760043167043,6.80659226960314,1
2023-05-02,18147.650390625,18147.650390625,18180.25,18101.75,18124.80078125,265200,,,17863.0,17553.94921875,,Bullish,Bullish_BOS,17709.016304335684,17624.553270850163,17552.626807114775,1,1,1,3,73.33085387580212,1,18180.25,16940.599609375,-0.1793133173361161,7.125195147059693,1
2023-05-03,18089.849609375,18089.849609375,18116.349609375,18042.400390625,18113.80078125,226200,,,17863.0,17553.94921875,,Bullish,Bullish_BOS,17745.286142910856,17642.80018608643,17557.972307634776,1,1,1,3,69.51625028616402,1,18180.25,17204.650390625,-0.4972450358218361,5.14511599278038,1
2023-05-04,18255.80078125,18255.80078125,18267.44921875,18066.69921875,18081.0,226600,,,17863.0,17553.94921875,,Bullish,Bullish_BOS,17793.90658465744,17666.839425112456,17564.91587453642,1,1,1,3,73.73992054312517,1,18267.44921875,17312.75,-0.06376608666328609,5.447146070092845,1
2023-05-05,18069.0,18069.0,18216.94921875,18055.44921875,18117.30078125,239700,,,17863.0,17553.94921875,,Bullish,Bullish_BOS,17820.10595754721,17682.610428049225,17569.931636978843,1,1,1,3,63.135680877586935,1,18267.44921875,17402.69921875,-1.086354292674363,3.828720894814497,1
2023-05-08,18264.400390625,18264.400390625,18286.94921875,18100.30078125,18120.599609375,228400,,,17863.0,17553.94921875,,Bullish,Bullish_BOS,17862.419713078427,17705.425720699255,17576.841773831045,1,1,1,3,68.2750441687555,1,18286.94921875,17502.849609375,-0.12330557631712313,4.351010254022247,1
2023-05-09,18265.94921875,18265.94921875,18344.19921875,18229.650390625,18303.400390625,245400,,,17863.0,17553.94921875,,Bullish,Bullish_BOS,17900.851094570957,17727.407034348304,17583.698564327755,1,1,1,3,68.31275360885398,1,18344.19921875,17553.94921875,-0.42656536307138504,4.056067333494884,1
2023-05-10,18315.099609375,18315.099609375,18326.75,18211.94921875,18313.599609375,220500,,,17863.0,17553.94921875,,Bullish,Bullish_BOS,17940.303334076103,17750.45380199641,17590.976186666536,1,1,1,3,69.54969503691608,1,18344.19921875,17553.94921875,-0.15863112381191424,4.336063532711987,1
2023-05-11,18297.0,18297.0,18389.69921875,18270.400390625,18357.80078125,248900,,,17863.0,17553.94921875,,Bullish,Bullish_BOS,17974.274445116473,17771.886986231846,17598.001299237018,1,1,1,3,68.48942841918696,1,18389.69921875,17553.94921875,-0.5040822998099048,4.232955057522436,1
2023-05-12,18314.80078125,18314.80078125,18342.75,18194.55078125,18273.75,241700,,,17863.0,17553.94921875,,Bullish,Bullish_BOS,18006.70552474824,17793.17772329138,17605.13363239138,1,1,1,3,68.9901247645293,1,18389.69921875,17553.94921875,-0.4072847337472152,4.334361191425273,1
2023-05-15,18398.849609375,18398.849609375,18458.900390625,18287.900390625,18339.30078125,216100,18458.900390625,,17863.0,17553.94921875,HH,Bullish,Bullish_BOS,18044.05258042698,17816.929561961326,17613.031303804153,1,1,1,3,71.30832687774925,1,18458.900390625,17553.94921875,-0.3253215520925501,4.813164149538118,1
2023-05-16,18286.5,18286.5,18432.349609375,18264.349609375,18432.349609375,219500,,,18458.900390625,17553.94921875,,Bullish,,18067.142810862504,17835.34408894324,17619.732484860826,1,1,1,3,64.38002205151983,1,18458.900390625,17553.94921875,-0.933968909180305,4.173139457800956,1
2023-05-17,18181.75,18181.75,18309.0,18115.349609375,18300.44921875,229900,,,18458.900390625,17553.94921875,,Bullish,,18078.05778125655,17848.92863447488,17625.324698941815,1,1,1,3,58.65762049448665,1,18458.900390625,17553.94921875,-1.501445832416759,3.5764076415318646,1
2023-05-18,18129.94921875,18129.94921875,18297.19921875,18104.849609375,18287.5,272100,,,18458.900390625,17553.94921875,,Bullish,,18082.999822922593,17859.94904954449,17630.345838442394,1,1,1,3,56.00648171699372,1,18458.900390625,17553.94921875,-1.7820734979536956,3.281312899007105,1
2023-05-19,18203.400390625,18203.400390625,18218.099609375,18060.400390625,18186.150390625,260900,,18060.400390625,18458.900390625,17553.94921875,HL,Bullish,,18094.466543656155,17873.417729586865,17636.0478737875,1,1,1,3,58.84674937470606,1,18458.900390625,17553.94921875,-1.3841561230254262,3.6997439367165263,1
2023-05-22,18314.400390625,18314.400390625,18335.25,18178.849609375,18201.099609375,262600,,,18458.900390625,18060.400390625,,Bullish,,18115.412624319855,17890.711167274636,17642.797650074437,1,1,1,3,62.759604685499056,1,18458.900390625,17612.5,-0.7828201948225977,3.9852399751596934,1
2023-05-23,18348.0,18348.0,18419.75,18324.19921875,18362.900390625,270400,,,18458.900390625,18060.400390625,,Bullish,,18137.56380295606,17908.64406267563,17649.814588879668,1,1,1,3,63.87915465490702,1,18458.900390625,17711.19921875,-0.6007963003111794,3.595469586135369,1
2023-05-24,18285.400390625,18285.400390625,18392.599609375,18262.94921875,18294.80078125,232600,,,18458.900390625,18060.400390625,,Bullish,,18151.64347797215,17923.41882063443,17656.138825712955,1,1,1,3,60.24524557434696,1,18458.900390625,17711.19921875,-0.9399259778665847,3.2420231108186037,1
2023-05-25,18321.150390625,18321.150390625,18338.099609375,18202.400390625,18268.900390625,235900,,,18458.900390625,18060.400390625,,Bullish,,18167.786993462898,17939.01613710465,17662.75585620959,1,1,1,3,61.589118717395465,1,18458.900390625,17797.900390625,-0.7462524694589079,2.939953525504735,1
2023-05-26,18499.349609375,18499.349609375,18508.55078125,18333.150390625,18368.349609375,198700,,,18458.900390625,18060.400390625,,Bullish,Bullish_BOS,18199.364385454526,17960.989998762307,17671.080172161488,1,1,1,3,67.48866296704605,1,18508.55078125,17885.30078125,-0.049713086582237054,3.43325972336308,1
2023-05-29,18598.650390625,18598.650390625,18641.19921875,18581.25,18619.150390625,265300,,,18458.900390625,18060.400390625,,Bullish,Bullish_BOS,18237.39162404219,17985.996288639275,17680.30972657406,1,1,1,3,70.23238311230047,1,18641.19921875,18042.400390625,-0.22825156056592855,3.0830154965912016,1
2023-05-30,18633.849609375,18633.849609375,18662.44921875,18575.5,18606.650390625,234400,18662.44921875,,18458.900390625,18060.400390625,HH,Bullish,Bullish_BOS,18275.14952740722,18011.402301217146,17689.797685606907,1,1,1,3,71.16144266864212,1,18662.44921875,18042.400390625,-0.15324681685545682,3.2781071583874333,1
2023-05-31,18534.400390625,18534.400390625,18603.900390625,18483.849609375,18594.19921875,696500,,,18662.44921875,18060.400390625,,Bullish,,18299.84008580891,18031.912030213534,17698.201692622013,1,1,1,3,64.98983959014198,1,18662.44921875,18055.44921875,-0.6861308857379234,2.6526682669164803,1
2023-06-01,18487.75,18487.75,18580.30078125,18464.55078125,18579.400390625,265600,,,18662.44921875,18060.400390625,,Bullish,,18317.736268112825,18049.788029028692,17706.057894685477,1,1,1,3,62.26202362331129,1,18662.44921875,18055.44921875,-0.9361001693951376,2.394295351018294,1
2023-06-02,18534.099609375,18534.099609375,18573.69921875,18478.400390625,18550.849609375,270900,,,18662.44921875,18060.400390625,,Bullish,,18338.342300613986,18068.780640022665,17714.297115727164,1,1,1,3,63.88400071090127,1,18662.44921875,18060.400390625,-0.68774257800015,2.622861113289021,1
2023-06-05,18593.849609375,18593.849609375,18640.150390625,18582.80078125,18612.0,256100,,,18662.44921875,18060.400390625,,Bullish,,18362.676330019796,18089.371579997267,17723.048881833114,1,1,1,3,65.91763274004524,1,18662.44921875,18060.400390625,-0.3675809566628496,2.9536954176658803,1
2023-06-06,18599.0,18599.0,18622.75,18531.599609375,18600.80078125,220800,,,18662.44921875,18060.400390625,,Bullish,,18385.183346208385,18109.35700823267,17731.764813357164,1,1,1,3,66.09485784801419,1,18662.44921875,18060.400390625,-0.33998334305581634,2.982213005945211,1
2023-06-07,18726.400390625,18726.400390625,18738.94921875,18636.0,18665.599609375,260100,,,18662.44921875,18060.400390625,,Bullish,Bullish_BOS,18417.680207581394,18133.554787934332,17741.661684772764,1,1,1,3,70.21997118677244,1,18738.94921875,18060.400390625,-0.06696655174476263,3.6876258864433353,1
2023-06-08,18634.55078125,18634.55078125,18777.900390625,18615.599609375,18725.349609375,286500,,,18662.44921875,18060.400390625,,Bullish,,18438.334547930786,18153.201689632988,17750.54615339443,1,1,1,3,64.1592942918283,1,18777.900390625,18060.400390625,-0.7633953018867268,3.1790568215920523,1
2023-06-09,18563.400390625,18563.400390625,18676.650390625,18555.400390625,18655.900390625,221800,,,18662.44921875,18060.400390625,,Bullish,,18450.245580568328,18169.287913201304,17758.63425525742,1,1,1,3,59.84997090016226,1,18777.900390625,18060.400390625,-1.1423002334546961,2.7850988301516555,1
2023-06-12,18601.5,18601.5,18633.599609375,18559.75,18595.05078125,179500,,,18662.44921875,18060.400390625,,Bullish,,18464.650763371345,18186.237406801254,17767.020979085704,1,1,1,3,61.347100854009255,1,18777.900390625,18060.400390625,-0.9394042302677708,2.9960554454588895,1
2023-06-13,18716.150390625,18716.150390625,18728.900390625,18631.80078125,18631.80078125,233200,,,18662.44921875,18060.400390625,,Bullish,Bullish_BOS,18488.603108824074,18207.018308127677,17776.465052832365,1,1,1,3,65.51436955542235,1,18777.900390625,18060.400390625,-0.32884400660059265,3.630871884437248,1
2023-06-14,18755.900390625,18755.900390625,18769.69921875,18690.0,18744.599609375,261400,,,18662.44921875,18060.400390625,,Bullish,Bullish_BOS,18514.059992805116,18228.543095676592,17786.210678084037,1,1,1,3,66.84885618169159,1,18777.900390625,18060.400390625,-0.11715899830304632,3.850966672704703,1
2023-06-15,18688.099609375,18688.099609375,18794.099609375,18669.05078125,18774.44921875,263000,,,18662.44921875,18060.400390625,,Bullish,Bullish_BOS,18530.6351943832,18246.564919743196,17795.184697300865,1,1,1,3,62.41246684454721,1,18794.099609375,18060.400390625,-0.5640068010873134,3.4755553873314637,1
2023-06-16,18826.0,18826.0,18864.69921875,18710.5,18723.30078125,272800,,,18662.44921875,18060.400390625,,Bullish,Bullish_BOS,18558.765175870518,18269.287864066995,17805.44156598444,1,1,1,3,67.18283804151498,1,18864.69921875,18178.849609375,-0.20514092645345094,3.5599083799629394,1
2023-06-19,18755.44921875,18755.44921875,18881.44921875,18719.150390625,18873.30078125,219800,,,18662.44921875,18060.400390625,,Bullish,Bullish_BOS,18577.496989478088,18288.353015231034,17814.89437844977,1,1,1,3,62.79212981467257,1,18881.44921875,18202.400390625,-0.6673216581006725,3.0383291008687197,1
2023-06-20,18816.69921875,18816.69921875,18839.69921875,18660.650390625,18752.349609375,211600,,,18662.44921875,18060.400390625,,Bullish,Bullish_BOS,18600.27815417065,18309.072474192562,17824.862585815943,1,1,1,3,64.93473572042606,1,18881.44921875,18202.400390625,-0.34292918541284356,3.374823182339126,1
2023-06-21,18856.849609375,18856.849609375,18875.900390625,18794.849609375,18849.400390625,217500,,,18662.44921875,18060.400390625,,Bullish,Bullish_BOS,18624.713530856778,18330.553930474227,17835.131113413547,1,1,1,3,66.30450581962575,1,18881.44921875,18202.400390625,-0.13028454060916017,3.595400632364232,1
2023-06-22,18771.25,18771.25,18886.599609375,18759.5,18853.599609375,252700,,,18662.44921875,18060.400390625,,Bullish,Bullish_BOS,18638.669385060894,18347.83612927916,17844.445729200477,1,1,1,3,60.84720503911501,1,18886.599609375,18333.150390625,-0.6107484235422733,2.3896580786193278,1
2023-06-23,18665.5,18665.5,18756.400390625,18647.099609375,18741.849609375,210600,,,18662.44921875,18060.400390625,,Bullish,Bullish_BOS,18641.224681721764,18360.293535974095,17852.61542343729,1,1,1,3,54.841830891918235,0,18886.599609375,18464.55078125,-1.1706692255245899,1.088297360334689,1
2023-06-26,18691.19921875,18691.19921875,18722.05078125,18646.69921875,18682.349609375,171300,,18646.69921875,18662.44921875,18060.400390625,HL,Bullish,Bullish_BOS,18645.984161438737,18373.27022941629,17860.959540803586,1,1,1,3,55.97889411465307,1,18886.599609375,18464.55078125,-1.0345980465853999,1.2274787520428099,1
2023-06-27,18817.400390625,18817.400390625,18829.25,18714.25,18748.55078125,222500,,,18662.44921875,18646.69921875,,Bullish,Bullish_BOS,18662.309516599333,18390.687098483297,17870.47636517992,1,1,1,3,61.151934139302185,1,18886.599609375,18464.55078125,-0.36639321096028077,1.9109569117343739,1
2023-06-28,18972.099609375,18972.099609375,19011.25,18861.349609375,18908.150390625,398800,,,18662.44921875,18646.69921875,,Bullish,Bullish_BOS,18691.813334958922,18413.487589106502,17881.437790495296,1,1,1,3,66.36908078280072,1,19011.25,18464.55078125,-0.20593275363272046,2.7487743088794536,1
2023-06-30,19189.05078125,19189.05078125,19201.69921875,19024.599609375,19076.849609375,247900,,,18662.44921875,18646.69921875,,Bullish,Bullish_BOS,18739.16928222474,18443.90183193566,17894.44886503017,1,1,1,3,72.04006418344152,1,19201.69921875,18478.400390625,-0.06587144895827679,3.8458436639653426,1
2023-07-03,19322.55078125,19322.55078125,19345.099609375,19234.400390625,19246.5,226100,,,18662.44921875,18646.69921875,,Bullish,Bullish_BOS,18794.729424989047,18478.358653477397,17908.65883434579,1,1,1,3,74.85037934108092,1,19345.099609375,18531.599609375,-0.11656093057319517,4.268121417186577,1
2023-07-04,19389.0,19389.0,19434.150390625,19300.0,19406.599609375,226900,,,18662.44921875,18646.69921875,,Bullish,Bullish_BOS,18851.326622609136,18514.070078831228,17923.38859718812,1,1,1,3,76.13611952610918,1,19434.150390625,18531.599609375,-0.23232500375617304,4.626693910391033,1
2023-07-05,19398.5,19398.5,19421.599609375,19339.599609375,19405.94921875,224400,,,18662.44921875,18646.69921875,,Bullish,Bullish_BOS,18903.438372836838,18548.75360515157,17938.066322589235,1,1,1,3,76.32248961998944,1,19434.150390625,18555.400390625,-0.1834419818125821,4.543688584596484,1
2023-07-06,19497.30078125,19497.30078125,19512.19921875,19373.0,19385.69921875,268300,,,18662.44921875,18646.69921875,,Bullish,Bullish_BOS,18959.996697447616,18585.95153362602,17953.581093322176,1,1,1,3,78.2269659017742,1,19512.19921875,18555.400390625,-0.07635447615603752,5.07615233730494,1
2023-07-07,19331.80078125,19331.80078125,19523.599609375,19303.599609375,19422.80078125,237100,,,18662.44921875,18646.69921875,,Bullish,Bullish_BOS,18995.4066101907,18615.200523728923,17967.294722057777,1,1,1,3,68.31463906338352,1,19523.599609375,18555.400390625,-0.9823948040447394,4.1842287112126675,1
2023-07-10,19355.900390625,19355.900390625,19435.849609375,19327.099609375,19400.349609375,268200,,,18662.44921875,18646.69921875,,Bullish,Bullish_BOS,19029.739351184442,18644.24757733269,17981.11169388432,1,1,1,3,68.93198601494427,1,19523.599609375,18559.75,-0.8589564532427318,4.289661178760484,1
2023-07-11,19439.400390625,19439.400390625,19515.099609375,19406.44921875,19427.099609375,251300,,,18662.44921875,18646.69921875,,Bullish,Bullish_BOS,19068.754688274017,18675.430040599054,17995.622029175272,1,1,1,3,71.03754393644522,1,19523.599609375,18631.80078125,-0.431268928039108,4.334522566319632,1
2023-07-12,19384.30078125,19384.30078125,19507.69921875,19361.75,19497.44921875,327900,,,18662.44921875,18646.69921875,,Bullish,Bullish_BOS,19098.806697128875,18703.2288931736,18009.43972820089,1,1,1,3,67.77346883003979,1,19523.599609375,18646.69921875,-0.7134894738269004,3.955668259818945,1
2023-07-13,19413.75,19413.75,19567.0,19385.80078125,19495.19921875,310400,,,18662.44921875,18646.69921875,,Bullish,Bullish_BOS,19128.80129740232,18731.092465990325,18023.412964736206,1,1,1,3,68.60381470150651,1,19567.0,18646.69921875,-0.7832064189707166,4.113600869792,1
2023-07-14,19564.5,19564.5,19595.349609375,19433.5,19493.44921875,291200,,,18662.44921875,18646.69921875,,Bullish,Bullish_BOS,19170.29641193543,18763.77511438286,18038.747164092067,1,1,1,3,72.50870544369303,1,19595.349609375,18646.69921875,-0.1574333195884403,4.922054946470711,1
2023-07-17,19711.44921875,19711.44921875,19731.849609375,19562.94921875,19612.150390625,268700,,,18662.44921875,18646.69921875,,Bullish,Bullish_BOS,19221.834774489198,18800.9388047502,18055.39096563095,1,1,1,3,75.68357814449871,1,19731.849609375,18646.69921875,-0.10338813151762327,5.710125891500151,1
2023-07-18,19749.25,19749.25,19819.44921875,19690.19921875,19787.5,286400,,,18662.44921875,18646.69921875,,Bullish,Bullish_BOS,19272.06479596642,18838.127479073722,18072.245284380893,1,1,1,3,76.43740637287132,1,19819.44921875,18646.69921875,-0.35419359022140773,5.912846924357207,1
2023-07-19,19833.150390625,19833.150390625,19851.69921875,19727.44921875,19802.94921875,259700,,,18662.44921875,18646.69921875,,Bullish,Bullish_BOS,19325.501519267236,18877.14798540907,18089.76672822412,1,1,1,3,78.06295074196608,1,19851.69921875,18646.69921875,-0.09343697947771235,6.36279460485949,1
2023-07-20,19979.150390625,19979.150390625,19991.849609375,19758.400390625,19831.69921875,274700,19991.849609375,,18662.44921875,18646.69921875,HH,Bullish,Bullish_BOS,19387.75379272988,18920.363766005772,18108.566565660945,1,1,1,3,80.57439654289637,1,19991.849609375,18646.69921875,-0.06352198019758948,7.145775004163557,1
2023-07-21,19745.0,19745.0,19887.400390625,19700.0,19800.44921875,312500,,,19991.849609375,18646.69921875,,Bullish,,19421.77724104132,18952.702441848684,18124.84948540561,1,1,1,3,67.27259421859355,1,19991.849609375,18646.69921875,-1.2347512321183252,5.8900546867062475,1
2023-07-24,19672.349609375,19672.349609375,19782.75,19658.30078125,19748.44921875,265600,,,19991.849609375,18646.69921875,,Bullish,,19445.64127612072,18980.92389939874,18140.24749658939,1,1,1,3,63.75569316105184,1,19991.849609375,18646.69921875,-1.5981512778596163,5.500439399985968,1
2023-07-25,19680.599609375,19680.599609375,19729.349609375,19615.94921875,19729.349609375,369700,,,19991.849609375,18646.69921875,,Bullish,,19468.018260240176,19008.36216253506,18155.574383283772,1,1,1,3,63.98594055848088,1,19991.849609375,18714.25,-1.5568844608256915,5.1637100571756855,1
2023-07-26,19778.30078125,19778.30078125,19825.599609375,19716.69921875,19733.349609375,244700,,,19991.849609375,18646.69921875,,Bullish,,19497.56897652683,19038.555833857215,18171.72091460682,1,1,1,3,66.68507363269528,1,19991.849609375,18861.349609375,-1.0681794446115611,4.8615353135664785,1
2023-07-27,19659.900390625,19659.900390625,19867.55078125,19603.55078125,19850.900390625,334900,,,19991.849609375,18646.69921875,,Bullish,,19513.029111202846,19062.922287063797,18186.5286705871,1,1,1,3,60.74364214001042,1,19991.849609375,19024.599609375,-1.66042274845013,3.3393647923971814,1
2023-07-28,19646.05078125,19646.05078125,19695.900390625,19563.099609375,19659.75,258700,,,19991.849609375,18646.69921875,,Bullish,,19525.697841683526,19085.79007114953,18201.0512786534,1,1,1,3,60.069447694367,1,19991.849609375,19234.400390625,-1.7296990267615886,2.1401779221859263,1
2023-07-31,19753.80078125,19753.80078125,19772.75,19597.599609375,19666.349609375,295100,,,19991.849609375,18646.69921875,,Bullish,,19547.421931166045,19111.986569584846,18216.50152246033,1,1,1,3,63.46677071741972,1,19991.849609375,19300.0,-1.1907293861062707,2.351299384715033,1
2023-08-01,19733.55078125,19733.55078125,19795.599609375,19704.599609375,19784.0,298000,,,19991.849609375,18646.69921875,,Bullish,,19565.1484883169,19136.36163670897,18231.596539960727,1,1,1,3,62.39239638648354,1,19991.849609375,19303.599609375,-1.2920206642804688,2.2273108672757003,1
2023-08-02,19526.55078125,19526.55078125,19678.25,19423.55078125,19655.400390625,290700,,,19991.849609375,18646.69921875,,Bullish,,19561.47251621529,19151.663171789012,18244.481656789478,-1,1,1,1,52.59170956025398,0,19991.849609375,19303.599609375,-2.327442618950082,1.1549720072246084,1
2023-08-03,19381.650390625,19381.650390625,19537.650390625,19296.44921875,19463.75,315700,,19296.44921875,19991.849609375,18646.69921875,HL,Bullish,,19544.346599492404,19160.68227841003,18255.796768568936,-1,1,1,1,47.02340692666681,0,19991.849609375,19296.44921875,-3.052239941140078,0.441538082520454,0
2023-08-04,19517.0,19517.0,19538.849609375,19436.44921875,19462.80078125,280800,,,19991.849609375,19296.44921875,,Bullish,,19541.74216144551,19174.65552239395,18268.346054453825,-1,1,1,1,52.122671923274616,0,19991.849609375,19296.44921875,-2.3752159937834083,1.1429604418397021,1
2023-08-07,19597.30078125,19597.30078125,19620.44921875,19524.80078125,19576.849609375,216600,,,19991.849609375,19296.44921875,,Bullish,,19547.033458569746,19191.22984627066,18281.5694845712,1,1,1,3,54.896510277043056,0,19991.849609375,19296.44921875,-1.9735484001439207,1.5591032271764727,1
2023-08-08,19570.849609375,19570.849609375,19634.400390625,19533.099609375,19627.19921875,260300,,,19991.849609375,19296.44921875,,Bullish,,19549.301663408343,19206.116895804167,18294.398142529448,1,1,1,3,53.79098027622814,0,19991.849609375,19296.44921875,-2.105858178337716,1.4220253037971808,1
2023-08-09,19632.55078125,19632.55078125,19645.5,19467.5,19578.80078125,266500,,,19991.849609375,19296.44921875,,Bullish,,19557.230150821833,19222.83979327263,18307.71309415851,1,1,1,3,56.016096708570984,1,19991.849609375,19296.44921875,-1.7972265455443948,1.7417793226611744,1
2023-08-10,19543.099609375,19543.099609375,19623.599609375,19495.400390625,19605.55078125,312200,,,19991.849609375,19296.44921875,,Bullish,,19555.88438496975,19235.39900174723,18320.005497294995,-1,1,1,1,52.09926520728827,0,19991.849609375,19296.44921875,-2.244664744724578,1.2782164626709447,1
2023-08-11,19428.30078125,19428.30078125,19557.75,19412.75,19554.25,235500,,,19991.849609375,19296.44921875,,Bullish,,19543.73356556787,19242.96377741401,18331.03331106569,-1,1,1,1,47.50807213309839,0,19991.849609375,19296.44921875,-2.818892894536029,0.6832944289661524,1
2023-08-14,19434.55078125,19434.55078125,19465.849609375,19257.900390625,19383.94921875,243900,,,19991.849609375,19296.44921875,,Bullish,,19533.335205156643,19250.476993250715,18342.01358440086,-1,1,1,1,47.77789303792186,0,19991.849609375,19257.900390625,-2.7876301543588,0.917287902844266,1
2023-08-16,19465.0,19465.0,19482.75,19317.19921875,19369.0,0,,,19991.849609375,19296.44921875,,Bullish,,19526.82709037982,19258.88966018206,18353.187578585923,-1,1,1,1,49.14928301780554,0,19991.849609375,19257.900390625,-2.635321992057893,1.0754007714975033,1
2023-08-17,19365.25,19365.25,19461.55078125,19326.25,19450.55078125,268700,,,19991.849609375,19296.44921875,,Bullish,,19511.43879605793,19263.06065390041,18363.257851435814,-1,1,1,1,44.98187897889759,-1,19991.849609375,19257.900390625,-3.134275325286373,0.5574315330203916,0
2023-08-18,19310.150390625,19310.150390625,19373.80078125,19253.599609375,19301.75,256100,,,19991.849609375,19296.44921875,,Bullish,,19492.268471730986,19264.907310242554,18372.679667746153,-1,1,1,1,42.82197040952098,-1,19887.400390625,19253.599609375,-2.902591533643173,0.2937153695793393,1
2023-08-21,19393.599609375,19393.599609375,19425.94921875,19296.30078125,19320.650390625,262600,,,19991.849609375,19296.44921875,,Bullish,,19482.87143722089,19269.954067071278,18382.838075125546,-1,1,1,1,46.97475050215024,0,19867.55078125,19253.599609375,-2.3855540982046564,0.7271367580108601,1
2023-08-22,19396.44921875,19396.44921875,19443.5,19381.30078125,19417.099609375,208700,,,19991.849609375,19296.44921875,,Bullish,,19474.640749747472,19274.91466125476,18392.923758146688,-1,1,1,1,47.115998336633034,0,19867.55078125,19253.599609375,-2.3712110651535445,0.7419371560289711,1
2023-08-23,19444.0,19444.0,19472.05078125,19366.599609375,19439.19921875,225200,,,19991.849609375,19296.44921875,,Bullish,,19471.722583104856,19281.545458852615,18403.38222821488,-1,1,1,1,49.53186702696235,0,19867.55078125,19253.599609375,-2.13187214626237,0.9889080197361677,1
2023-08-24,19386.69921875,19386.69921875,19584.44921875,19369.0,19535.150390625,268300,19584.44921875,,19991.849609375,19296.44921875,LH,Bearish,,19463.625119832966,19285.669135711334,18413.166476876922,-1,1,1,1,46.75976684047573,0,19867.55078125,19253.599609375,-2.420286062405863,0.6912972746675017,1
2023-08-25,19265.80078125,19265.80078125,19339.55078125,19229.69921875,19297.400390625,466500,,,19584.44921875,19296.44921875,,Bearish,Bearish_BOS,19444.78470663459,19284.88998455599,18421.650400303522,-1,1,1,1,41.48438706953529,-1,19795.599609375,19229.69921875,-2.676346453653733,0.18773857089142698,1
2023-08-28,19306.05078125,19306.05078125,19366.849609375,19249.69921875,19298.349609375,248200,,,19584.44921875,19296.44921875,,Bearish,,19431.571951836057,19285.719819720463,18430.450404094034,-1,1,1,1,43.75928595872794,-1,19795.599609375,19229.69921875,-2.4730184373559227,0.3970502171222412,1
2023-08-29,19342.650390625,19342.650390625,19377.900390625,19309.099609375,19374.849609375,307400,,,19584.44921875,19296.44921875,,Bearish,,19423.103231720717,19287.952391128485,18439.527020875437,-1,1,1,1,45.821860606561295,0,19795.599609375,19229.69921875,-2.2881308355796826,0.5873787758722049,1
2023-08-30,19347.44921875,19347.44921875,19452.80078125,19334.75,19433.44921875,233000,,,19584.44921875,19296.44921875,,Bearish,,19415.898087628266,19290.28560005482,18448.56107259558,-1,1,1,1,46.10097561016112,0,19678.25,19229.69921875,-1.6810477621231557,0.6123340706503999,1
2023-08-31,19253.80078125,19253.80078125,19388.19921875,19223.650390625,19375.55078125,562600,,19223.650390625,19584.44921875,19296.44921875,LL,Bearish,Bearish_BOS,19400.460248925574,19288.854822846788,18456.57340800508,-1,1,1,1,41.597233001374285,-1,19645.5,19223.650390625,-1.9938368519508254,0.15684009026559753,1
2023-09-01,19435.30078125,19435.30078125,19458.55078125,19255.69921875,19258.150390625,333000,,,19584.44921875,19223.650390625,,Bearish,,19403.778394861234,19294.5978016077,18466.31198883339,1,1,1,3,51.48882164276649,0,19645.5,19223.650390625,-1.0699611552263844,1.100989595234303,1
2023-09-04,19528.80078125,19528.80078125,19545.150390625,19432.849609375,19525.05078125,296800,,,19584.44921875,19223.650390625,,Bearish,,19415.685288803023,19303.782232181908,18476.88401661863,1,1,1,3,55.655518190467355,1,19645.5,19223.650390625,-0.5940251902471272,1.5873696432484818,1
2023-09-05,19574.900390625,19574.900390625,19587.05078125,19525.75,19564.650390625,256800,,,19584.44921875,19223.650390625,,Bearish,,19430.848631833687,19314.414316826733,18487.809552678398,1,1,1,3,57.5896762191296,1,19645.5,19223.650390625,-0.3593678418721824,1.8271763835826738,1
2023-09-06,19611.05078125,19611.05078125,19636.44921875,19491.5,19581.19921875,287600,,,19584.44921875,19223.650390625,,Bearish,Bullish_BOS,19448.010741301907,19326.047119353134,18498.98608231593,1,1,1,3,59.096335397566456,1,19645.5,19223.650390625,-0.1753542477921144,2.0152280277315526,1
2023-09-07,19727.05078125,19727.05078125,19737.0,19550.05078125,19598.650390625,304900,,,19584.44921875,19223.650390625,,Bearish,Bullish_BOS,19474.585983201723,19341.772753153014,18511.205631559056,1,1,1,3,63.56879703086478,1,19737.0,19223.650390625,-0.050408971728221896,2.61865140280797,1
2023-09-08,19819.94921875,19819.94921875,19867.150390625,19727.05078125,19774.80078125,288100,,,19584.44921875,19223.650390625,,Bearish,Bullish_BOS,19507.477719920607,19360.52477141172,18524.227955809714,1,1,1,3,66.70826421521946,1,19867.150390625,19223.650390625,-0.2375840064978485,3.101902167424986,1
2023-09-11,19996.349609375,19996.349609375,20008.150390625,19865.349609375,19890.0,248800,,,19584.44921875,19223.650390625,,Bearish,Bullish_BOS,19554.036947487693,19385.45907878283,18538.875932462106,1,1,1,3,71.69602566324248,1,20008.150390625,19223.650390625,-0.05897987080070166,4.019523883595122,1
2023-09-12,19993.19921875,19993.19921875,20110.349609375,19914.650390625,20110.150390625,328100,,,19584.44921875,19223.650390625,,Bearish,Bullish_BOS,19595.86192570315,19409.29202544821,18553.346810932635,1,1,1,3,71.49002707518565,1,20110.349609375,19223.650390625,-0.5825378121242952,4.003135785804202,1
2023-09-13,20070.0,20070.0,20096.900390625,19944.099609375,19989.5,251400,,,19584.44921875,19223.650390625,,Bearish,Bullish_BOS,19641.017932779043,19435.2021420973,18568.43788744077,1,1,1,3,73.48974603691428,1,20110.349609375,19223.650390625,-0.20064101399902556,4.402647739514376,1
2023-09-14,20103.099609375,20103.099609375,20167.650390625,20043.44921875,20127.94921875,275100,,,19584.44921875,19223.650390625,,Bearish,Bullish_BOS,19685.02571150247,19461.394199637605,18583.708153330663,1,1,1,3,74.32557012328697,1,20167.650390625,19223.650390625,-0.3200709056321527,4.574829446434836,1
2023-09-15,20192.349609375,20192.349609375,20222.44921875,20129.69921875,20156.44921875,438200,20222.44921875,,19584.44921875,19223.650390625,HH,Bullish,Bullish_BOS,19733.342273204617,19490.059117666526,18599.71453597787,1,1,1,3,76.47898219996289,1,20222.44921875,19223.650390625,-0.14884255141108804,5.0391013104483795,1
2023-09-18,20133.30078125,20133.30078125,20195.349609375,20115.69921875,20155.94921875,264900,,,20222.44921875,19223.650390625,,Bullish,,19771.43355968513,19515.28428094431,18614.974100607444,1,1,1,3,72.16629006205332,1,20222.44921875,19223.650390625,-0.44083897324040944,4.731933696987212,1
2023-09-20,19901.400390625,19901.400390625,20050.650390625,19878.849609375,19980.75,378100,,,20222.44921875,19223.650390625,,Bullish,,19783.811353107976,19530.426089167082,18627.77436219966,1,1,1,3,58.26929245929211,1,20222.44921875,19223.650390625,-1.5875862743041425,3.525605107396901,1
2023-09-21,19742.349609375,19742.349609375,19848.75,19709.94921875,19840.55078125,275100,,,20222.44921875,19223.650390625,,Bullish,,19779.862615609596,19538.736815449745,18638.86466316658,-1,1,1,1,51.01341396295523,0,20222.44921875,19223.650390625,-2.374092298028163,2.6982347692036557,1
2023-09-22,19674.25,19674.25,19798.650390625,19657.5,19744.849609375,246400,,,20222.44921875,19223.650390625,,Bullish,,19769.804271265824,19544.05105798113,18649.167004826617,-1,1,1,1,48.243401787203176,0,20222.44921875,19223.650390625,-2.710844828042469,2.343985664630832,1
2023-09-25,19674.55078125,19674.55078125,19734.150390625,19601.55078125,19678.19921875,188400,,,20222.44921875,19223.650390625,,Bullish,,19760.732510311936,19549.168694187756,18659.369828472623,-1,1,1,1,48.256765947656596,0,20222.44921875,19223.650390625,-2.709357464930584,2.3455503063294136,1
2023-09-26,19664.69921875,19664.69921875,19699.349609375,19637.44921875,19682.80078125,204900,,,20222.44921875,19223.650390625,,Bullish,,19751.58648254413,19553.69930299412,18669.37310598782,-1,1,1,1,47.82121833840284,0,20222.44921875,19223.650390625,-2.7580734359459402,2.2943032106955696,1
2023-09-27,19716.44921875,19716.44921875,19730.69921875,19554.0,19637.05078125,203600,,,20222.44921875,19223.650390625,,Bullish,,19748.2400764685,19560.081652631605,18679.7917737765,-1,1,1,1,50.355964194849136,0,20222.44921875,19223.650390625,-2.5021697150849675,2.5635028629387158,1
2023-09-28,19523.55078125,19523.55078125,19766.650390625,19492.099609375,19761.80078125,352800,,,20222.44921875,19223.650390625,,Bullish,,19726.8410959715,19558.64906944017,18688.187385791163,-1,1,1,1,42.13874101727506,-1,20222.44921875,19223.650390625,-3.456052379906538,1.5600595336006329,0
2023-09-29,19638.30078125,19638.30078125,19726.25,19551.05078125,19581.19921875,243500,,,20222.44921875,19223.650390625,,Bullish,,19718.40868504564,19561.77266598173,18697.641250422595,-1,1,1,1,47.61506625758731,0,20222.44921875,19255.69921875,-2.888613694519182,1.9869523207313389,1
2023-10-03,19528.75,19528.75,19623.19921875,19479.650390625,19622.400390625,221700,,,20222.44921875,19223.650390625,,Bullish,,19700.34595313653,19560.477659472643,18705.91098922436,-1,1,1,1,43.39261499660817,-1,20222.44921875,19432.849609375,-3.4303422461153255,0.49349628362653775,0
2023-10-04,19436.099609375,19436.099609375,19457.80078125,19333.599609375,19446.30078125,277100,,19333.599609375,20222.44921875,19223.650390625,HL,Bullish,,19675.179634683052,19555.60008888058,18713.176547633822,-1,1,1,1,40.149814337220455,-1,20222.44921875,19333.599609375,-3.8884983755870017,0.53016511188273,0
2023-10-05,19545.75,19545.75,19576.94921875,19487.30078125,19521.849609375,234900,,,20222.44921875,19333.599609375,,Bullish,,19662.853002808475,19555.213810885263,18721.460860592688,-1,1,1,1,45.35463065052795,0,20222.44921875,19333.599609375,-3.3462772556875686,1.097314493479673,0
2023-10-06,19653.5,19653.5,19675.75,19589.400390625,19621.19921875,159100,,,20222.44921875,19333.599609375,,Bullish,,19661.96224063624,19559.068171242703,18730.734881880322,-1,1,1,1,49.95984967282794,0,20222.44921875,19333.599609375,-2.8134535663587035,1.6546344037758898,1
2023-10-09,19512.349609375,19512.349609375,19588.94921875,19480.5,19539.44921875,165100,,,20222.44921875,19333.599609375,,Bullish,,19647.71341861136,19557.236070777304,18738.512142850417,-1,1,1,1,44.65124936124086,-1,20222.44921875,19333.599609375,-3.511442168521328,0.924556231697915,0
2023-10-10,19689.849609375,19689.849609375,19717.80078125,19565.44921875,19565.599609375,216600,,,20222.44921875,19333.599609375,,Bullish,,19651.726389160278,19562.436601702702,18747.978187293447,1,1,1,3,51.61398235434384,0,20222.44921875,19333.599609375,-2.633704768466816,1.8426470352021385,1
2023-10-11,19811.349609375,19811.349609375,19839.19921875,19756.94921875,19767.0,213700,,,20222.44921875,19333.599609375,,Bullish,,19666.928600609303,19572.197896121223,18758.558997463413,1,1,1,3,55.720184499398016,1,20222.44921875,19333.599609375,-2.032887336880207,2.4710866556289623,1
2023-10-12,19794.0,19794.0,19843.30078125,19772.650390625,19822.69921875,217900,,,20222.44921875,19333.599609375,,Bullish,,19679.030638646513,19580.89601784196,18768.86189301104,1,1,1,3,55.00239001982593,1,20222.44921875,19333.599609375,-2.1186811454704912,2.38134853274683,1
2023-10-13,19751.05078125,19751.05078125,19805.400390625,19635.30078125,19654.55078125,255000,,,20222.44921875,19333.599609375,,Bullish,,19685.889699846844,19587.568753661883,18778.63491677461,1,1,1,3,53.176162789786844,0,20222.44921875,19333.599609375,-2.331065008005684,2.1592004609042093,1
2023-10-16,19731.75,19731.75,19781.30078125,19691.849609375,19737.25,181000,,,20222.44921875,19333.599609375,,Bullish,,19690.257347480478,19593.222920184948,18788.118648946005,1,1,1,3,52.33521016803732,0,20222.44921875,19333.599609375,-2.4265073604191834,2.0593702087009946,1
2023-10-17,19811.5,19811.5,19849.75,19775.650390625,19843.19921875,185800,19849.75,,20222.44921875,19333.599609375,LH,Bearish,,19701.80426676805,19601.78280566789,18798.30154796147,1,1,1,3,55.46891641357315,1,20195.349609375,19333.599609375,-1.9006831612204955,2.4718645274585116,1
2023-10-18,19671.099609375,19671.099609375,19840.94921875,19659.94921875,19820.44921875,198900,,,19849.75,19333.599609375,,Bearish,,19698.880013682996,19604.50111169562,18806.98610578648,-1,1,1,1,49.32116579909469,0,20050.650390625,19333.599609375,-1.892959948209283,1.745665612296765,1
2023-10-19,19624.69921875,19624.69921875,19681.80078125,19512.349609375,19545.19921875,230300,,,19849.75,19333.599609375,,Bearish,,19691.81517607033,19605.293194325204,18815.12255467169,-1,1,1,1,47.44946724662902,0,19849.75,19333.599609375,-1.1337713636191848,1.505666897300606,1
2023-10-20,19542.650390625,19542.650390625,19593.80078125,19518.69921875,19542.150390625,198300,,,19849.75,19333.599609375,,Bearish,,19677.609006027917,19602.83661378794,18822.361637616497,-1,1,1,1,44.251555037647606,-1,19849.75,19333.599609375,-1.5471207918235752,1.081282252005611,1
2023-10-23,19281.75,19281.75,19556.849609375,19257.849609375,19521.599609375,176000,,,19849.75,19333.599609375,,Bearish,Bearish_BOS,19639.90814831097,19590.244981874686,18826.932666097928,-1,1,1,1,35.953700412657795,-1,19849.75,19257.849609375,-2.861496996183832,0.12410726591907117,1
2023-10-25,19122.150390625,19122.150390625,19347.30078125,19074.150390625,19286.44921875,225300,,,19849.75,19333.599609375,,Bearish,Bearish_BOS,19590.59788567421,19571.888331237446,18829.87015589422,-1,1,1,1,32.000605359237966,-1,19849.75,19074.150390625,-3.6655353814279756,0.25164947857174713,0
2023-10-26,18857.25,18857.25,19041.69921875,18837.849609375,19027.25,300400,,18837.849609375,19849.75,19333.599609375,LL,Bearish,Bearish_BOS,19520.755229895716,19543.8632986399,18830.14259215398,-1,-1,1,-1,26.744504644798695,-1,19849.75,18837.849609375,-5.000062973085306,0.10298622734170593,0
2023-10-27,19047.25,19047.25,19076.150390625,18926.650390625,18928.75,205200,,,19849.75,18837.849609375,,Bearish,,19475.65949371517,19524.38826732069,18832.302864868867,-1,-1,1,-1,34.99209935107994,-1,19849.75,18837.849609375,-4.042872076474513,1.1115939184522805,0
2023-10-30,19140.900390625,19140.900390625,19158.5,18940.0,19053.400390625,180100,,,19849.75,18837.849609375,,Bearish,,19443.77767437325,19509.349527058115,18835.373487015695,-1,-1,1,-1,38.65803997099934,-1,19849.75,18837.849609375,-3.571075753472963,1.6087334145569399,0
2023-10-31,19079.599609375,19079.599609375,19233.69921875,19056.44921875,19232.94921875,206000,,,19849.75,18837.849609375,,Bearish,,19409.09404913532,19492.49658910976,18837.803597685936,-1,-1,1,-1,37.18005370913438,-1,19849.75,18837.849609375,-3.879899699618383,1.2833205753999044,0
2023-11-01,18989.150390625,18989.150390625,19096.05078125,18973.69921875,19064.05078125,194100,,,19849.75,18837.849609375,,Bearish,,19369.099414991484,19472.757522502514,18839.309535924134,-1,-1,1,-1,35.050686375531896,-1,19849.75,18837.849609375,-4.335569009055529,0.8031743770515298,0
2023-11-02,19133.25,19133.25,19175.25,19064.150390625,19120.0,245600,,,19849.75,18837.849609375,,Bearish,,19346.63756594468,19459.443502012222,18842.234316661208,-1,-1,1,-1,40.86170223898416,-1,19849.75,18837.849609375,-3.6096172495875267,1.5681216102181317,0
2023-11-03,19230.599609375,19230.599609375,19276.25,19210.900390625,19241.0,189500,,,19849.75,18837.849609375,,Bearish,,19335.58633198566,19450.469231712723,18846.09864793199,-1,-1,1,-1,44.47592502953858,-1,19849.75,18837.849609375,-3.1191848291540203,2.0848982667561966,0
2023-11-06,19411.75,19411.75,19423.0,19309.69921875,19345.849609375,180700,,,19849.75,18837.849609375,,Bearish,,19342.840014653695,19448.95083046909,18851.72701959436,1,-1,1,1,50.53409935873308,0,19849.75,18837.849609375,-2.2065769090290788,3.046528146924943,1
2023-11-07,19406.69921875,19406.69921875,19423.5,19329.099609375,19404.05078125,198700,,,19849.75,18837.849609375,,Bearish,,19348.921843615248,19447.29390451932,18857.249131028744,1,-1,1,1,50.36908245193535,0,19849.75,18837.849609375,-2.2320219713094613,3.0197162689519663,1
2023-11-08,19443.5,19443.5,19464.400390625,19401.5,19449.599609375,195000,,,19849.75,18837.849609375,,Bearish,,19357.929287080464,19447.145123949933,18863.08247300856,1,-1,1,1,51.6089968403276,0,19849.75,18837.849609375,-2.046625272358593,3.2150718005710566,1
2023-11-09,19395.30078125,19395.30078125,19463.900390625,19378.349609375,19457.400390625,208400,,,19849.75,18837.849609375,,Bearish,,19361.488477001374,19445.112012471505,18868.37817756818,1,-1,1,1,49.85231789919655,0,19849.75,18837.849609375,-2.2894455534704483,2.9592081019564676,1
2023-11-10,19425.349609375,19425.349609375,19451.30078125,19329.44921875,19351.849609375,152200,,,19849.75,18837.849609375,,Bearish,,19367.570489608384,19444.337016271646,18873.920181864763,1,-1,1,1,50.97272778531299,0,19849.75,18837.849609375,-2.1380641601279615,3.1187211501445544,1
2023-11-13,19443.55078125,19443.55078125,19494.400390625,19414.75,19486.75,189300,,,19849.75,18837.849609375,,Bearish,,19374.806707859967,19444.3061835257,18879.5881480278,1,-1,1,1,51.67699344098081,0,19849.75,18837.849609375,-2.0463694441995472,3.21534137088324,1
2023-11-15,19675.44921875,19675.44921875,19693.19921875,19579.650390625,19651.400390625,291500,,,19849.75,18837.849609375,,Bearish,,19403.439327944732,19453.370616279593,18887.50716365688,1,-1,1,1,59.633203177904065,1,19849.75,18837.849609375,-0.8781006372876266,4.446365305720201,1
2023-11-16,19765.19921875,19765.19921875,19875.25,19627.0,19674.69921875,282700,19875.25,,19849.75,18837.849609375,HH,Bullish,,19437.892650878566,19465.59918892549,18896.240417936413,1,-1,1,1,62.225430689027576,1,19875.25,18837.849609375,-0.5537076577653122,4.922799728231664,1
2023-11-17,19731.80078125,19731.80078125,19806.0,19667.44921875,19674.75,236800,,,19875.25,18837.849609375,,Bullish,,19465.88390139013,19476.038467055863,18904.55445140222,1,-1,1,1,60.66423295256923,1,19875.25,18837.849609375,-0.7217479968805396,4.745505407528627,1
2023-11-20,19694.0,19694.0,19756.44921875,19670.5,19731.150390625,173800,,,19875.25,18837.849609375,,Bullish,,19487.60924411488,19484.585978151714,18912.409630990256,1,1,1,3,58.864119153825065,1,19875.25,18837.849609375,-0.9119382146136501,4.544841414377365,1
2023-11-21,19783.400390625,19783.400390625,19829.099609375,19754.05078125,19770.900390625,195000,,,19875.25,18837.849609375,,Bullish,,19515.779829496794,19496.304190405568,18921.07620571299,1,1,1,3,61.754598056702285,1,19875.25,18837.849609375,-0.4621305864077163,5.0194199489703495,1
2023-11-22,19811.849609375,19811.849609375,19825.55078125,19703.849609375,19784.0,184500,,,19875.25,18837.849609375,,Bullish,,19543.97695138996,19508.678520561232,18929.939622664853,1,1,1,3,62.653908771704565,1,19875.25,18837.849609375,-0.3189916636268775,5.170441532324754,1
2023-11-23,19802.0,19802.0,19875.150390625,19786.75,19828.44921875,170000,,,19875.25,18837.849609375,,Bullish,,19568.550575067107,19520.18132367648,18938.61684034978,1,1,1,3,62.10937969373457,1,19875.25,18837.849609375,-0.36854882328524186,5.118155259850754,1
2023-11-24,19794.69921875,19794.69921875,19832.849609375,19768.849609375,19809.599609375,145900,,,19875.25,18837.849609375,,Bullish,,19590.088541132147,19530.94673132642,18947.13507297068,1,1,1,3,61.68145971734371,1,19875.25,18926.650390625,-0.4052818518006096,4.586383803839755,1
2023-11-28,19889.69921875,19889.69921875,19916.849609375,19800.0,19844.650390625,229600,,,19875.25,18837.849609375,,Bullish,Bullish_BOS,19618.622891381467,19545.015456323425,18956.513820689877,1,1,1,3,65.05530792641562,1,19916.849609375,18940.0,-0.13631870078599784,5.014251418954596,1
2023-11-29,20096.599609375,20096.599609375,20104.650390625,19956.30078125,19976.55078125,236200,,,19875.25,18837.849609375,,Bullish,Bullish_BOS,19664.144483571326,19566.646207423484,18967.857957890723,1,1,1,3,71.03652584568044,1,20104.650390625,18973.69921875,-0.04004437328467558,5.918194326150905,1
2023-11-30,20133.150390625,20133.150390625,20158.69921875,20015.849609375,20108.5,486600,,,19875.25,18837.849609375,,Bullish,Bullish_BOS,19708.81171281453,19588.862057745115,18979.452907470168,1,1,1,3,71.9499288016151,1,20158.69921875,18973.69921875,-0.12673847577048258,6.110833520166792,1
2023-12-01,20267.900390625,20267.900390625,20291.55078125,20183.69921875,20194.099609375,265800,,,19875.25,18837.849609375,,Bullish,Bullish_BOS,19762.058253558385,19615.4910119757,18992.273280436882,1,1,1,3,75.07118990910325,1,20291.55078125,19064.150390625,-0.11655289869147989,6.314207427738072,1
2023-12-04,20686.80078125,20686.80078125,20702.650390625,20507.75,20601.94921875,381100,,,19875.25,18837.849609375,,Bullish,Bullish_BOS,19850.128970481397,19657.50315979038,19009.134250594227,1,1,1,3,81.83734719171679,1,20702.650390625,19210.900390625,-0.07655835883785267,7.682619557723824,1
2023-12-05,20855.099609375,20855.099609375,20864.05078125,20711.150390625,20808.900390625,421000,,,19875.25,18837.849609375,,Bullish,Bullish_BOS,19945.840459899835,19704.46772644076,19027.50206510946,1,1,1,3,83.7461135470121,1,20864.05078125,19309.69921875,-0.0429023681395746,8.003233883231054,1
2023-12-06,20937.69921875,20937.69921875,20961.94921875,20852.150390625,20950.75,359200,,,19875.25,18837.849609375,,Bullish,Bullish_BOS,20040.303198837944,19752.829745747003,19046.509001961607,1,1,1,3,84.60144612143958,1,20961.94921875,19329.099609375,-0.11568580644355508,8.322165242476153,1
2023-12-07,20901.150390625,20901.150390625,20941.25,20850.80078125,20932.400390625,275000,,,19875.25,18837.849609375,,Bullish,Bullish_BOS,20122.288645674806,19797.86192789908,19064.96314513239,1,1,1,3,82.5318782864475,1,20961.94921875,19329.44921875,-0.29004377164799644,8.131122382682342,1
2023-12-08,20969.400390625,20969.400390625,21006.099609375,20862.69921875,20934.099609375,292400,,,19875.25,18837.849609375,,Bullish,Bullish_BOS,20202.96595471768,19843.80461271186,19083.912769465653,1,1,1,3,83.35091996609452,1,21006.099609375,19329.44921875,-0.17470743942212819,8.484210560351668,1
2023-12-11,20997.099609375,20997.099609375,21026.099609375,20923.69921875,20965.30078125,212900,,,19875.25,18837.849609375,,Bullish,Bullish_BOS,20278.59773135171,19889.031867482965,19102.949454439877,1,1,1,3,83.68526084198322,1,21026.099609375,19329.44921875,-0.13792382105461964,8.627511170920176,1
2023-12-12,20906.400390625,20906.400390625,21037.900390625,20867.150390625,21018.55078125,244900,,,19875.25,18837.849609375,,Bullish,Bullish_BOS,20338.38846080631,19928.928672312064,19120.894239874557,1,1,1,3,78.15106117539767,1,21037.900390625,19414.75,-0.6250623757996232,7.68307802379633,1
2023-12-13,20926.349609375,20926.349609375,20950.0,20769.5,20929.75,260300,,20769.5,19875.25,18837.849609375,HL,Bullish,Bullish_BOS,20394.384760669993,19968.043218863553,19138.858969919336,1,1,1,3,78.48803255149446,1,21037.900390625,19579.650390625,-0.5302372346040252,6.878055490688517,1
2023-12-14,21182.69921875,21182.69921875,21210.900390625,21074.44921875,21110.400390625,334400,,,19875.25,20769.5,,Bullish,Bullish_BOS,20469.462328106183,20015.67678748655,19159.195688813175,1,1,1,3,82.2717592140087,1,21210.900390625,19627.0,-0.13295603371681342,7.926321999031938,1
2023-12-15,21456.650390625,21456.650390625,21492.30078125,21235.30078125,21287.44921875,508800,,,19875.25,20769.5,,Bullish,Bullish_BOS,20563.480238822263,20072.185556237077,19182.05593460235,1,1,1,3,85.25626443063625,1,21492.30078125,19667.44921875,-0.16587517077790714,9.09727108978251,1
2023-12-18,21418.650390625,21418.650390625,21482.80078125,21365.349609375,21434.80078125,249700,,,19875.25,20769.5,,Bullish,Bullish_BOS,20644.925015184428,20124.988098762093,19204.310605806557,1,1,1,3,83.1648428300714,1,21492.30078125,19670.5,-0.3426826721560361,8.887168046694294,1
2023-12-19,21453.099609375,21453.099609375,21505.05078125,21337.75,21477.650390625,249800,,,19875.25,20769.5,,Bullish,Bullish_BOS,20721.894024154957,20177.070903099855,19226.686615792314,1,1,1,3,83.55860537814253,1,21505.05078125,19703.849609375,-0.2415766063677216,8.877706817086729,1
2023-12-20,21150.150390625,21150.150390625,21593.0,21087.349609375,21543.5,363900,,,19875.25,20769.5,,Bullish,Bullish_BOS,20762.680344771154,20215.2308830028,19245.825558825476,1,1,1,3,68.40602120758297,1,21593.0,19703.849609375,-2.0508943147084735,7.34019397185135,1
2023-12-21,21255.05078125,21255.05078125,21288.349609375,20976.80078125,21033.94921875,277500,,20976.80078125,19875.25,20769.5,HL,Bullish,Bullish_BOS,20809.572767292946,20256.00813391446,19265.817849595867,1,1,1,3,70.40714666086036,1,21593.0,19768.849609375,-1.5650869205298013,7.517894066886921,1
2023-12-22,21349.400390625,21349.400390625,21390.5,21232.44921875,21295.849609375,284700,,,19875.25,20976.80078125,,Bullish,Bullish_BOS,20860.984921896,20298.8862616286,19286.550014183224,1,1,1,3,72.11773582189667,1,21593.0,19768.849609375,-1.1281415707636744,7.995158102171285,1
2023-12-26,21441.349609375,21441.349609375,21477.150390625,21329.44921875,21365.19921875,219500,,,19875.25,20976.80078125,,Bullish,Bullish_BOS,20916.257749274955,20343.688745853946,19307.99080617518,1,1,1,3,73.71251491582858,1,21593.0,19800.0,-0.7023127431343479,8.289644491792924,1
2023-12-27,21654.75,21654.75,21675.75,21495.80078125,21497.650390625,256500,,,19875.25,20976.80078125,,Bullish,Bullish_BOS,20986.590344582102,20395.102912683204,19331.341643924683,1,1,1,3,77.00045298349558,1,21675.75,19956.30078125,-0.09688246081450691,8.510841950958081,1
2023-12-28,21778.69921875,21778.69921875,21801.44921875,21678.0,21715.0,393100,,,19875.25,20976.80078125,,Bullish,Bullish_BOS,21062.029284979042,20449.36159135249,19355.693460589613,1,1,1,3,78.66928730337013,1,21801.44921875,20015.849609375,-0.10435086113649295,8.807268458638484,1
2023-12-29,21731.400390625,21731.400390625,21770.30078125,21676.900390625,21737.650390625,270900,,,19875.25,20976.80078125,,Bullish,Bullish_BOS,21125.77891408818,20499.63762269651,19379.332335515337,1,1,1,3,76.3914130091147,1,21801.44921875,20183.69921875,-0.32130354006354445,7.668074891035026,1
2024-01-01,21741.900390625,21741.900390625,21834.349609375,21680.849609375,21727.75,154000,21834.349609375,,19875.25,20976.80078125,HH,Bullish,Bullish_BOS,21184.45714994883,20548.3538096741,19402.840475367175,1,1,1,3,76.55371438096844,1,21834.349609375,20507.75,-0.42341182771161723,6.0179707214345735,1
2024-01-02,21665.80078125,21665.80078125,21755.599609375,21555.650390625,21751.349609375,263700,,,21834.349609375,20976.80078125,,Bullish,,21230.29940054894,20592.17525953982,19425.35749333616,1,1,1,3,72.65522070364781,1,21834.349609375,20711.150390625,-0.7719434338114173,4.609354732208049,1
2024-01-03,21517.349609375,21517.349609375,21677.0,21500.349609375,21661.099609375,311900,,,21834.349609375,20976.80078125,,Bullish,,21257.637515675233,20628.456606592183,19446.173335286796,1,1,1,3,65.6335224026871,1,21834.349609375,20769.5,-1.4518408181203202,3.6007107025927354,1
2024-01-04,21658.599609375,21658.599609375,21685.650390625,21564.55078125,21605.80078125,339200,,,21834.349609375,20976.80078125,,Bullish,,21295.824381741877,20668.854371407197,19468.187527068767,1,1,1,3,68.73016081255125,1,21834.349609375,20769.5,-0.8049243652512472,4.280794479284533,1
2024-01-05,21710.80078125,21710.80078125,21749.599609375,21629.19921875,21705.75,309300,,,21834.349609375,20976.80078125,,Bullish,,21335.345943599794,20709.715014930443,19490.502086811863,1,1,1,3,69.81273031755941,1,21834.349609375,20769.5,-0.5658461567911832,4.5321301969233785,1
2024-01-08,21513.0,21513.0,21763.94921875,21492.900390625,21747.599609375,231500,,,21834.349609375,20976.80078125,,Bullish,,21352.26537754267,20741.216386893953,19510.62644415702,1,1,1,3,61.17087017969547,1,21834.349609375,20769.5,-1.4717617658600801,3.5797684104095007,1
2024-01-09,21544.849609375,21544.849609375,21724.44921875,21517.849609375,21653.599609375,228600,,,21834.349609375,20976.80078125,,Bullish,,21370.60673295527,20772.731415226543,19530.867470676603,1,1,1,3,61.98682763699149,1,21834.349609375,20769.5,-1.3258924821635043,3.733116393630076,1
2024-01-10,21618.69921875,21618.69921875,21641.849609375,21448.650390625,21529.30078125,217000,,21448.650390625,21834.349609375,20976.80078125,HL,Bullish,,21394.234588745247,20805.906623207855,19551.641915931064,1,1,1,3,63.88205644262719,1,21834.349609375,20769.5,-0.9876657399147226,4.088683977707697,1
2024-01-11,21647.19921875,21647.19921875,21726.5,21593.75,21688.0,212500,,,21834.349609375,21448.650390625,,Bullish,,21418.32645826951,20838.898489699706,19572.493232377026,1,1,1,3,64.61526052944083,1,21834.349609375,20976.80078125,-0.8571374644685714,3.195904106117231,1
2024-01-12,21894.55078125,21894.55078125,21928.25,21715.150390625,21773.55078125,294700,,,21834.349609375,21448.650390625,,Bullish,Bullish_BOS,21463.68115569622,20880.296618780114,19595.59828261457,1,1,1,3,70.25839877590579,1,21928.25,20976.80078125,-0.15367947168606344,4.375071344627179,1
2024-01-15,22097.44921875,22097.44921875,22115.55078125,21963.55078125,22053.150390625,345500,,,21834.349609375,21448.650390625,,Bullish,Bullish_BOS,21524.0400188442,20928.02809328874,19620.492321780097,1,1,1,3,73.93102974353947,1,22115.55078125,20976.80078125,-0.08184992849170625,5.3423229270580075,1
2024-01-16,22032.30078125,22032.30078125,22124.150390625,21969.80078125,22080.5,292400,22124.150390625,,21834.349609375,21448.650390625,HH,Bullish,Bullish_BOS,21572.44580573999,20971.332904581337,19644.490415904176,1,1,1,3,70.90348538660356,1,22124.150390625,20976.80078125,-0.41515541954515456,5.031749173798961,1
2024-01-17,21571.94921875,21571.94921875,21851.5,21550.44921875,21647.25,456000,,,22124.150390625,21448.650390625,,Bullish,,21572.398511740943,20994.88648552913,19663.669110459858,-1,1,1,1,54.05768934014116,0,22124.150390625,20976.80078125,-2.4959203500487526,2.8371744752992534,1
2024-01-18,21462.25,21462.25,21539.400390625,21285.55078125,21414.19921875,387300,,,22124.150390625,21448.650390625,,Bullish,,21561.908177289424,21013.21446648877,19681.565437718964,-1,1,1,1,50.95115213307862,0,22124.150390625,20976.80078125,-2.9917550682781346,2.3142195219011397,1
2024-01-19,21622.400390625,21622.400390625,21670.599609375,21575.0,21615.19921875,343100,,,22124.150390625,21448.650390625,,Bullish,,21567.669340464243,21037.104110572545,19700.877228295143,1,1,1,3,55.015502214745304,1,22124.150390625,21232.44921875,-2.267883697864459,1.8365812057642428,1
2024-01-23,21238.80078125,21238.80078125,21750.25,21192.599609375,21716.69921875,449700,,,22124.150390625,21448.650390625,,Bullish,Bearish_BOS,21536.348525300982,21045.01378393245,19716.179950215093,-1,1,1,1,45.327046526603205,0,22124.150390625,21192.599609375,-4.001733823641707,0.2180061565196567,0
2024-01-24,21453.94921875,21453.94921875,21482.349609375,21137.19921875,21185.25,407500,,21137.19921875,22124.150390625,21448.650390625,LL,Bearish,,21528.50097229613,21061.050467650784,19733.471186717932,-1,1,1,1,50.583427326260356,0,22124.150390625,21137.19921875,-3.0292741643945575,1.4985429087455593,0
2024-01-25,21352.599609375,21352.599609375,21459.0,21247.05078125,21454.599609375,418100,,,22124.150390625,21137.19921875,,Bearish,,21511.748461541738,21072.483767326245,19749.581917291638,-1,1,1,1,48.23103666009108,0,22124.150390625,21137.19921875,-3.487369085942127,1.0190583359498628,0
2024-01-29,21737.599609375,21737.599609375,21763.25,21429.599609375,21433.099609375,376700,,,22124.150390625,21137.19921875,,Bearish,,21533.258094668716,21098.566741524235,19769.36318785963,1,1,1,3,56.505804717356106,1,22124.150390625,21137.19921875,-1.7471892679494672,2.8404917056958467,1
2024-01-30,21522.099609375,21522.099609375,21813.05078125,21501.80078125,21775.75,375100,,,22124.150390625,21137.19921875,,Bearish,,21532.1953817836,21115.175873596814,19786.803351257797,-1,1,1,1,51.539871021843354,0,22124.150390625,21137.19921875,-2.7212379712674317,1.820962118214653,1
2024-01-31,21725.69921875,21725.69921875,21741.349609375,21448.849609375,21487.25,410600,,,22124.150390625,21137.19921875,,Bearish,,21550.624318637543,21139.117965563608,19806.09584745175,1,1,1,3,55.517391703027194,1,22124.150390625,21137.19921875,-1.8009784097464898,2.784191008040282,1
2024-02-01,21697.44921875,21697.44921875,21832.94921875,21658.75,21780.650390625,332500,,,22124.150390625,21137.19921875,,Bearish,,21564.607642457777,21161.01330882582,19824.91528398208,1,1,1,3,54.84474181810526,0,22124.150390625,21137.19921875,-1.9286669288589353,2.6505403776628356,1
2024-02-02,21853.80078125,21853.80078125,22126.80078125,21805.55078125,21812.75,442800,22126.80078125,,22124.150390625,21137.19921875,HH,Bullish,,21592.14984615227,21188.181444999314,19845.103199377783,1,1,1,3,57.88601095645737,1,22126.80078125,21137.19921875,-1.2337978847413722,3.390238957791203,1
2024-02-05,21771.69921875,21771.69921875,21964.30078125,21726.94921875,21921.05078125,440800,,,22126.80078125,21137.19921875,,Bullish,,21609.249786399676,21211.064494950322,19864.273309023276,1,1,1,3,55.76217904609525,1,22126.80078125,21137.19921875,-1.6048481929701652,3.001816813256686,1
2024-02-06,21929.400390625,21929.400390625,21951.400390625,21737.55078125,21825.19921875,371000,,,22126.80078125,21137.19921875,,Bullish,,21639.74032013542,21239.23453007482,19884.82183719842,1,1,1,3,58.882781386206126,1,22126.80078125,21137.19921875,-0.8921325435906402,3.747900389623382,1
2024-02-07,21930.5,21930.5,22053.30078125,21860.150390625,22045.05078125,346300,,,22126.80078125,21137.19921875,,Bullish,,21667.431718217762,21266.342979875808,19905.17684379346,1,1,1,3,58.90454979289313,1,22126.80078125,21137.19921875,-0.8871629621953425,3.7531026369202802,1
2024-02-08,21717.94921875,21717.94921875,22011.05078125,21665.30078125,22009.650390625,491100,,,22126.80078125,21137.19921875,,Bullish,,21672.24290874464,21284.053028459108,19923.214379862682,1,1,1,3,53.05723491121083,0,22126.80078125,21137.19921875,-1.8477662746729129,2.747525790857086,1
2024-02-09,21782.5,21782.5,21804.44921875,21629.900390625,21727.0,349200,,,22126.80078125,21137.19921875,,Bullish,,21682.743584102293,21303.599968519535,19941.71473429191,1,1,1,3,54.53336270027387,0,22126.80078125,21137.19921875,-1.5560350755349894,3.05291526361533,1
2024-02-12,21616.05078125,21616.05078125,21831.69921875,21574.75,21800.80078125,287400,,,22126.80078125,21137.19921875,,Bullish,,21676.391888592552,21315.85294156779,19958.374794460648,-1,1,1,1,50.15386189914159,0,22126.80078125,21137.19921875,-2.3082867019474596,2.265444714525988,1
2024-02-13,21743.25,21743.25,21766.80078125,21543.349609375,21664.30078125,365800,,,22126.80078125,21137.19921875,,Bullish,,21682.759327774213,21332.613610525917,19976.134746754575,1,1,1,3,53.244061129265496,0,22126.80078125,21137.19921875,-1.7334217677551278,2.867223679816555,1
2024-02-14,21840.05078125,21840.05078125,21870.849609375,21530.19921875,21578.150390625,359100,,21530.19921875,22126.80078125,21137.19921875,HL,Bullish,,21697.739466200477,21352.51310741706,19994.68117495851,1,1,1,3,55.50478428204203,1,22126.80078125,21137.19921875,-1.2959397195955624,3.325187766014559,1
2024-02-15,21910.75,21910.75,21953.849609375,21794.80078125,21906.55078125,345400,,,22126.80078125,21530.19921875,,Bullish,,21718.026183705195,21374.404750263453,20013.746536401708,1,1,1,3,57.134959454262784,1,22126.80078125,21137.19921875,-0.9764212340768186,3.6596654705501885,1
2024-02-16,22040.69921875,22040.69921875,22068.650390625,21968.94921875,22020.30078125,343900,,,22126.80078125,21530.19921875,,Bullish,,21748.756948947557,21400.53394510606,20033.91521980816,1,1,1,3,60.033384487123605,1,22126.80078125,21137.19921875,-0.38912793291365766,4.274454674196093,1
2024-02-19,22122.25,22122.25,22186.650390625,22021.05078125,22103.44921875,0,,,22126.80078125,21530.19921875,,Bullish,,21784.327715714455,21428.83653549406,20054.694670357334,1,1,1,3,61.77996669058466,1,22186.650390625,21137.19921875,-0.29026639664458953,4.660271074969091,1
2024-02-20,22196.94921875,22196.94921875,22215.599609375,22045.849609375,22099.19921875,295700,,,22126.80078125,21530.19921875,,Bullish,Bullish_BOS,21823.625001717843,21458.9586015041,20076.010636012983,1,1,1,3,63.35948911455442,1,22215.599609375,21137.19921875,-0.08395177691773448,5.013672762567034,1
2024-02-21,22055.05078125,22055.05078125,22249.400390625,21997.94921875,22248.849609375,364500,,,22126.80078125,21530.19921875,,Bullish,,21845.665552149476,21482.3347654157,20095.702577756638,1,1,1,3,58.420414306214475,1,22249.400390625,21137.19921875,-0.8735049303031595,4.342351855612958,1
2024-02-22,22217.44921875,22217.44921875,22252.5,21875.25,22081.55078125,343500,,,22126.80078125,21530.19921875,,Bullish,Bullish_BOS,21881.07352039714,21511.16278319352,20116.814484632196,1,1,1,3,62.06511313363646,1,22252.5,21247.05078125,-0.1575139029322603,4.567214751311988,1
2024-02-23,22212.69921875,22212.69921875,22297.5,22186.099609375,22290.0,226000,,,22126.80078125,21530.19921875,,Bullish,Bullish_BOS,21912.65692024027,21538.67401596044,20137.66905910103,1,1,1,3,61.89421865917849,1,22297.5,21429.599609375,-0.38031519789214485,3.6542895044684442,1
2024-02-26,22122.05078125,22122.05078125,22202.150390625,22075.150390625,22169.19921875,207800,,,22126.80078125,21530.19921875,,Bullish,,21932.59919271739,21561.551536167877,20157.414150863708,1,1,1,3,58.57927711882275,1,22297.5,21448.849609375,-0.7868560096423338,3.1386353307300663,1
2024-02-27,22198.349609375,22198.349609375,22218.25,22085.650390625,22090.19921875,252200,,,22126.80078125,21530.19921875,,Bullish,Bullish_BOS,21957.90875620859,21586.52400962698,20177.721966371282,1,1,1,3,60.497051573061114,1,22297.5,21448.849609375,-0.44467043670815,3.4943599011128423,1
2024-02-28,21951.150390625,21951.150390625,22229.150390625,21915.849609375,22214.099609375,203000,,,22126.80078125,21530.19921875,,Bullish,,21957.26510234349,21600.82308339161,20195.368020343954,-1,1,1,1,52.08325707723414,0,22297.5,21530.19921875,-1.5533113998206116,1.9551661719340085,1
2024-02-29,21982.80078125,21982.80078125,22060.55078125,21860.650390625,21935.19921875,360200,,21860.650390625,22126.80078125,21530.19921875,HL,Bullish,,21959.69707176316,21615.802600954685,20213.153420949988,1,1,1,3,52.98485343670356,0,22297.5,21530.19921875,-1.4113654837986322,2.102170806231296,1
2024-03-01,22338.75,22338.75,22353.30078125,22047.75,22048.30078125,351500,,,22126.80078125,21860.650390625,,Bullish,Bullish_BOS,21995.797350642857,21644.15347934862,20234.303635666904,1,1,1,3,61.71050965680675,1,22353.30078125,21530.19921875,-0.06509455311497492,3.7554263805690047,1
2024-03-04,22405.599609375,22405.599609375,22440.900390625,22358.30078125,22403.5,298800,,,22126.80078125,21860.650390625,,Bullish,Bullish_BOS,22034.826137188775,21674.014111898676,20255.908570728676,1,1,1,3,63.095771733713875,1,22440.900390625,21530.19921875,-0.15730554761852478,4.065918674187841,1
2024-03-05,22356.30078125,22356.30078125,22416.900390625,22269.150390625,22371.25,296200,,,22126.80078125,21860.650390625,,Bullish,Bullish_BOS,22065.44276995651,21700.770451873235,20276.80799570899,1,1,1,3,61.33350142835504,1,22440.900390625,21530.19921875,-0.37698848041918254,3.8369434212228493,1
2024-03-06,22474.05078125,22474.05078125,22497.19921875,22224.349609375,22327.5,312300,,,22126.80078125,21860.650390625,,Bullish,Bullish_BOS,22104.35781865113,21731.095170672324,20298.67110800293,1,1,1,3,63.92520396783477,1,22497.19921875,21530.19921875,-0.10289475269751325,4.383849647234239,1
2024-03-07,22493.55078125,22493.55078125,22525.650390625,22430.0,22505.30078125,379900,,,22126.80078125,21860.650390625,,Bullish,Bullish_BOS,22141.423815089118,21760.995390694978,20320.51070674171,1,1,1,3,64.3513435281924,1,22525.650390625,21530.19921875,-0.14250247525975368,4.4744201050450405,1
2024-03-11,22332.650390625,22332.650390625,22526.599609375,22307.25,22517.5,277900,22526.599609375,,22126.80078125,21860.650390625,HH,Bullish,Bullish_BOS,22159.635869902057,21783.41323382949,20340.531997128608,1,1,1,3,58.23821922699758,1,22526.599609375,21530.19921875,-0.8609786746033521,3.7270958978222968,1
2024-03-12,22335.69921875,22335.69921875,22452.55078125,22256.0,22334.44921875,299200,,,22526.599609375,21860.650390625,,Bullish,,22176.40380788758,21805.071507747944,20360.384407293997,1,1,1,3,58.31901787219582,1,22526.599609375,21530.19921875,-0.8474443277517674,3.7412566034155104,1
2024-03-13,21997.69921875,21997.69921875,22446.75,21905.650390625,22432.19921875,493300,,,22526.599609375,21860.650390625,,Bullish,,22159.38432320781,21812.625535630377,20376.67609696023,-1,1,1,1,47.37569720387036,0,22526.599609375,21530.19921875,-2.347892712599575,2.1713686680282507,1
2024-03-14,22146.650390625,22146.650390625,22204.599609375,21917.5,21982.55078125,426700,,,22526.599609375,21860.650390625,,Bullish,,22158.171567723733,21825.724549551735,20394.287781474308,-1,1,1,1,51.6788620602434,0,22526.599609375,21794.80078125,-1.6866692059101296,1.614374056025758,1
2024-03-15,22023.349609375,22023.349609375,22120.900390625,21931.69921875,22064.849609375,661500,,,22526.599609375,21860.650390625,,Bullish,,22145.331381214328,21833.474551897747,20410.49735190118,-1,1,1,1,48.167600146749756,0,22526.599609375,21860.650390625,-2.23402559075343,0.7442560758383232,1
2024-03-18,22055.69921875,22055.69921875,22123.69921875,21916.55078125,21990.099609375,356300,,,22526.599609375,21860.650390625,,Bullish,,22136.794984789154,21842.189244715482,20426.867519730524,-1,1,1,1,49.14389560596052,0,22526.599609375,21860.650390625,-2.09041932111681,0.8922370773041921,1
2024-03-19,21817.44921875,21817.44921875,21978.30078125,21793.099609375,21946.44921875,344200,,,22526.599609375,21860.650390625,,Bullish,Bearish_BOS,22106.381102309235,21841.219047618797,20440.704153551615,-1,1,1,1,42.756412528143564,-1,22526.599609375,21793.099609375,-3.148057864578324,0.11173082219348984,0
2024-03-20,21839.099609375,21839.099609375,21930.900390625,21710.19921875,21843.900390625,312400,,21710.19921875,22526.599609375,21860.650390625,LL,Bearish,Bearish_BOS,22080.925722029784,21841.135932393554,20454.618536196627,-1,1,1,1,43.47538997598659,-1,22526.599609375,21710.19921875,-3.051947528351684,0.5937319567002275,0
2024-03-21,22011.94921875,22011.94921875,22080.94921875,21941.30078125,21989.900390625,353200,,,22526.599609375,21710.19921875,,Bearish,,22074.356531241232,21847.834492642825,20470.114363883727,-1,1,1,1,48.98445965121393,0,22526.599609375,21710.19921875,-2.2846341638301015,1.389899728508226,1
2024-03-22,22096.75,22096.75,22180.69921875,21883.30078125,21932.19921875,388700,,,22526.599609375,21710.19921875,,Bearish,,22076.48924255159,21857.59588508821,20486.299793098813,1,1,1,3,51.48280520721193,0,22526.599609375,21710.19921875,-1.9081868405744995,1.7805031513306258,1
2024-03-26,22004.69921875,22004.69921875,22073.19921875,21947.55078125,21947.900390625,328400,,,22526.599609375,21710.19921875,,Bearish,,22069.652097427628,21863.364643271027,20501.408245095343,-1,1,1,1,48.69509550276993,0,22526.599609375,21710.19921875,-2.316818337765447,1.3565052859839888,1
2024-03-27,22123.650390625,22123.650390625,22193.599609375,22052.849609375,22053.94921875,409100,,,22526.599609375,21710.19921875,,Bearish,,22074.794792017856,21873.571927480985,20517.549957986186,1,1,1,3,52.29025659048708,0,22526.599609375,21710.19921875,-1.788770723222255,1.904409847690025,1
2024-03-28,22326.900390625,22326.900390625,22516.0,22163.599609375,22163.599609375,410500,,,22526.599609375,21710.19921875,,Bearish,,22098.80484902806,21891.349514270947,20535.553444878118,1,1,1,3,57.73954898182682,1,22526.599609375,21710.19921875,-0.8865040539313807,2.8406057708691534,1
2024-04-01,22462.0,22462.0,22529.94921875,22427.75,22455.0,0,,,22526.599609375,21710.19921875,,Bearish,,22133.39486340634,21913.727964691694,20554.722067317143,1,1,1,3,60.93361901342306,1,22529.94921875,21710.19921875,-0.30159508168554616,3.462892135051021,1
2024-04-02,22453.30078125,22453.30078125,22497.599609375,22388.150390625,22458.80078125,289500,,,22526.599609375,21710.19921875,,Bearish,,22163.862093677166,21934.8876829881,20573.613397804038,1,1,1,3,60.6159258340227,1,22529.94921875,21710.19921875,-0.3402068808757486,3.422822402560999,1
2024-04-03,22434.650390625,22434.650390625,22521.099609375,22346.5,22385.69921875,309600,,,22526.599609375,21710.19921875,,Bearish,,22189.651455291245,21954.48622054249,20592.13117882713,1,1,1,3,59.89492903455381,1,22529.94921875,21710.19921875,-0.4229873187893807,3.336916278729163,1
2024-04-04,22514.650390625,22514.650390625,22619.0,22303.80078125,22592.099609375,401000,,,22526.599609375,21710.19921875,,Bearish,,22220.60373484684,21976.45344289867,20611.26072322313,1,1,1,3,61.983756333266186,1,22619.0,21710.19921875,-0.4613360863654492,3.705406678996459,1
2024-04-05,22513.69921875,22513.69921875,22537.599609375,22427.599609375,22486.400390625,242200,,,22526.599609375,21710.19921875,,Bearish,,22248.517590456664,21997.52190469676,20630.19045949703,1,1,1,3,61.9424472742824,1,22619.0,21710.19921875,-0.465541276139525,3.7010254576846924,1
2024-04-08,22666.30078125,22666.30078125,22697.30078125,22550.349609375,22578.349609375,227600,,,22526.599609375,21710.19921875,,Bearish,Bullish_BOS,22288.306465770314,22023.748527306692,20650.450263693576,1,1,1,3,65.87216058795826,1,22697.30078125,21710.19921875,-0.1365801171635761,4.403928093272702,1
2024-04-09,22642.75,22642.75,22768.400390625,22612.25,22765.099609375,232400,,,22526.599609375,21710.19921875,,Bearish,Bullish_BOS,22322.06299283981,22048.023094863292,20670.274141666774,1,1,1,3,64.76077925521358,1,22768.400390625,21710.19921875,-0.5518630578753236,4.295450133154932,1
2024-04-10,22753.80078125,22753.80078125,22775.69921875,22673.69921875,22720.25,276800,22775.69921875,,22526.599609375,21710.19921875,HH,Bullish,Bullish_BOS,22363.1808774503,22075.700651192183,20691.005750020835,1,1,1,3,67.54169605220517,1,22775.69921875,21710.19921875,-0.09614825560205764,4.806964468565056,1
2024-04-12,22519.400390625,22519.400390625,22726.44921875,22503.75,22677.400390625,357200,,,22775.69921875,21710.19921875,,Bullish,,22378.05892632408,22093.100640973866,20709.198731519384,1,1,1,3,57.268633834740704,1,22775.69921875,21710.19921875,-1.1253170568480408,3.7272857965123363,1
2024-04-15,22272.5,22272.5,22427.44921875,22259.55078125,22339.05078125,355500,,,22775.69921875,21710.19921875,,Bullish,,22368.005695245596,22100.135909955286,20724.75396802168,-1,1,1,1,48.84174512244169,0,22775.69921875,21710.19921875,-2.209368915162624,2.590030499417839,1
2024-04-16,22147.900390625,22147.900390625,22213.75,22079.44921875,22125.30078125,317300,,,22775.69921875,21710.19921875,,Bullish,,22347.043285281732,22102.009026844295,20738.91462894311,-1,1,1,1,45.225071761201704,0,22775.69921875,21710.19921875,-2.7564415129269326,2.016108500271052,1
2024-04-18,21995.849609375,21995.849609375,22326.5,21961.69921875,22212.349609375,456900,,,22775.69921875,21710.19921875,,Bullish,,22313.596268528712,22097.845912433735,20751.421444668802,-1,1,1,1,41.21434416427064,-1,22775.69921875,21710.19921875,-3.4240424493004906,1.3157428347239541,0
2024-04-19,22147.0,22147.0,22179.55078125,21777.650390625,21861.5,362500,,21777.650390625,22775.69921875,21710.19921875,HL,Bullish,,22297.729957240263,22099.773523710846,20765.307798453192,-1,1,1,1,46.31152746070829,0,22775.69921875,21710.19921875,-2.7603948081314056,2.011961183998512,1
2024-04-22,22336.400390625,22336.400390625,22375.650390625,22198.150390625,22336.900390625,279300,,,22775.69921875,21777.650390625,,Bullish,,22301.412855657858,22109.05300868787,20780.940560564355,1,1,1,3,51.93545827377399,0,22775.69921875,21710.19921875,-1.9288050123323908,2.8843640059008857,1
2024-04-23,22368.0,22368.0,22447.55078125,22349.44921875,22447.05078125,231500,,,22775.69921875,21777.650390625,,Bullish,,22307.75448845235,22119.207792660894,20796.732196777648,1,1,1,3,52.82337315231891,0,22775.69921875,21777.650390625,-1.7900623591584952,2.710804879249684,1
2024-04-24,22402.400390625,22402.400390625,22476.44921875,22384.0,22421.55078125,235900,,,22775.69921875,21777.650390625,,Bullish,,22316.768383897364,22130.313384737918,20812.70899472638,1,1,1,3,53.82345220886676,0,22775.69921875,21777.650390625,-1.6390224710101653,2.8687667805933126,1
2024-04-25,22570.349609375,22570.349609375,22625.94921875,22305.25,22316.900390625,475000,,,22775.69921875,21777.650390625,,Bullish,,22340.9189768,22147.569707272705,20830.19795606617,1,1,1,3,58.45403444127809,1,22775.69921875,21777.650390625,-0.9016171464274803,3.6399666838771827,1
2024-04-26,22419.94921875,22419.94921875,22620.400390625,22385.55078125,22620.400390625,329900,,,22775.69921875,21777.650390625,,Bullish,,22348.445666509524,22158.251256742402,20846.01637659039,1,1,1,3,53.299462248591304,0,22775.69921875,21777.650390625,-1.5619718041724462,2.9493486055846674,1
2024-04-29,22643.400390625,22643.400390625,22655.80078125,22441.900390625,22475.55078125,292000,,,22775.69921875,21777.650390625,,Bullish,,22376.53659261576,22177.276712973093,20863.900794640485,1,1,1,3,59.07375025231201,1,22775.69921875,21777.650390625,-0.5808771307274974,3.975405906840601,1
2024-04-30,22604.849609375,22604.849609375,22783.349609375,22568.400390625,22679.650390625,361900,,,22775.69921875,21777.650390625,,Bullish,,22398.280689449974,22194.044277537876,20881.22366841894,1,1,1,3,57.74714322152285,1,22783.349609375,21777.650390625,-0.7834668872681916,3.798385977883534,1
2024-05-02,22648.19921875,22648.19921875,22710.5,22567.849609375,22567.849609375,445900,,,22775.69921875,21777.650390625,,Bullish,,22422.082454145217,22211.85427523247,20898.805514690892,1,1,1,3,58.86577652130274,1,22783.349609375,21777.650390625,-0.5931980720226826,3.9974414710034933,1
2024-05-03,22475.849609375,22475.849609375,22794.69921875,22348.05078125,22766.349609375,438100,22794.69921875,,22775.69921875,21777.650390625,HH,Bullish,,22427.203135595675,22222.207033434137,20914.497495732525,1,1,1,3,52.872413306118816,0,22794.69921875,21777.650390625,-1.398788403896667,3.2060355742075997,1
2024-05-06,22442.69921875,22442.69921875,22588.80078125,22409.44921875,22561.599609375,320300,,,22794.69921875,21777.650390625,,Bullish,,22428.678953038943,22230.853785799463,20929.70348302623,1,1,1,3,51.78037975396022,0,22794.69921875,21777.650390625,-1.544218665146757,3.0538135023569613,1
2024-05-07,22302.5,22302.5,22499.05078125,22232.05078125,22489.75,297800,,,22794.69921875,21777.650390625,,Bullish,,22416.661909892377,22233.663441258308,20943.363149861794,-1,1,1,1,47.32823961520972,0,22794.69921875,21777.650390625,-2.1592705129670486,2.410037813817323,1
2024-05-08,22302.5,22302.5,22368.650390625,22185.19921875,22231.19921875,277400,,,22794.69921875,21777.650390625,,Bullish,,22405.789347045484,22236.36291415014,20956.886899614416,-1,1,1,1,47.32823961520972,0,22794.69921875,21777.650390625,-2.1592705129670486,2.410037813817323,1
2024-05-09,21957.5,21957.5,22307.75,21932.400390625,22224.80078125,331300,,,22794.69921875,21777.650390625,,Bullish,,22363.095123517345,22225.427113595233,20966.843248871985,-1,1,1,1,38.00292508925258,-1,22794.69921875,21777.650390625,-3.6727802842046464,0.8258448737537893,0
2024-05-10,22055.19921875,22055.19921875,22131.30078125,21950.30078125,21990.94921875,265800,,,22794.69921875,21777.650390625,,Bullish,,22333.771704015693,22218.751509875812,20977.672661507586,-1,1,1,1,41.51714078284537,-1,22794.69921875,21777.650390625,-3.244175292261442,1.2744663595319672,0
2024-05-13,22104.05078125,22104.05078125,22131.650390625,21821.05078125,22027.94921875,278200,,21821.05078125,22794.69921875,21777.650390625,HL,Bullish,,22311.89352089515,22214.253442086563,20988.880403992585,-1,1,1,1,43.249349074322886,-1,22794.69921875,21777.650390625,-3.0298642279600663,1.4987860709046563,0
2024-05-14,22217.849609375,22217.849609375,22270.05078125,22081.25,22112.900390625,230200,,,22794.69921875,21821.05078125,,Bullish,,22302.93695789323,22214.394468254737,21001.108953299874,-1,1,1,1,47.174523439659,0,22794.69921875,21777.650390625,-2.5306304936917434,2.0213347668557535,1
2024-05-15,22200.55078125,22200.55078125,22297.55078125,22151.75,22255.599609375,231900,,,22794.69921875,21821.05078125,,Bullish,,22293.185893451016,22213.85157856828,21013.043697856592,-1,1,1,1,46.64635866727365,0,22794.69921875,21777.650390625,-2.606520190497963,1.9419009077630056,1
2024-05-16,22403.849609375,22403.849609375,22432.25,22054.55078125,22319.19921875,368900,,,22794.69921875,21821.05078125,,Bullish,,22303.725294967586,22221.30248173717,21026.88256264782,1,1,1,3,53.268180282182456,0,22794.69921875,21777.650390625,-1.714651312676685,2.875421395411748,1
2024-05-17,22466.099609375,22466.099609375,22502.150390625,22345.650390625,22415.25,242700,,,22794.69921875,21821.05078125,,Bullish,,22319.18951538734,22230.902369095515,21041.203130276946,1,1,1,3,55.105544623330054,1,22794.69921875,21777.650390625,-1.441561506127298,3.161264904162331,1
2024-05-21,22529.05078125,22529.05078125,22591.099609375,22404.55078125,22404.55078125,347600,,,22794.69921875,21821.05078125,,Bullish,,22339.17630261236,22242.59446368981,21056.007584515486,1,1,1,3,56.948928167090585,1,22794.69921875,21821.05078125,-1.1653956691891287,3.244573357614655,1
2024-05-22,22597.80078125,22597.80078125,22629.5,22483.150390625,22576.599609375,290300,,,22794.69921875,21821.05078125,,Bullish,,22363.807205339755,22256.524123201976,21071.34881035364,1,1,1,3,58.932181528738425,1,22794.69921875,21821.05078125,-0.863790461152647,3.559636095377372,1
2024-05-23,22967.650390625,22967.650390625,22993.599609375,22577.44921875,22614.099609375,369800,,,22794.69921875,21821.05078125,,Bullish,Bullish_BOS,22421.316080128825,22284.411427806805,21090.217482794153,1,1,1,3,67.58373898718483,1,22993.599609375,21821.05078125,-0.11285409501268218,5.254557266143345,1
2024-05-24,22957.099609375,22957.099609375,23026.400390625,22908.0,22930.75,261900,,,22794.69921875,21821.05078125,,Bullish,Bullish_BOS,22472.343082914176,22310.791356495756,21108.793424352174,1,1,1,3,67.14915138848768,1,23026.400390625,21821.05078125,-0.3009622870894568,5.20620587667191,1
2024-05-27,22932.44921875,22932.44921875,23110.80078125,22871.19921875,23038.94921875,260000,,,22794.69921875,21821.05078125,,Bullish,Bullish_BOS,22516.16271489854,22335.170096192,21126.939253152155,1,1,1,3,66.08002467507272,1,23110.80078125,21821.05078125,-0.7717238540894567,5.093239774021252,1
2024-05-28,22888.150390625,22888.150390625,22998.55078125,22858.5,22977.150390625,217900,,,22794.69921875,21821.05078125,,Bullish,Bullish_BOS,22551.590112586775,22356.85559793447,21144.463742082236,1,1,1,3,64.1047302202709,1,23110.80078125,21821.05078125,-0.9634040496149243,4.890230173021348,1
2024-05-29,22704.69921875,22704.69921875,22825.5,22685.44921875,22762.75,269900,,,22794.69921875,21821.05078125,,Bullish,,22566.17193222137,22370.496524240963,21159.988473193356,1,1,1,3,56.56398017225062,1,23110.80078125,21821.05078125,-1.7571938174876012,4.049522850014564,1
2024-05-30,22488.650390625,22488.650390625,22705.75,22417.0,22617.44921875,373400,,,22794.69921875,21821.05078125,,Bullish,,22558.78892825981,22375.1300091972,21173.208989784718,-1,1,1,1,49.22072554075455,0,23110.80078125,21821.05078125,-2.6920330304164852,3.059429245949241,1
2024-05-31,22530.69921875,22530.69921875,22653.75,22465.099609375,22568.099609375,572100,,,22794.69921875,21821.05078125,,Bullish,,22556.113717830307,22381.230762512998,21186.71635524706,-1,1,1,1,50.565849677089325,0,23110.80078125,21821.05078125,-2.510088542542588,3.252127702804186,1
2024-06-03,23263.900390625,23263.900390625,23338.69921875,23062.30078125,23337.900390625,569400,,,22794.69921875,21821.05078125,,Bullish,Bullish_BOS,22623.521972382183,22415.845257733075,21207.384853111518,1,1,1,3,66.98728347795905,1,23338.69921875,21821.05078125,-0.3204927036589367,6.612191245229981,1
2024-06-04,21884.5,21884.5,23179.5,21281.44921875,23179.5,1006100,,21281.44921875,22794.69921875,21821.05078125,LL,Bearish,,22553.138927393404,22395.008188802367,21214.122317259666,-1,1,1,1,40.03944533485666,-1,23338.69921875,21281.44921875,-6.230849479313383,2.83369226903345,0
2024-06-05,22620.349609375,22620.349609375,22670.400390625,21791.94921875,22128.349609375,638500,,,22794.69921875,21281.44921875,,Bearish,,22559.539944724987,22403.845107256195,21228.114628624,1,1,1,3,51.295454988576076,0,23338.69921875,21281.44921875,-3.0779333614183946,6.29139668479608,0
2024-06-06,22821.400390625,22821.400390625,22910.150390625,22642.599609375,22798.599609375,480400,,,22794.69921875,21281.44921875,,Bearish,Bullish_BOS,22584.479034810705,22420.21982425105,21243.968218295653,1,1,1,3,53.84486799650947,0,23338.69921875,21281.44921875,-2.2164852602813867,7.236119852769374,1
2024-06-07,23290.150390625,23290.150390625,23320.19921875,22789.05078125,22821.849609375,473600,,,22794.69921875,21281.44921875,,Bearish,Bullish_BOS,22651.685830602542,22454.334748422578,21264.328239910872,1,1,1,3,59.206334928593975,1,23338.69921875,21281.44921875,-0.20801856894404613,9.438742405311551,1
2024-06-10,23259.19921875,23259.19921875,23411.900390625,23227.150390625,23319.150390625,304400,,,22794.69921875,21281.44921875,,Bearish,Bullish_BOS,22709.544248521346,22485.89806098444,21284.177702386885,1,1,1,3,58.72129248851891,1,23411.900390625,21281.44921875,-0.6522374063070435,9.293305073685975,1
2024-06-11,23264.849609375,23264.849609375,23389.44921875,23206.650390625,23283.75,305200,,,22794.69921875,21281.44921875,,Bearish,Bullish_BOS,22762.43047336455,22516.44518052917,21303.885880565875,1,1,1,3,58.787670583472746,1,23411.900390625,21281.44921875,-0.6281027118536842,9.319855853038096,1
2024-06-12,23322.94921875,23322.94921875,23441.94921875,23295.94921875,23344.44921875,295600,,,22794.69921875,21281.44921875,,Bearish,Bullish_BOS,22815.813211020308,22548.072789871163,21323.97606303537,1,1,1,3,59.508678556076994,1,23441.94921875,21281.44921875,-0.507636966915781,9.592861740831715,1
2024-06-13,23398.900390625,23398.900390625,23481.05078125,23353.900390625,23480.94921875,268300,,,22794.69921875,21281.44921875,,Bearish,Bullish_BOS,22871.34532336361,22581.43857813602,21344.622076245218,1,1,1,3,60.48199457472679,1,23481.05078125,21281.44921875,-0.3498582384166449,9.949750837501337,1
2024-06-14,23465.599609375,23465.599609375,23490.400390625,23334.25,23464.94921875,223100,,,22794.69921875,21281.44921875,,Bearish,Bullish_BOS,22927.94096965041,22616.111559753237,21365.726330306214,1,1,1,3,61.36040095805479,1,23490.400390625,21281.44921875,-0.10557836749304217,10.263165671540154,1
2024-06-18,23557.900390625,23557.900390625,23579.05078125,23499.69921875,23570.80078125,272200,,,22794.69921875,21281.44921875,,Bearish,Bullish_BOS,22987.937104981324,22653.04445508154,21387.53900752332,1,1,1,3,62.5993375348306,1,23579.05078125,21281.44921875,-0.08969992397581672,10.69688040732364,1
2024-06-19,23516.0,23516.0,23664.0,23412.900390625,23629.849609375,328800,,,22794.69921875,21281.44921875,,Bearish,Bullish_BOS,23038.228809268818,22686.885848999915,21408.71772386637,1,1,1,3,61.633222770605016,1,23664.0,21281.44921875,-0.6254225828262294,10.499993483908288,1
2024-06-20,23567.0,23567.0,23624.0,23442.599609375,23586.150390625,280300,,,22794.69921875,21281.44921875,,Bearish,Bullish_BOS,23088.587970290835,22721.40012943129,21430.19316940004,1,1,1,3,62.393992111763296,1,23664.0,21281.44921875,-0.4099053414469256,10.739638817624876,1
2024-06-21,23501.099609375,23501.099609375,23667.099609375,23398.19921875,23661.150390625,609900,,,22794.69921875,21281.44921875,,Bearish,Bullish_BOS,23127.874793060753,22751.976579625163,21450.79920362865,1,1,1,3,60.71857949810122,1,23667.099609375,21281.44921875,-0.7013956198259508,10.429977619519338,1
2024-06-24,23537.849609375,23537.849609375,23558.099609375,23350.0,23382.30078125,239400,,,22794.69921875,21281.44921875,,Bearish,Bullish_BOS,23166.92001366211,22782.79512981143,21471.565874332595,1,1,1,3,61.34198777505205,1,23667.099609375,21281.44921875,-0.5461167702560443,10.602663227638654,1
2024-06-25,23721.30078125,23721.30078125,23754.150390625,23562.05078125,23577.099609375,298100,,,22794.69921875,21281.44921875,,Bearish,Bullish_BOS,23219.718182003817,22819.5992730051,21493.951296291973,1,1,1,3,64.38088707652278,1,23754.150390625,21281.44921875,-0.1382899781082636,11.46468709635795,1
2024-06-26,23868.80078125,23868.80078125,23889.900390625,23670.44921875,23723.099609375,287800,,,22794.69921875,21281.44921875,,Bearish,Bullish_BOS,23281.535572408215,22860.744430191175,21517.581639425884,1,1,1,3,66.65084515052425,1,23889.900390625,21281.44921875,-0.08832020657264517,12.15777899289121,1
2024-06-27,24044.5,24044.5,24087.44921875,23805.400390625,23881.55078125,515200,,,22794.69921875,21281.44921875,,Bearish,Bullish_BOS,23354.19885122648,22907.166217242502,21542.725105700254,1,1,1,3,69.17115793722184,1,24087.44921875,21281.44921875,-0.1783053836874049,12.983376991147843,1
2024-06-28,24010.599609375,24010.599609375,24174.0,23985.80078125,24085.900390625,354800,,,22794.69921875,21281.44921875,,Bearish,Bullish_BOS,23416.713209145386,22950.43811497319,21567.281070910947,1,1,1,3,68.10174021803549,1,24174.0,21281.44921875,-0.6759344362745057,12.82408149262919,1
2024-07-01,24141.94921875,24141.94921875,24164.0,23992.69921875,23992.94921875,0,,,22794.69921875,21281.44921875,,Bearish,Bullish_BOS,23485.783305298206,22997.164040611497,21592.899659446663,1,1,1,3,70.03481250892587,1,24174.0,21281.44921875,-0.13258369012162374,13.441283864633435,1
2024-07-02,24123.849609375,24123.849609375,24236.349609375,24056.400390625,24228.75,0,,,22794.69921875,21281.44921875,,Bearish,Bullish_BOS,23546.551524734088,23041.347788406143,21618.083241037988,1,1,1,3,69.41060066114032,1,24236.349609375,21281.44921875,-0.46417881328334465,13.3562351013234,1
2024-07-03,24286.5,24286.5,24309.150390625,24207.099609375,24291.75,0,,,22794.69921875,21281.44921875,,Bearish,Bullish_BOS,23617.022808092748,23090.17728690002,21644.634651574925,1,1,1,3,71.83960026721084,1,24309.150390625,21791.94921875,-0.09317639761583507,11.447120935394173,1
2024-07-04,24302.150390625,24302.150390625,24401.0,24281.0,24369.94921875,251200,,,22794.69921875,21281.44921875,,Bearish,Bullish_BOS,23682.2730540482,23137.705643908845,21671.07759425204,1,1,1,3,72.06942204099292,1,24401.0,22642.599609375,-0.4051047472439673,7.329329714256283,1
2024-07-05,24323.849609375,24323.849609375,24363.0,24168.849609375,24213.349609375,298400,,,22794.69921875,21281.44921875,,Bearish,Bullish_BOS,23743.375583126945,23184.22109353497,21697.47333569605,1,1,1,3,72.4056823562378,1,24401.0,22789.05078125,-0.3161771674316638,6.734808056980479,1
2024-07-08,24320.55078125,24320.55078125,24344.599609375,24240.55078125,24329.44921875,266300,,,22794.69921875,21281.44921875,,Bearish,Bullish_BOS,23798.344649614854,23228.783042072813,21723.573608786137,1,1,1,3,72.2632484294293,1,24401.0,23206.650390625,-0.32969640076226936,4.799918867545805,1
2024-07-09,24433.19921875,24433.19921875,24443.599609375,24331.900390625,24351.0,250500,,,22794.69921875,21281.44921875,,Bearish,Bullish_BOS,23858.806989532488,23276.01504900133,21750.5350576415,1,1,1,3,74.13441829147227,1,24443.599609375,23206.650390625,-0.04254852309482082,5.285333331089004,1
2024-07-10,24324.44921875,24324.44921875,24461.05078125,24141.80078125,24459.849609375,292300,,24141.80078125,22794.69921875,21281.44921875,HL,Bullish,Bullish_BOS,23903.153868505582,23317.130114481668,21776.146143821687,1,1,1,3,69.27564148170597,1,24461.05078125,23295.94921875,-0.5584451940417345,4.414930640268566,1
2024-07-11,24315.94921875,24315.94921875,24402.650390625,24193.75,24396.55078125,306400,,,22794.69921875,24141.80078125,,Bullish,Bullish_BOS,23942.467711386,23356.299491119644,21801.417816209032,1,1,1,3,68.89556353943235,1,24461.05078125,23334.25,-0.5931943144945495,4.207117086471612,1
2024-07-12,24502.150390625,24502.150390625,24592.19921875,24331.150390625,24387.94921875,325800,,,22794.69921875,24141.80078125,,Bullish,Bullish_BOS,23995.770823694478,23401.23482051201,21828.290777148497,1,1,1,3,72.46009691439224,1,24592.19921875,23334.25,-0.36616826060982266,5.005090759827291,1
2024-07-15,24586.69921875,24586.69921875,24635.05078125,24522.75,24587.599609375,305400,,,22794.69921875,24141.80078125,,Bullish,Bullish_BOS,24052.04971846167,23447.72362044291,21855.737627313687,1,1,1,3,73.92150892767994,1,24635.05078125,23350.0,-0.19627141396761916,5.296356397216284,1
2024-07-16,24613.0,24613.0,24661.25,24587.650390625,24615.900390625,283200,,,22794.69921875,24141.80078125,,Bullish,Bullish_BOS,24105.473554798653,23493.42073336672,21883.17307380808,1,1,1,3,74.37700629930045,1,24661.25,23350.0,-0.19565107202594856,5.40899357601714,1
2024-07-18,24800.849609375,24800.849609375,24837.75,24504.44921875,24543.80078125,350900,,,22794.69921875,24141.80078125,,Bullish,Bullish_BOS,24171.699845710686,23544.692453994496,21912.204681127158,1,1,1,3,77.41169033248136,1,24837.75,23350.0,-0.1485657542450558,6.213488691113489,1
2024-07-19,24530.900390625,24530.900390625,24854.80078125,24508.150390625,24853.80078125,343800,,,22794.69921875,24141.80078125,,Bullish,Bullish_BOS,24205.90942141681,23583.36727503883,21938.261354853505,1,1,1,3,65.42069519875946,1,24854.80078125,23350.0,-1.3031703350820822,5.057389253211997,1
2024-07-22,24509.25,24509.25,24595.19921875,24362.30078125,24445.75,324200,,,22794.69921875,24141.80078125,,Bullish,Bullish_BOS,24234.799000329494,23619.67640150789,21963.843331422126,1,1,1,3,64.55700028282124,1,24854.80078125,23350.0,-1.3902778151039463,4.964668094218405,1
2024-07-23,24479.05078125,24479.05078125,24582.55078125,24074.19921875,24568.900390625,436400,,24074.19921875,22794.69921875,24141.80078125,LL,Bearish,Bullish_BOS,24258.061074702877,23653.37735757621,21988.87027122141,1,1,1,3,63.301621744900075,1,24854.80078125,23562.05078125,-1.5117803731642065,3.8918513864239834,1
2024-07-24,24413.5,24413.5,24504.25,24307.25,24444.94921875,366600,,,22794.69921875,24074.19921875,,Bearish,Bullish_BOS,24272.864781874032,23683.18608865165,22012.995940164485,1,1,1,3,60.54925071421652,1,24854.80078125,23670.44921875,-1.7755152621577563,3.1391494702238676,1
2024-07-25,24406.099609375,24406.099609375,24426.150390625,24210.80078125,24230.94921875,391800,,,22794.69921875,24074.19921875,,Bearish,Bullish_BOS,24285.553813064602,23711.53563848394,22036.80791697255,1,1,1,3,60.23085105299231,1,24854.80078125,23805.400390625,-1.8052897539757917,2.523373725680189,1
2024-07-26,24834.849609375,24834.849609375,24861.150390625,24410.900390625,24423.349609375,383800,,,22794.69921875,24074.19921875,,Bearish,Bullish_BOS,24337.867698427497,23755.587166754176,22064.64912784223,1,1,1,3,70.05546628315034,1,24861.150390625,23985.80078125,-0.10579068481045839,3.539797715608106,1
2024-07-29,24836.099609375,24836.099609375,24999.75,24774.599609375,24943.30078125,355000,,,22794.69921875,24074.19921875,,Bearish,Bullish_BOS,24385.318356612974,23797.960203719696,22092.225749549023,1,1,1,3,70.0786744397539,1,24999.75,23992.69921875,-0.6546081085810895,3.51523762681063,1
2024-07-30,24857.30078125,24857.30078125,24971.75,24798.650390625,24839.400390625,385000,,,22794.69921875,24074.19921875,,Bearish,Bullish_BOS,24430.26906372126,23839.502971465983,22119.738933944056,1,1,1,3,70.49634460629471,1,24999.75,24056.400390625,-0.569802573025735,3.3292611430641106,1
2024-07-31,24951.150390625,24951.150390625,24984.599609375,24856.5,24886.69921875,333600,,,22794.69921875,24074.19921875,,Bearish,Bullish_BOS,24479.876809140667,23883.096987903595,22147.91218226924,1,1,1,3,72.33714584882676,1,24999.75,24074.19921875,-0.194400381503812,3.6427013164865407,1
2024-08-01,25010.900390625,25010.900390625,25078.30078125,24956.400390625,25030.94921875,431300,25078.30078125,,22794.69921875,24074.19921875,HH,Bullish,Bullish_BOS,24530.450483567744,23927.324572324043,22176.399627128503,1,1,1,3,73.47196405084908,1,25078.30078125,24074.19921875,-0.2687597984126322,3.890892334003193,1
2024-08-02,24717.69921875,24717.69921875,24851.900390625,24686.849609375,24789.0,345000,,,25078.30078125,24074.19921875,,Bullish,,24548.283696442246,23958.31965649761,22201.686190229215,1,1,1,3,60.381731938054735,1,25078.30078125,24074.19921875,-1.4379026938284745,2.6729861049700654,1
2024-08-05,24055.599609375,24055.599609375,24350.05078125,23893.69921875,24302.849609375,487000,,23893.69921875,25078.30078125,24074.19921875,LL,Bearish,Bearish_BOS,24501.36140243584,23962.13455661045,22220.13308992221,-1,1,1,1,42.128375810519046,-1,25078.30078125,23893.69921875,-4.078032163325962,0.6775861248724313,0
2024-08-06,23992.55078125,23992.55078125,24382.599609375,23960.400390625,24189.849609375,312300,,,25078.30078125,23893.69921875,,Bearish,,24452.903248037186,23963.32734973357,22237.769086850843,-1,1,1,1,40.8616250712441,-1,25078.30078125,23893.69921875,-4.329440058441958,0.41371393184035377,0
2024-08-07,24297.5,24297.5,24337.69921875,24184.900390625,24289.400390625,317600,,,25078.30078125,23893.69921875,,Bearish,,24438.10293870031,23976.432159547938,22258.26392180755,-1,1,1,1,48.869729540209306,0,25078.30078125,23893.69921875,-3.1134516969896664,1.6899885511789003,0
2024-08-08,24117.0,24117.0,24340.5,24079.69921875,24248.55078125,311900,,,25078.30078125,23893.69921875,,Bearish,,24407.521706443138,23981.944623879393,22276.758808157723,-1,1,1,1,44.9866329163498,-1,25078.30078125,23893.69921875,-3.8331974308591255,0.9345592710682915,0
2024-08-09,24367.5,24367.5,24419.75,24311.19921875,24386.849609375,215100,,,25078.30078125,23893.69921875,,Bearish,,24403.710115353315,23997.064442550793,22297.562203101428,-1,1,1,1,50.82627917779868,0,25078.30078125,23893.69921875,-2.8343259276220056,1.982952814933725,1
2024-08-12,24347.0,24347.0,24472.80078125,24212.099609375,24320.05078125,279900,,,25078.30078125,23893.69921875,,Bearish,,24398.309151986334,24010.787405588017,22317.954618990967,-1,1,1,1,50.35520048921879,0,25078.30078125,23893.69921875,-2.916069902936813,1.897156137691236,1
2024-08-13,24139.0,24139.0,24359.94921875,24116.5,24342.349609375,239700,,,25078.30078125,23893.69921875,,Bearish,,24373.61304227335,24015.815350466917,22336.07447352837,-1,1,1,1,45.72448479764929,0,25078.30078125,23893.69921875,-3.7454721890578635,1.026633753962658,0
2024-08-14,24143.75,24143.75,24196.5,24099.69921875,24184.400390625,303300,,,25078.30078125,23893.69921875,,Bearish,,24351.721323961607,24020.832395546648,22354.06129468729,-1,1,1,1,45.84695814925859,0,25078.30078125,23893.69921875,-3.7265315118507725,1.0465134718603109,0
2024-08-16,24541.150390625,24541.150390625,24563.900390625,24204.5,24334.849609375,271600,,,25078.30078125,23893.69921875,,Bearish,,24369.76218745336,24041.237022804624,22375.823375243886,1,1,1,3,54.996569238506474,0,25078.30078125,23893.69921875,-2.1418930864191776,2.709715084079267,1
2024-08-19,24572.650390625,24572.650390625,24638.80078125,24522.94921875,24636.349609375,243600,,,25078.30078125,23893.69921875,,Bearish,,24389.08487346971,24062.07676271915,22397.68235052131,1,1,1,3,55.636412185354466,1,25078.30078125,23893.69921875,-2.0162864902037336,2.8415490027689394,1
2024-08-20,24698.849609375,24698.849609375,24734.30078125,24607.19921875,24648.900390625,238300,,,25078.30078125,23893.69921875,,Bearish,,24418.586276889262,24087.048246901733,22420.57953717657,1,1,1,3,58.20048193335386,1,25078.30078125,23893.69921875,-1.513065718386708,3.3697184485907306,1
2024-08-21,24770.19921875,24770.19921875,24787.94921875,24654.5,24680.55078125,257100,,,25078.30078125,23893.69921875,,Bearish,,24452.073223733143,24113.83848109186,22443.958837490736,1,1,1,3,59.621415836912824,1,25078.30078125,23893.69921875,-1.2285583668027233,3.668331102587019,1
2024-08-22,24811.5,24811.5,24867.349609375,24784.44921875,24863.400390625,220300,,,25078.30078125,23893.69921875,,Bearish,,24486.30434528237,24141.19775634316,22467.516460998293,1,1,1,3,60.459327062691656,1,25078.30078125,23893.69921875,-1.0638710476328472,3.841183287892802,1
2024-08-23,24823.150390625,24823.150390625,24858.400390625,24771.650390625,24845.400390625,206800,,,25078.30078125,23893.69921875,,Bearish,,24518.384921029286,24167.940996903235,22490.95560457667,1,1,1,3,60.70702859760844,1,25078.30078125,23893.69921875,-1.0174149869666027,3.889942546634373,1
2024-08-26,25010.599609375,25010.599609375,25043.80078125,24874.69921875,24906.099609375,210300,,,25078.30078125,23893.69921875,,Bearish,,24565.262510395543,24200.98643268644,22516.02668920153,1,1,1,3,64.55448544764045,1,25078.30078125,23893.69921875,-0.26995916695288225,4.674455723241633,1
2024-08-27,25017.75,25017.75,25073.099609375,24973.650390625,25024.80078125,223300,,,25078.30078125,23893.69921875,,Bearish,,24608.35655702454,24233.01637650266,22540.91945846321,1,1,1,3,64.69649173312496,1,25078.30078125,23893.69921875,-0.24144690574599004,4.704381565027527,1
2024-08-28,25052.349609375,25052.349609375,25129.599609375,24964.650390625,25030.80078125,220400,,,25078.30078125,23893.69921875,,Bearish,,24650.641609629347,24265.14709151726,22565.908813198654,1,1,1,3,65.41845774278644,1,25129.599609375,23893.69921875,-0.30740640997392044,4.849187980552538,1
2024-08-29,25151.94921875,25151.94921875,25192.900390625,24998.5,25035.30078125,354000,,,25078.30078125,23893.69921875,,Bearish,Bullish_BOS,24698.38519145036,24299.92364552639,22591.640558527524,1,1,1,3,67.48012635178691,1,25192.900390625,23893.69921875,-0.16255044572096589,5.266032640992724,1
2024-08-30,25235.900390625,25235.900390625,25268.349609375,25199.400390625,25249.69921875,638200,,,25078.30078125,23893.69921875,,Bearish,Bullish_BOS,24749.577115181277,24336.62861592241,22617.951601632973,1,1,1,3,69.1496347999601,1,25268.349609375,23893.69921875,-0.1284184335409111,5.617385401845776,1
2024-09-02,25278.69921875,25278.69921875,25333.650390625,25235.5,25333.599609375,222800,25333.650390625,,25078.30078125,23893.69921875,HH,Bullish,Bullish_BOS,24799.969696473538,24373.572561131336,22644.426702300807,1,1,1,3,69.9953386339583,1,25333.650390625,23893.69921875,-0.2169098058420138,5.79650721857734,1
2024-09-03,25279.849609375,25279.849609375,25321.69921875,25235.80078125,25313.400390625,212100,,,25333.650390625,23893.69921875,,Bullish,,24845.672545321297,24409.112837533048,22670.649815804034,1,1,1,3,70.01912895900108,1,25333.650390625,23960.400390625,-0.21236884704901593,5.506791193966287,1
2024-09-04,25198.69921875,25198.69921875,25216.0,25083.80078125,25089.94921875,253800,,,25333.650390625,23893.69921875,,Bullish,,24879.294133266885,24440.077009345478,22695.804536231357,1,1,1,3,66.04120394411297,1,25333.650390625,24079.69921875,-0.5326953273379842,4.647068012912192,1
2024-09-05,25145.099609375,25145.099609375,25275.44921875,25127.75,25250.5,222200,,,25333.650390625,23893.69921875,,Bullish,,24904.608940515274,24467.724954444675,22720.17563148652,1,1,1,3,63.476095180304995,1,25333.650390625,24079.69921875,-0.7442700848187878,4.42447549259839,1
2024-09-06,24852.150390625,24852.150390625,25168.75,24801.30078125,25093.69921875,311700,,,25333.650390625,23893.69921875,,Bullish,,24899.612888144773,24482.800461745865,22741.38931068193,-1,1,1,1,51.66472396988102,0,25333.650390625,24099.69921875,-1.9006341075038402,3.1222429999855805,1
2024-09-09,24936.400390625,24936.400390625,24957.5,24753.150390625,24823.400390625,254400,,24753.150390625,25333.650390625,23893.69921875,HL,Bullish,,24903.116459809557,24500.58869425093,22763.23021695002,1,1,1,3,54.29852281377261,0,25333.650390625,24099.69921875,-1.5680724801784063,3.4718324252944743,1
2024-09-10,25041.099609375,25041.099609375,25130.5,24896.80078125,24999.400390625,251300,,,25333.650390625,24753.150390625,,Bullish,,24916.257712149123,24521.785200726386,22785.89558403883,1,1,1,3,57.40478046240823,1,25333.650390625,24099.69921875,-1.1547912627635437,3.9062744396933136,1
2024-09-11,24918.44921875,24918.44921875,25113.69921875,24885.150390625,25034.0,279200,,,25333.650390625,24753.150390625,,Bullish,,24916.46642706349,24537.340652413586,22807.11502319019,1,1,1,3,52.87124561853473,0,25333.650390625,24099.69921875,-1.6389314823285428,3.397345305301558,1
2024-09-12,25388.900390625,25388.900390625,25433.349609375,24941.44921875,25059.650390625,380100,,,25333.650390625,24753.150390625,,Bullish,Bullish_BOS,24961.460137878872,24570.73515195129,22832.804429831333,1,1,1,3,64.46402227463878,1,25433.349609375,24204.5,-0.17476745860330878,4.893306577805778,1
2024-09-13,25356.5,25356.5,25430.5,25292.44921875,25430.44921875,250800,,,25333.650390625,24753.150390625,,Bullish,Bullish_BOS,24999.08298189041,24601.549459717906,22857.915828539477,1,1,1,3,63.30900789754007,1,25433.349609375,24522.94921875,-0.3021607871370291,3.399064173784927,1
2024-09-16,25383.75,25383.75,25445.69921875,25336.19921875,25406.650390625,168700,,,25333.650390625,24753.150390625,,Bullish,Bullish_BOS,25035.717935996086,24632.22399070936,22883.04850686247,1,1,1,3,63.894928996611974,1,25445.69921875,24607.19921875,-0.24345653942318135,3.155786948147643,1
2024-09-17,25418.55078125,25418.55078125,25441.650390625,25352.25,25416.900390625,216000,,,25333.650390625,24753.150390625,,Bullish,Bullish_BOS,25072.178206972647,24663.060335436447,22908.277385214587,1,1,1,3,64.67085442900222,1,25445.69921875,24654.5,-0.10669165451737683,3.0990317436979,1
2024-09-18,25377.55078125,25377.55078125,25482.19921875,25285.55078125,25402.400390625,215700,,,25333.650390625,24753.150390625,,Bullish,Bullish_BOS,25101.261309284775,24691.079568605604,22932.847269752256,1,1,1,3,62.95430326833908,1,25482.19921875,24753.150390625,-0.41067270764839625,2.522508774727461,1
2024-09-19,25415.80078125,25415.80078125,25611.94921875,25376.05078125,25487.05078125,314500,,,25333.650390625,24753.150390625,,Bullish,Bullish_BOS,25131.217449471937,24719.50000831715,22957.553274841786,1,1,1,3,63.91655437862427,1,25611.94921875,24753.150390625,-0.7658473622007778,2.6770345599159473,1
2024-09-20,25790.94921875,25790.94921875,25849.25,25426.599609375,25525.94921875,533100,,,25333.650390625,24753.150390625,,Bullish,Bullish_BOS,25194.04904654604,24761.517624412558,22985.746269308536,1,1,1,3,71.68485227383721,1,25849.25,24753.150390625,-0.22554148089403148,4.1925929093779235,1
2024-09-23,25939.05078125,25939.05078125,25956.0,25847.349609375,25872.55078125,209200,,,25333.650390625,24753.150390625,,Bullish,Bullish_BOS,25265.001592708322,24807.695395268925,23015.13238385522,1,1,1,3,74.0591904561488,1,25956.0,24753.150390625,-0.06529981025581444,4.790906902396341,1
2024-09-24,25940.400390625,25940.400390625,26011.55078125,25886.849609375,25921.44921875,384100,,,25333.650390625,24753.150390625,,Bullish,Bullish_BOS,25329.325287748008,24852.11519900838,23044.23952820119,1,1,1,3,74.08052007806047,1,26011.55078125,24753.150390625,-0.27353382819561567,4.796359175556342,1
2024-09-25,26004.150390625,26004.150390625,26032.80078125,25871.349609375,25899.44921875,278500,,,25333.650390625,24753.150390625,,Bullish,Bullish_BOS,25393.594345164864,24897.293049660017,23073.691377578543,1,1,1,3,75.12112794501051,1,26032.80078125,24753.150390625,-0.11005496821392402,5.053902150870471,1
2024-09-26,26216.05078125,26216.05078125,26250.900390625,25998.400390625,26005.400390625,370900,,,25333.650390625,24753.150390625,,Bullish,Bullish_BOS,25471.923529553922,24949.009039134136,23104.95863532652,1,1,1,3,78.24728342892666,1,26250.900390625,24753.150390625,-0.13275586306153997,5.909956379447601,1
2024-09-27,26178.94921875,26178.94921875,26277.349609375,26151.400390625,26248.25,490300,26277.349609375,,25333.650390625,24753.150390625,HH,Bullish,Bullish_BOS,25539.25930947736,24997.24198735437,23135.545606305855,1,1,1,3,76.43625847605487,1,26277.349609375,24753.150390625,-0.3744684760364603,5.760070155211472,1
2024-09-30,25810.849609375,25810.849609375,26134.69921875,25794.099609375,26061.30078125,343100,,,26277.349609375,24753.150390625,,Bullish,,25565.12505232475,25029.14816861008,23162.165546634904,1,1,1,3,61.28168539418512,1,26277.349609375,24753.150390625,-1.7752931971250496,4.272988294655988,1
2024-10-01,25796.900390625,25796.900390625,25907.599609375,25739.19921875,25788.44921875,247400,,,26277.349609375,24753.150390625,,Bullish,,25587.19889406763,25059.256098885176,23188.381813739285,1,1,1,3,60.78982214936107,1,26277.349609375,24753.150390625,-1.8283777697983283,4.216634987986456,1
2024-10-03,25250.099609375,25250.099609375,25639.44921875,25230.30078125,25452.849609375,423400,,,26277.349609375,24753.150390625,,Bullish,,25555.094200287378,25066.740158120076,23208.896418670985,-1,1,1,1,45.40529649321509,0,26277.349609375,24753.150390625,-3.9092603145695737,2.007620084343742,0
2024-10-04,25014.599609375,25014.599609375,25485.05078125,24966.80078125,25181.900390625,374900,,,26277.349609375,24753.150390625,,Bullish,,25503.618524962392,25064.69543071831,23226.86361459839,-1,1,1,1,40.63544629347809,-1,26277.349609375,24753.150390625,-4.805469420513731,1.0562260343597307,0
2024-10-07,24795.75,24795.75,25143.0,24694.349609375,25084.099609375,374300,,24694.349609375,26277.349609375,24753.150390625,LL,Bearish,,25436.202474965976,25054.148551082297,23242.474424403383,-1,1,1,1,36.769744217927204,-1,26277.349609375,24694.349609375,-5.638314485287388,0.4106218314269938,0
2024-10-08,25013.150390625,25013.150390625,25044.0,24756.80078125,24832.19921875,333200,,,26277.349609375,24694.349609375,,Bearish,,25395.911800266833,25052.54078008397,23260.093090733946,-1,1,1,1,42.610328716582735,-1,26277.349609375,24694.349609375,-4.810984507733496,1.290986749166989,0
2024-10-09,24981.94921875,24981.94921875,25234.05078125,24947.69921875,25065.80078125,290600,,,26277.349609375,24694.349609375,,Bearish,,25356.486792503325,25049.77248356107,23277.225987530124,-1,1,1,1,42.01055822574789,-1,26277.349609375,24694.349609375,-4.929722403064729,1.1646373114674535,0
2024-10-10,24998.44921875,24998.44921875,25134.05078125,24979.400390625,25067.05078125,261400,,,26277.349609375,24694.349609375,,Bearish,,25322.38797595539,25047.759806509657,23294.352586845747,-1,1,1,1,42.47171580701558,-1,26277.349609375,24694.349609375,-4.866930682266091,1.2314542159861164,0
2024-10-11,24964.25,24964.25,25028.650390625,24920.05078125,24985.30078125,210500,,,26277.349609375,24694.349609375,,Bearish,,25288.27959729297,25044.48491213673,23310.968481504,-1,1,1,1,41.730958894470035,-1,26277.349609375,24694.349609375,-4.997077821374052,1.092964159390264,0
2024-10-14,25127.94921875,25127.94921875,25159.75,25017.5,25023.44921875,206400,,,26277.349609375,24694.349609375,,Bearish,,25273.010037431734,25047.758022199996,23329.047891824855,-1,1,1,1,46.537577318166356,0,26277.349609375,24694.349609375,-4.374110812967713,1.7558656787234783,0
2024-10-15,25057.349609375,25057.349609375,25212.05078125,25008.150390625,25186.30078125,257200,,,26277.349609375,24694.349609375,,Bearish,,25252.47094904538,25048.134162873528,23346.24492384028,-1,1,1,1,44.82038958499787,-1,26277.349609375,24694.349609375,-4.642781780262717,1.4699718994104938,0
2024-10-16,24971.30078125,24971.30078125,25093.400390625,24908.44921875,25008.55078125,226800,,,26277.349609375,24694.349609375,,Bearish,,25225.69283782677,25045.121089084372,23362.414633864257,-1,1,1,1,42.74988451668984,-1,26277.349609375,24694.349609375,-4.970245658485428,1.1215163640910797,0
2024-10-17,24749.849609375,24749.849609375,25029.5,24728.900390625,25027.400390625,252800,,,26277.349609375,24694.349609375,,Bearish,,25180.37443511708,25033.54181537028,23376.21995700367,-1,1,1,1,37.89776019205523,-1,26277.349609375,24694.349609375,-5.812991122419109,0.224747769744571,0
2024-10-18,24854.05078125,24854.05078125,24886.19921875,24567.650390625,24664.94921875,290900,,,26277.349609375,24694.349609375,,Bearish,,25149.295991891642,25026.502951287133,23390.92474132453,-1,1,1,1,41.275275058454966,-1,26277.349609375,24567.650390625,-5.416447432039373,1.1657622364012798,0
2024-10-21,24781.099609375,24781.099609375,24978.30078125,24679.599609375,24956.150390625,242000,,,26277.349609375,24694.349609375,,Bearish,,25114.2296697472,25016.87929081999,23404.757327076277,-1,1,1,1,39.64945822556655,-1,26277.349609375,24567.650390625,-5.6940674087853305,0.8688222738282292,0
2024-10-22,24472.099609375,24472.099609375,24882.0,24445.80078125,24798.650390625,279500,,,26277.349609375,24694.349609375,,Bearish,Bearish_BOS,25053.07442590223,24995.515381743717,23415.37764829318,-1,1,1,1,33.6104354343133,-1,26277.349609375,24445.80078125,-6.869985089196129,0.10758014581044861,0
2024-10-23,24435.5,24435.5,24604.25,24378.099609375,24378.150390625,284600,,,26277.349609375,24694.349609375,,Bearish,Bearish_BOS,24994.25781391154,24973.553994224356,23425.528119454444,-1,1,1,1,32.96989054462341,-1,26277.349609375,24378.099609375,-7.009267056057588,0.23545884029010367,-1
2024-10-24,24399.400390625,24399.400390625,24480.650390625,24341.19921875,24412.69921875,216700,,,26277.349609375,24694.349609375,,Bearish,Bearish_BOS,24937.60472597949,24951.038166632225,23435.218390809376,-1,-1,1,-1,32.315706684603285,-1,26277.349609375,24341.19921875,-7.146646243500909,0.2391056058986818,-1
2024-10-25,24180.80078125,24180.80078125,24440.25,24073.900390625,24418.05078125,372600,,24073.900390625,26277.349609375,24694.349609375,LL,Bearish,Bearish_BOS,24865.528159814778,24920.83277897018,23442.63712106252,-1,-1,1,-1,28.6133172933186,-1,26277.349609375,24073.900390625,-7.978539918565497,0.44405098006732313,-1
2024-10-28,24339.150390625,24339.150390625,24492.599609375,24134.900390625,24251.099609375,278600,,,26277.349609375,24073.900390625,,Bearish,,24815.396943701468,24898.021704917428,23451.557651107916,-1,-1,1,-1,34.4701139536828,-1,26134.69921875,24073.900390625,-6.870363470021523,1.1018156414043023,0
2024-10-29,24466.849609375,24466.849609375,24484.5,24140.849609375,24328.849609375,332000,,,26277.349609375,24073.900390625,,Bearish,,24782.2019594799,24881.112995288317,23461.660058652862,-1,-1,1,-1,38.82870897917901,-1,25907.599609375,24073.900390625,-5.561109565236011,1.6322623769890798,0
2024-10-30,24340.849609375,24340.849609375,24498.19921875,24307.30078125,24371.44921875,285200,,,26277.349609375,24073.900390625,,Bearish,,24740.16840232705,24859.926195840737,23470.408213386418,-1,-1,1,-1,36.26558958565254,-1,25639.44921875,24073.900390625,-5.064849865906407,1.1088739855962704,0
2024-10-31,24205.349609375,24205.349609375,24372.44921875,24172.599609375,24349.849609375,287000,,,26277.349609375,24073.900390625,,Bearish,,24689.23327918876,24834.256525783258,23477.721063097746,-1,-1,1,-1,33.690034874467074,-1,25485.05078125,24073.900390625,-5.021379721230568,0.5460237710428917,0
2024-11-01,24304.349609375,24304.349609375,24368.25,24280.19921875,24302.75,38800,,,26277.349609375,24073.900390625,,Bearish,,24652.57769158745,24813.4758623947,23485.9462227622,-1,-1,1,-1,37.1993376846059,-1,25234.05078125,24073.900390625,-3.6843120430185117,0.9572575071372436,0
2024-11-04,23995.349609375,23995.349609375,24316.75,23816.150390625,24315.75,285500,,23816.150390625,26277.349609375,24073.900390625,LL,Bearish,Bearish_BOS,24589.98454090055,24781.392479923335,23491.01491317626,-1,-1,1,-1,31.58135087012677,-1,25234.05078125,23816.150390625,-4.908847900058156,0.7524273058862718,0
2024-11-05,24213.30078125,24213.30078125,24229.05078125,23842.75,23916.5,289500,,,26277.349609375,23816.150390625,,Bearish,,24554.109897124305,24759.11437409301,23498.2018372367,-1,-1,1,-1,38.62245015274729,-1,25234.05078125,23816.150390625,-4.045129372405254,1.6675675292230796,0
2024-11-06,24484.05078125,24484.05078125,24537.599609375,24204.05078125,24308.75,351100,24537.599609375,,26277.349609375,23816.150390625,LH,Bearish,,24547.437600374375,24748.32756653054,23508.011279465685,-1,-1,1,-1,46.05008699728606,0,25212.05078125,23816.150390625,-2.8875080663466224,2.804401129780887,1
2024-11-07,24199.349609375,24199.349609375,24503.349609375,24179.05078125,24489.599609375,322200,,,24537.599609375,23816.150390625,,Bearish,,24514.28636313634,24726.79901919111,23514.890267822993,-1,-1,1,-1,40.49997954974209,-1,25212.05078125,23816.150390625,-4.0167346189392,1.6089889107386623,0
2024-11-08,24148.19921875,24148.19921875,24276.150390625,24066.650390625,24207.69921875,298700,,,24537.599609375,23816.150390625,,Bearish,,24479.42092081383,24704.108830938516,23521.19184942426,-1,-1,1,-1,39.5770703770787,-1,25212.05078125,23816.150390625,-4.219615340816219,1.3942170446475943,0
2024-11-11,24141.30078125,24141.30078125,24336.80078125,24004.599609375,24087.25,273400,,,24537.599609375,23816.150390625,,Bearish,,24447.219002760132,24682.037927029163,23527.36208755188,-1,-1,1,-1,39.44651365227022,-1,25212.05078125,23816.150390625,-4.246977008297592,1.365251668686951,0
2024-11-12,23883.44921875,23883.44921875,24242.0,23839.150390625,24225.80078125,255800,,,24537.599609375,23816.150390625,,Bearish,,24393.526642378212,24650.72072278292,23530.90524308619,-1,-1,1,-1,34.82249849811599,-1,25093.400390625,23816.150390625,-4.821790403213122,0.28257643246782926,0
2024-11-13,23559.05078125,23559.05078125,23873.599609375,23509.599609375,23822.44921875,304600,,,24537.599609375,23816.150390625,,Bearish,Bearish_BOS,24314.05275084219,24607.91013684045,23531.185298192297,-1,-1,1,-1,30.04997184746506,-1,25029.5,23509.599609375,-5.874864534848879,0.2103445941090465,0
2024-11-14,23532.69921875,23532.69921875,23675.900390625,23484.150390625,23542.150390625,257700,,,24537.599609375,23816.150390625,,Bearish,Bearish_BOS,24239.638128738174,24565.74500279769,23531.200362078445,-1,-1,1,-1,29.693956432992778,-1,24978.30078125,23484.150390625,-5.787429557999168,0.2067301874560501,0
2024-11-18,23453.80078125,23453.80078125,23606.80078125,23350.400390625,23605.30078125,263300,,,24537.599609375,23816.150390625,,Bearish,Bearish_BOS,24164.796476596443,24522.13934705072,23530.430216995574,-1,-1,1,-1,28.601363990806945,-1,24978.30078125,23350.400390625,-6.103297471477198,0.4428206321743122,0
2024-11-19,23518.5,23518.5,23780.650390625,23464.80078125,23529.55078125,297500,,,24537.599609375,23816.150390625,,Bearish,Bearish_BOS,24103.244431206305,24482.78094128403,23530.311508368755,-1,-1,1,-1,30.848388190509212,-1,24882.0,23350.400390625,-5.479864962623582,0.7199003295998763,0
2024-11-21,23349.900390625,23349.900390625,23507.30078125,23263.150390625,23488.44921875,420300,,23263.150390625,24537.599609375,23816.150390625,LL,Bearish,Bearish_BOS,24031.497379722372,24438.35425302289,23528.51637286882,-1,-1,1,-1,28.344955998670798,-1,24604.25,23263.150390625,-5.098101382383124,0.3729073601095756,0
2024-11-22,23907.25,23907.25,23956.099609375,23359.0,23411.80078125,367600,,,24537.599609375,23263.150390625,,Bearish,,24019.664295939292,24417.526635257287,23532.28486667112,-1,-1,1,-1,44.40638237375874,-1,24537.599609375,23263.150390625,-2.568913094230152,2.7687548700823017,1
2024-11-25,24221.900390625,24221.900390625,24351.55078125,24135.44921875,24253.55078125,687200,,,24537.599609375,23263.150390625,,Bearish,,24038.92487638555,24409.855017820726,23539.146712680613,1,-1,1,1,51.07388686618139,0,24537.599609375,23263.150390625,-1.2865937327846133,4.121324858847908,1
2024-11-26,24194.5,24194.5,24343.30078125,24125.400390625,24343.30078125,230700,,,24537.599609375,23263.150390625,,Bearish,,24053.74155482502,24401.409723004224,23545.667640912645,1,-1,1,1,50.50582839263795,0,24537.599609375,23263.150390625,-1.398260689052544,4.0035403362664645,1
2024-11-27,24274.900390625,24274.900390625,24354.55078125,24145.650390625,24204.80078125,295000,,,24537.599609375,23263.150390625,,Bearish,,24074.804301091684,24396.448572714842,23552.923688173465,1,-1,1,1,52.186305208321805,0,24537.599609375,23263.150390625,-1.0705986850059745,4.349152986638183,1
2024-11-28,23914.150390625,23914.150390625,24345.75,23873.349609375,24274.150390625,366700,,,24537.599609375,23263.150390625,,Bearish,,24059.503928666287,24377.53491851524,23556.51798372025,-1,-1,1,-1,44.831159200808955,-1,24537.599609375,23263.150390625,-2.540791392291697,2.7984171922920353,1
2024-11-29,24131.099609375,24131.099609375,24188.44921875,23927.150390625,23927.150390625,282100,,,24537.599609375,23263.150390625,,Bearish,,24066.32256492426,24367.870788745036,23562.23521382627,1,-1,1,1,49.44570772896233,0,24537.599609375,23263.150390625,-1.6566412626795368,3.7310046325444546,1
2024-12-02,24276.05078125,24276.05078125,24301.69921875,24008.650390625,24140.849609375,220400,,,24537.599609375,23263.150390625,,Bearish,,24086.296680764804,24364.27000413739,23569.3378562882,1,-1,1,1,52.315565158801675,0,24537.599609375,23263.150390625,-1.065910408062376,4.354098106304627,1
2024-12-03,24457.150390625,24457.150390625,24481.349609375,24280.0,24367.5,339500,,,24537.599609375,23263.150390625,,Bearish,,24121.616081703873,24367.912372234943,23578.17181185374,1,-1,1,1,55.69927842085148,1,24537.599609375,23263.150390625,-0.32786099712566186,5.132580841162326,1
2024-12-04,24467.44921875,24467.44921875,24573.19921875,24366.30078125,24488.75,348000,,,24537.599609375,23263.150390625,,Bearish,,24154.55257094636,24371.81577798063,23587.02034326564,1,-1,1,1,55.890968403048255,1,24573.19921875,23263.150390625,-0.43034689565089046,5.176851836070884,1
2024-12-05,24708.400390625,24708.400390625,24857.75,24295.55078125,24539.150390625,361500,24857.75,,24537.599609375,23263.150390625,HH,Bullish,Bullish_BOS,24207.299982344328,24385.015174554923,23598.178353687126,1,-1,1,1,60.22709403050948,1,24857.75,23263.150390625,-0.6008170867234597,6.212615126205923,1
2024-12-06,24677.80078125,24677.80078125,24751.05078125,24620.5,24729.44921875,226700,,,24857.75,23263.150390625,,Bullish,,24252.109582240104,24396.49696305277,23608.920865404172,1,-1,1,1,59.42811058882326,1,24857.75,23263.150390625,-0.7239159567941633,6.081078301394216,1
2024-12-09,24619.0,24619.0,24705.0,24580.05078125,24633.900390625,248100,,,24857.75,23263.150390625,,Bullish,,24287.051526788666,24405.22257234482,23618.97140405687,1,-1,1,1,57.84019463156993,1,24857.75,23263.150390625,-0.9604650461123798,5.8283146805490516,1
2024-12-10,24610.05078125,24610.05078125,24677.80078125,24510.650390625,24652.650390625,261000,,,24857.75,23263.150390625,,Bullish,,24317.81336054689,24413.255051125416,23628.832890397098,1,-1,1,1,57.587989327079995,1,24857.75,23263.150390625,-0.996466770926574,5.789845175775499,1
2024-12-11,24641.80078125,24641.80078125,24691.75,24583.849609375,24620.5,187300,,,24857.75,23263.150390625,,Bullish,,24348.669305375755,24422.217628777362,23638.912172893146,1,-1,1,1,58.28298324482638,1,24857.75,23263.150390625,-0.8687400056320516,5.926327120253649,1
2024-12-12,24548.69921875,24548.69921875,24675.25,24527.94921875,24604.44921875,266100,,,24857.75,23263.150390625,,Bullish,,24367.71977331616,24427.177691129233,23647.964780314607,1,-1,1,1,55.4153717267009,1,24857.75,23263.150390625,-1.243277373253815,5.526116654617308,1
2024-12-13,24768.30078125,24768.30078125,24792.30078125,24180.80078125,24498.349609375,310100,24792.30078125,,24857.75,23263.150390625,LH,Bearish,,24405.870345500334,24440.5550672124,23659.112402214465,1,-1,1,1,60.36852653391502,1,24857.75,23263.150390625,-0.3598443895766912,6.470105576205931,1
2024-12-16,24668.25,24668.25,24781.25,24601.75,24753.400390625,187600,,,24792.30078125,23263.150390625,,Bearish,,24430.85888402411,24449.484280262895,23669.153572341686,1,-1,1,1,57.248007273484134,1,24857.75,23263.150390625,-0.7623377015216537,6.040022893637187,1
2024-12-17,24336.0,24336.0,24624.099609375,24303.44921875,24584.80078125,264900,,,24792.30078125,23263.150390625,,Bearish,,24421.824704593244,24445.03391633102,23675.788860179084,-1,-1,1,-1,48.31621896637755,0,24857.75,23263.150390625,-2.0989429855879926,4.611798451027327,1
2024-12-18,24198.849609375,24198.849609375,24394.44921875,24149.849609375,24297.94921875,235300,,,24792.30078125,23263.150390625,,Bearish,,24400.588981239125,24435.379629783725,23680.993444748197,-1,-1,1,-1,45.18246625478438,0,24857.75,23263.150390625,-2.6506839541993954,4.022237758163172,1
2024-12-19,23951.69921875,23951.69921875,24004.900390625,23870.30078125,23877.150390625,271100,,,24792.30078125,23263.150390625,,Bearish,,24357.83757528778,24416.411770527502,23683.68703453926,-1,-1,1,-1,40.131173110993316,-1,24857.75,23359.0,-3.644942849815447,2.537348425660335,0
2024-12-20,23587.5,23587.5,24065.80078125,23537.349609375,23960.69921875,442700,,23537.349609375,24792.30078125,23263.150390625,HL,Bullish,,24284.47209192704,24383.905426585246,23682.729949618475,-1,-1,1,-1,34.08408056579313,-1,24857.75,23537.349609375,-5.110076334342406,0.21306728011987186,0
2024-12-23,23753.44921875,23753.44921875,23869.55078125,23647.19921875,23738.19921875,189800,,,24792.30078125,23537.349609375,,Bullish,,24233.8984849578,24359.181653728963,23683.433623938192,-1,-1,1,-1,38.62240474205816,-1,24857.75,23537.349609375,-4.442480840985208,0.9181136065078643,0
2024-12-24,23727.650390625,23727.650390625,23867.650390625,23685.150390625,23769.099609375,177700,,,24792.30078125,23537.349609375,,Bullish,,24185.68438073563,24334.415721842535,23683.873591765925,-1,-1,1,-1,38.18227927328702,-1,24857.75,23537.349609375,-4.546266694994516,0.8085055641702477,0
2024-12-26,23750.19921875,23750.19921875,23854.5,23653.599609375,23775.80078125,177700,,,24792.30078125,23537.349609375,,Bullish,,24144.209603403666,24311.50527074087,23684.533548253326,-1,-1,1,-1,38.838311743422295,-1,24857.75,23537.349609375,-4.455555234283071,0.9043057646992647,0
2024-12-27,23813.400390625,23813.400390625,23938.849609375,23800.599609375,23801.400390625,176800,,,24792.30078125,23537.349609375,,Bullish,,24112.70396409141,24291.971746030442,23685.815805391354,-1,-1,1,-1,40.73669566867471,-1,24857.75,23537.349609375,-4.201303856443161,1.1728201595818,0
2024-12-30,23644.900390625,23644.900390625,23915.349609375,23599.30078125,23796.900390625,364900,,,24792.30078125,23537.349609375,,Bullish,,24068.151242808897,24266.59639875964,23685.408686836465,-1,-1,1,-1,37.40339094958178,-1,24857.75,23537.349609375,-4.879160862809384,0.45693666888970697,0
2024-12-31,23644.80078125,23644.80078125,23689.849609375,23460.44921875,23560.599609375,193600,,23460.44921875,24792.30078125,23537.349609375,LL,Bearish,,24027.83215123186,24242.212256896517,23685.004628074414,-1,-1,1,-1,37.40144261936684,-1,24857.75,23460.44921875,-4.8795615803924335,0.7857972402023128,0
2025-01-01,23742.900390625,23742.900390625,23822.80078125,23562.80078125,23637.650390625,154900,,,24792.30078125,23460.44921875,,Bearish,,24000.695793078827,24222.631399395672,23685.580705313725,-1,-1,1,-1,40.67872463539656,-1,24857.75,23460.44921875,-4.4849176187506945,1.2039461360750847,0
2025-01-02,24188.650390625,24188.650390625,24226.69921875,23751.55078125,23783.0,283200,24226.69921875,,24792.30078125,23460.44921875,LH,Bearish,,24018.596230940366,24221.29881081643,23690.586373824288,1,-1,1,1,52.776741779587205,0,24857.75,23460.44921875,-2.6917142918204573,3.1039523799612834,1
2025-01-03,24004.75,24004.75,24196.44921875,23976.0,24196.400390625,312300,,,24226.69921875,23460.44921875,,Bearish,,24017.27754227938,24212.806700588335,23693.712380054894,-1,-1,1,-1,48.39191438339516,0,24792.30078125,23460.44921875,-3.1765941700965916,2.32007825670697,0
2025-01-06,23616.05078125,23616.05078125,24089.94921875,23551.900390625,24045.80078125,278100,,,24226.69921875,23460.44921875,,Bearish,,23979.06546980039,24189.404507673105,23692.939627827982,-1,-1,1,-1,40.69574481122941,-1,24792.30078125,23460.44921875,-4.744416463717549,0.6632505671529954,0
2025-01-07,23707.900390625,23707.900390625,23795.19921875,23637.80078125,23679.900390625,262300,,,24226.69921875,23460.44921875,,Bearish,,23953.240224164638,24170.52199327906,23693.088491139395,-1,-1,1,-1,43.00252274397806,-1,24792.30078125,23460.44921875,-4.373940120334108,1.0547588819281195,0
2025-01-08,23688.94921875,23688.94921875,23751.849609375,23496.150390625,23746.650390625,266400,,,24226.69921875,23460.44921875,,Bearish,,23928.069652220387,24151.636786434785,23693.047304349453,-1,-1,1,-1,42.634037723689744,-1,24792.30078125,23460.44921875,-4.4503798668595,0.9739796449310001,0
2025-01-09,23526.5,23526.5,23689.5,23503.05078125,23674.75,269200,,,24226.69921875,23460.44921875,,Bearish,,23889.824923437496,24127.121618339304,23691.3901172415,-1,-1,1,-1,39.508780497282835,-1,24792.30078125,23460.44921875,-5.105620460232974,0.2815409911128608,0
2025-01-10,23431.5,23431.5,23596.599609375,23344.349609375,23551.900390625,261000,,,24226.69921875,23460.44921875,,Bearish,Bearish_BOS,23846.17493072916,24099.84233918874,23688.804145925664,-1,-1,1,-1,37.76531607919731,-1,24792.30078125,23344.349609375,-5.488803936579989,0.37332541742778336,0
2025-01-13,23085.94921875,23085.94921875,23340.94921875,23047.25,23195.400390625,316500,,23047.25,24226.69921875,23460.44921875,LL,Bearish,Bearish_BOS,23773.77248196924,24060.081824661735,23682.805589436353,-1,-1,1,-1,32.19936124944938,-1,24781.25,23047.25,-6.841062421185374,0.16791252210133223,0
2025-01-14,23176.05078125,23176.05078125,23264.94921875,23134.150390625,23165.900390625,311200,,,24226.69921875,23047.25,,Bearish,,23716.846605710267,24025.413940606373,23677.76325303649,-1,-1,1,-1,34.893834032486,-1,24624.099609375,23047.25,-5.880616351851065,0.5588553135406515,0
2025-01-15,23213.19921875,23213.19921875,23293.650390625,23146.44921875,23250.44921875,228000,,,24226.69921875,23047.25,,Bearish,,23668.880187904528,23993.562382886517,23673.140725332145,-1,-1,1,-1,36.02274203299743,-1,24394.44921875,23047.25,-4.842290102176483,0.7200391315666632,0
2025-01-16,23311.80078125,23311.80078125,23391.650390625,23272.05078125,23377.25,299400,,,24226.69921875,23047.25,,Bearish,,23634.872625366002,23966.826633802735,23669.54530300297,-1,-1,1,-1,39.04395367256445,-1,24226.69921875,23047.25,-3.77640564750118,1.1478626788445467,0
2025-01-17,23203.19921875,23203.19921875,23292.099609375,23100.349609375,23277.099609375,272900,,,24226.69921875,23047.25,,Bearish,,23593.760872354953,23936.88046066341,23664.90504345817,-1,-1,1,-1,36.97296932224003,-1,24226.69921875,23047.25,-4.224677867828863,0.6766500070507275,0
2025-01-20,23344.75,23344.75,23391.099609375,23170.650390625,23290.400390625,301500,,,24226.69921875,23047.25,,Bearish,,23570.04555117829,23913.659658284454,23661.719421135203,-1,-1,1,-1,41.34037178592105,-1,24226.69921875,23047.25,-3.6404019003440036,1.2908264543492143,0
2025-01-21,23024.650390625,23024.650390625,23426.30078125,22976.849609375,23421.650390625,312900,23426.30078125,,24226.69921875,23047.25,LH,Bearish,Bearish_BOS,23518.10315493512,23878.796549748793,23655.380425806743,-1,-1,1,-1,35.371321822943074,-1,24226.69921875,22976.849609375,-4.961669839012517,0.20803888288714045,0
2025-01-22,23155.349609375,23155.349609375,23169.55078125,22981.30078125,23099.150390625,276000,,,23426.30078125,23047.25,,Bearish,,23483.55519821511,23850.42608149884,23650.404994797475,-1,-1,1,-1,39.22961608322069,-1,24226.69921875,22976.849609375,-4.422185621332353,0.7768689051573352,0
2025-01-23,23205.349609375,23205.349609375,23270.80078125,23090.650390625,23128.30078125,275600,,,23426.30078125,23047.25,,Bearish,,23457.05942784938,23825.128964944968,23645.97658300223,-1,-1,1,-1,40.68840145121706,-1,24226.69921875,22976.849609375,-4.2158017489420825,0.9944792427364346,0
2025-01-24,23092.19921875,23092.19921875,23347.30078125,23050.0,23183.900390625,264300,,,23426.30078125,23047.25,,Bearish,,23422.310836506582,23796.386621956928,23640.466360472357,-1,-1,1,-1,38.439610262588396,-1,24226.69921875,22976.849609375,-4.6828500645352715,0.5020253487141968,0
2025-01-27,22829.150390625,22829.150390625,23007.44921875,22786.900390625,22940.150390625,257400,,22786.900390625,23426.30078125,23047.25,LL,Bearish,Bearish_BOS,23365.81936547024,23758.455789355678,23632.393564752485,-1,-1,1,-1,33.76722285951797,-1,24226.69921875,22786.900390625,-5.768630780058482,0.18541354583434533,0
2025-01-28,22957.25,22957.25,23137.94921875,22857.650390625,22960.44921875,361900,,,23426.30078125,22786.900390625,,Bearish,,23326.907997330218,23727.035954478983,23625.67571833704,-1,-1,1,-1,37.736311781805085,-1,24226.69921875,22786.900390625,-5.239876911368613,0.7475769255790743,0
2025-01-29,23163.099609375,23163.099609375,23183.349609375,22976.5,23026.75,226300,,,23426.30078125,22786.900390625,,Bearish,,23311.307198477338,23704.920803690595,23621.072970984183,-1,-1,1,-1,43.586719627282086,-1,24226.69921875,22786.900390625,-4.390196121111856,1.650945114521929,0
2025-01-30,23249.5,23249.5,23322.05078125,23139.19921875,23169.5,361900,,,23426.30078125,22786.900390625,,Bearish,,23305.420798622352,23687.06116433018,23617.375727491803,-1,-1,1,-1,45.885082730260116,0,24196.44921875,22786.900390625,-3.913587527612117,2.0301120443977583,0
2025-01-31,23508.400390625,23508.400390625,23546.80078125,23277.400390625,23296.75,304900,,,23426.30078125,22786.900390625,,Bearish,Bullish_BOS,23324.75218833689,23680.054859479,23616.291395781685,1,-1,1,1,52.17306770466727,0,24089.94921875,22786.900390625,-2.4140724533879943,3.1662928596328133,1
2025-02-01,23482.150390625,23482.150390625,23632.44921875,23318.30078125,23528.599609375,281000,,,23426.30078125,22786.900390625,,Bearish,Bullish_BOS,23339.74249331671,23672.2938999161,23614.956659411968,1,-1,1,1,51.5194155316323,0,23795.19921875,22786.900390625,-1.3155965841980644,3.051095094469458,1
2025-02-03,23361.05078125,23361.05078125,23381.599609375,23222.0,23319.349609375,329700,,,23426.30078125,22786.900390625,,Bearish,,23341.771854072264,23660.088287419392,23612.430232763592,1,-1,1,1,48.50054117517337,0,23751.849609375,22786.900390625,-1.6453406136874071,2.519651118768307,1
2025-02-04,23739.25,23739.25,23762.75,23423.150390625,23509.900390625,376700,,,23426.30078125,22786.900390625,,Bearish,Bullish_BOS,23379.626915589193,23663.192668304906,23613.6921209948,1,-1,1,1,56.97900432335311,1,23762.75,22786.900390625,-0.0988942778087587,4.179373205874093,1
2025-02-05,23696.30078125,23696.30078125,23807.30078125,23680.44921875,23801.75,267000,23807.30078125,,23426.30078125,22786.900390625,HH,Bullish,Bullish_BOS,23409.786331366413,23664.491025675303,23614.51409771376,1,-1,1,1,55.85442173344421,1,23807.30078125,22786.900390625,-0.46624353184725464,3.9908911481403075,1
2025-02-06,23603.349609375,23603.349609375,23773.55078125,23556.25,23761.94921875,307000,,,23807.30078125,22786.900390625,,Bullish,,23428.220929271993,23662.093323075293,23614.403008277553,1,-1,1,1,53.398092766518026,0,23807.30078125,22786.900390625,-0.8566749072016822,3.58297620454735,1
2025-02-07,23559.94921875,23559.94921875,23694.5,23443.19921875,23649.5,368100,,,23807.30078125,22786.900390625,,Bullish,,23440.76648065085,23658.08767192528,23613.861179526037,1,-1,1,1,52.242834319174975,0,23807.30078125,22786.900390625,-1.0389735685399804,3.3925141852248153,1
2025-02-10,23381.599609375,23381.599609375,23568.599609375,23316.30078125,23543.80078125,234200,,,23807.30078125,22786.900390625,,Bullish,,23435.131540529343,23647.245002805663,23611.550119126525,-1,-1,1,-1,47.677907674858766,0,23807.30078125,22786.900390625,-1.7881118728515055,2.609829369310246,1
2025-02-11,23071.80078125,23071.80078125,23390.05078125,22986.650390625,23383.55078125,268000,,,23807.30078125,22786.900390625,,Bullish,,23400.528611074165,23624.678562744655,23606.17947894865,-1,-1,1,-1,40.979573662485436,-1,23807.30078125,22786.900390625,-3.089388447510444,1.2502814588254196,0
2025-02-12,23045.25,23045.25,23144.69921875,22798.349609375,23050.80078125,279700,,,23807.30078125,22786.900390625,,Bullish,,23366.692552876626,23601.95587400957,23600.598091098414,-1,-1,1,-1,40.45500291853248,-1,23807.30078125,22786.900390625,-3.2009121414140806,1.1337637192695649,0
2025-02-13,23031.400390625,23031.400390625,23235.5,22992.19921875,23055.75,265700,,,23807.30078125,22786.900390625,,Bullish,,23334.759965995516,23579.58114917096,23594.934432387236,-1,-1,-1,-3,40.16617312560998,-1,23807.30078125,22786.900390625,-3.2590859323123222,1.0729848983786816,0
2025-02-14,22929.25,22929.25,23133.69921875,22774.849609375,23096.44921875,254500,,,23807.30078125,22786.900390625,,Bullish,,23296.13996923404,23554.07796685053,23588.310706691842,-1,-1,-1,-3,38.010605132317295,-1,23807.30078125,22774.849609375,-3.6881576341553535,0.6779425255192262,0
2025-02-17,22959.5,22959.5,22974.19921875,22725.44921875,22809.900390625,207400,,,23807.30078125,22786.900390625,,Bullish,,23264.07901978318,23530.761183836785,23582.05388373969,-1,-1,-1,-3,39.05368780989357,-1,23807.30078125,22725.44921875,-3.5610957707465363,1.029906071369946,0
2025-02-18,22945.30078125,22945.30078125,22992.5,22801.5,22963.650390625,210600,,,23807.30078125,22786.900390625,,Bullish,,23233.719187541927,23507.801952362795,23575.71803197362,-1,-1,-1,-3,38.72429913969447,-1,23807.30078125,22725.44921875,-3.620738058129158,0.9674244956997757,0
2025-02-19,22932.900390625,22932.900390625,23049.94921875,22814.849609375,22847.25,207000,,,23807.30078125,22786.900390625,,Bullish,,23205.069778311743,23485.25679307896,23569.321836537318,-1,-1,-1,-3,38.41954165138871,-1,23807.30078125,22725.44921875,-3.672824561924526,0.9128583988730954,0
2025-02-20,22913.150390625,22913.150390625,22923.849609375,22812.75,22821.099609375,240800,,,23807.30078125,22786.900390625,,Bullish,,23177.267931865386,23462.821247884687,23562.792767423765,-1,-1,-1,-3,37.907840631392396,-1,23807.30078125,22725.44921875,-3.7557823074559127,0.8259514259464362,0
2025-02-21,22795.900390625,22795.900390625,22921.0,22720.30078125,22857.19921875,242800,,,23807.30078125,22786.900390625,,Bullish,,23140.947213652016,23436.667488776468,23555.16199750537,-1,-1,-1,-3,34.933210082534615,-1,23807.30078125,22720.30078125,-4.248278290420693,0.3327403545528185,0
2025-02-24,22553.349609375,22553.349609375,22668.05078125,22518.80078125,22609.349609375,214300,,,23807.30078125,22786.900390625,,Bullish,Bearish_BOS,23084.985537054206,23402.027571937193,23545.19371503641,-1,-1,-1,-3,29.73507526032391,-1,23807.30078125,22518.80078125,-5.2670866949460216,0.15342214916598262,0
2025-02-25,22547.55078125,22547.55078125,22625.30078125,22513.900390625,22516.44921875,250300,,,23807.30078125,22786.900390625,,Bullish,Bearish_BOS,23033.801274596663,23368.51867818475,23535.266919675352,-1,-1,-1,-3,29.621589949443177,-1,23807.30078125,22513.900390625,-5.291444047248506,0.1494649529452996,0
2025-02-27,22545.05078125,22545.05078125,22613.30078125,22508.400390625,22568.94921875,289200,,,23807.30078125,22786.900390625,,Bullish,Bearish_BOS,22987.25360856365,23336.225819481428,23525.4140227756,-1,-1,-1,-3,29.569194380891545,-1,23807.30078125,22508.400390625,-5.3019450276955205,0.16282983236901583,0
2025-02-28,22124.69921875,22124.69921875,22450.349609375,22104.849609375,22433.400390625,551300,,,23807.30078125,22786.900390625,,Bullish,Bearish_BOS,22905.10557143854,23288.714972393922,23511.476562039028,-1,-1,-1,-3,22.39598259118584,-1,23807.30078125,22104.849609375,-7.067586443168617,0.08979753187998707,-1
2025-03-03,22119.30078125,22119.30078125,22261.55078125,22004.69921875,22194.55078125,282400,,,23807.30078125,22786.900390625,,Bullish,Bearish_BOS,22830.267019992014,23242.855592349064,23497.624066707795,-1,-1,-1,-3,22.321091581515375,-1,23807.30078125,22004.69921875,-7.090261997821379,0.5208049488008903,-1
2025-03-04,22082.650390625,22082.650390625,22105.05078125,21964.599609375,21974.44921875,253300,,21964.599609375,23807.30078125,22786.900390625,LL,Bearish,Bearish_BOS,22759.065436242774,23197.357349144197,23483.54472664727,-1,-1,-1,-3,21.788394870595127,-1,23807.30078125,21964.599609375,-7.244208011952747,0.5374592906287834,-1
2025-03-05,22337.30078125,22337.30078125,22394.900390625,22067.80078125,22073.05078125,305900,,,23807.30078125,21964.599609375,,Bearish,,22718.89737386251,23163.629640599327,23472.13931425526,-1,-1,-1,-3,33.63870834413679,-1,23807.30078125,21964.599609375,-6.174576502842077,1.6968266142029842,0
2025-03-06,22544.69921875,22544.69921875,22556.44921875,22245.849609375,22476.349609375,372100,,,23807.30078125,21964.599609375,,Bearish,,22702.307073375603,23139.357859350333,23462.91105459849,-1,-1,-1,-3,41.42319750114419,-1,23773.55078125,21964.599609375,-5.168986214163618,2.6410661687062964,0
2025-03-07,22552.5,22552.5,22633.80078125,22464.75,22508.650390625,289800,,,23807.30078125,21964.599609375,,Bearish,,22688.039733054116,23116.34382565032,23453.852238134827,-1,-1,-1,-3,41.70021013694144,-1,23694.5,21964.599609375,-4.819683892886539,2.676581413184831,0
2025-03-10,22460.30078125,22460.30078125,22676.75,22429.05078125,22521.849609375,293900,,,23807.30078125,21964.599609375,,Bearish,,22666.350309072775,23090.616647438543,23443.96615398672,-1,-1,-1,-3,39.332650351402414,-1,23568.599609375,21964.599609375,-4.702438186798963,2.256818611268585,0
2025-03-11,22497.900390625,22497.900390625,22522.099609375,22314.69921875,22345.94921875,347900,,,23807.30078125,21964.599609375,,Bearish,,22650.307459696796,23067.372872661545,23434.552564301528,-1,-1,-1,-3,40.80856868752832,-1,23390.05078125,21964.599609375,-3.8142302424591934,2.42800137828314,0
2025-03-12,22470.5,22470.5,22577.400390625,22329.55078125,22536.349609375,369700,,,23807.30078125,21964.599609375,,Bearish,,22633.182939725673,23043.966093341485,23424.960001472657,-1,-1,-1,-3,40.04402357092675,-1,23235.5,21964.599609375,-3.2923758903402156,2.3032534151411044,0
2025-03-13,22397.19921875,22397.19921875,22558.05078125,22377.349609375,22541.5,287500,,,23807.30078125,21964.599609375,,Bearish,,22610.70829963275,23018.60268649476,23414.73352602268,-1,-1,-1,-3,37.993352944622536,-1,23235.5,21964.599609375,-3.6078448118181283,1.9695310502739982,0
2025-03-17,22508.75,22508.75,22577.0,22353.150390625,22353.150390625,251100,,,23807.30078125,21964.599609375,,Bearish,,22600.997985382015,22998.60846349497,23405.71876456972,-1,-1,-1,-3,42.79449669625264,-1,23133.69921875,21964.599609375,-2.7014668637321715,2.477397267887116,1
2025-03-18,22834.30078125,22834.30078125,22857.80078125,22599.19921875,22662.25,272600,,,23807.30078125,21964.599609375,,Bearish,,22623.217299274205,22992.16502497556,23400.033013491913,1,-1,-1,-1,53.99095131343237,0,23049.94921875,21964.599609375,-0.935570119714535,3.959558504785088,1
2025-03-19,22907.599609375,22907.599609375,22940.69921875,22807.94921875,22874.94921875,324000,,,23807.30078125,21964.599609375,,Bearish,,22650.301328807614,22988.848734167692,23395.133178625078,1,-1,-1,-1,56.075502151883626,1,23049.94921875,21964.599609375,-0.6175701647932685,4.293271977502866,1
2025-03-20,23190.650390625,23190.650390625,23216.69921875,22973.94921875,23036.599609375,313700,,,23807.30078125,21964.599609375,,Bearish,,22701.763144218792,22996.762524617,23393.098524018114,1,-1,-1,-1,63.03950616692797,1,23216.69921875,21964.599609375,-0.11219867165253028,5.5819400446830425,1
2025-03-21,23350.400390625,23350.400390625,23402.69921875,23132.80078125,23168.25,541000,,,23807.30078125,21964.599609375,,Bearish,,22763.538120067,23010.630676225155,23392.67366696943,1,-1,-1,-1,66.28810828496115,1,23402.69921875,21964.599609375,-0.22347348755009655,6.309246723798734,1
2025-03-24,23658.349609375,23658.349609375,23708.75,23433.5,23515.400390625,311900,,,23807.30078125,21964.599609375,,Bearish,,22848.75826190586,23036.031418701623,23395.317208684908,1,-1,-1,-1,71.49017819078647,1,23708.75,21964.599609375,-0.21258139136395293,7.7112719108117345,1
2025-03-25,23668.650390625,23668.650390625,23869.599609375,23601.400390625,23751.5,338200,23869.599609375,,23807.30078125,21964.599609375,HH,Bullish,,22926.843226545778,23060.840005835875,23398.03694183854,1,-1,-1,-1,71.64777807768957,1,23869.599609375,21964.599609375,-0.8418625449882922,7.758169106450152,1
2025-03-26,23486.849609375,23486.849609375,23736.5,23451.69921875,23700.94921875,278600,,,23869.599609375,21964.599609375,,Bullish,,22980.177167767608,23077.546264798195,23398.920649973235,1,-1,-1,-1,64.83561129118522,1,23869.599609375,21964.599609375,-1.603504064851058,6.930470061244676,1
2025-03-27,23591.94921875,23591.94921875,23646.44921875,23412.19921875,23433.94921875,510300,,,23869.599609375,21964.599609375,,Bullish,,23038.441172623072,23097.71892965905,23400.841332249624,1,-1,-1,-1,66.80078267379496,1,23869.599609375,21964.599609375,-1.1631966818410722,7.408965509575727,1
2025-03-28,23519.349609375,23519.349609375,23649.19921875,23450.19921875,23600.400390625,295400,,,23869.599609375,21964.599609375,,Bullish,,23084.241976123256,23114.253466118502,23402.020519086695,1,-1,-1,-1,64.13449559532964,1,23869.599609375,21964.599609375,-1.4673476125776186,7.078435426322982,1
2025-04-01,23165.69921875,23165.69921875,23565.150390625,23136.400390625,23341.099609375,314300,,,23869.599609375,21964.599609375,,Bullish,,23091.999808754375,23116.270946613855,23399.669063361955,1,-1,-1,-1,53.03057738437465,0,23869.599609375,21964.599609375,-2.948940921273502,5.468342836817941,1
2025-04-02,23332.349609375,23332.349609375,23350.0,23158.44921875,23192.599609375,341000,,,23869.599609375,21964.599609375,,Bullish,,23114.89026595634,23124.74461966331,23398.99921804865,1,-1,-1,-1,56.824101362189715,1,23869.599609375,21964.599609375,-2.2507708918124925,6.227065479564731,1
2025-04-03,23250.099609375,23250.099609375,23306.5,23145.80078125,23150.30078125,283200,,,23869.599609375,21964.599609375,,Bullish,,23127.76734628193,23129.66050161279,23397.517629902646,1,-1,-1,-1,54.48515606278791,0,23869.599609375,22067.80078125,-2.5953514517968124,5.357574322175074,1
2025-04-04,22904.44921875,22904.44921875,23214.69921875,22857.44921875,23190.400390625,466800,,,23869.599609375,21964.599609375,,Bullish,,23106.49895318365,23120.828686598565,23392.611476557846,-1,-1,-1,-3,45.92930540883512,0,23869.599609375,22245.849609375,-4.043429326086933,2.9605504889210765,0
2025-04-07,22161.599609375,22161.599609375,22254.0,21743.650390625,21758.400390625,647100,,21743.650390625,23869.599609375,21964.599609375,LL,Bearish,,23016.50853948759,23083.211860040778,23380.36260225752,-1,-1,-1,-3,33.68632486681098,-1,23869.599609375,21743.650390625,-7.155545245631889,1.9221667532430597,-1
2025-04-08,22535.849609375,22535.849609375,22697.19921875,22270.849609375,22446.75,468300,,,23869.599609375,21743.650390625,,Bearish,,22970.73149852449,23061.74667374016,23371.95948790048,-1,-1,-1,-3,42.065143844970315,-1,23869.599609375,21743.650390625,-5.587651329836962,3.6433588864708932,0
2025-04-09,22399.150390625,22399.150390625,22468.69921875,22353.25,22460.30078125,383800,,,23869.599609375,21743.650390625,,Bearish,,22916.295202534064,23035.76250577486,23362.279795390277,-1,-1,-1,-3,40.07343790123171,-1,23869.599609375,21743.650390625,-6.160343042253913,3.014673195272799,0
2025-04-11,22828.55078125,22828.55078125,22923.900390625,22695.400390625,22695.400390625,402200,,,23869.599609375,21743.650390625,,Bearish,,22907.9385909832,23027.636555793495,23356.96905893117,-1,-1,-1,-3,48.346785658237444,0,23869.599609375,21743.650390625,-4.361400464028387,4.989504389257315,0
2025-04-15,23328.55078125,23328.55078125,23368.349609375,23207.0,23368.349609375,388300,,,23869.599609375,21743.650390625,,Bearish,,22947.996894818134,23039.437113654538,23356.68628999902,1,-1,-1,-1,55.969472182238704,1,23869.599609375,21743.650390625,-2.266685813667768,7.289026277337252,1
2025-04-16,23437.19921875,23437.19921875,23452.19921875,23273.05078125,23344.099609375,348400,,,23869.599609375,21743.650390625,,Bearish,,22994.587592335454,23055.03562757985,23357.487413668183,1,-1,-1,-1,57.43927111816953,1,23869.599609375,21743.650390625,-1.8115108661276857,7.788705197611123,1
2025-04-17,23851.650390625,23851.650390625,23872.349609375,23298.55078125,23401.849609375,505300,,,23869.599609375,21743.650390625,,Bearish,,23076.212620743983,23086.275422209073,23362.404458215016,1,-1,-1,-1,62.57186388467556,1,23872.349609375,21743.650390625,-0.08670792397356131,9.694784280145008,1
2025-04-21,24125.55078125,24125.55078125,24189.55078125,23903.650390625,23949.150390625,406100,,,23869.599609375,21743.650390625,,Bearish,Bullish_BOS,23176.149588411223,23127.031318642054,23369.99795396661,1,1,-1,1,65.53034405201471,1,24189.55078125,21743.650390625,-0.2645770505569245,10.954464166936662,1
2025-04-22,24167.25,24167.25,24242.599609375,24072.0,24185.400390625,440900,,,23869.599609375,21743.650390625,,Bearish,Bullish_BOS,23270.54010380063,23167.82420810707,23377.93081014605,1,1,-1,1,65.97134066227866,1,24242.599609375,21743.650390625,-0.3108148902721708,11.146240699399579,1
2025-04-23,24328.94921875,24328.94921875,24359.30078125,24119.94921875,24357.599609375,415000,,,23869.599609375,21743.650390625,,Bearish,Bullish_BOS,23371.340971891048,23213.35852224993,23387.3936798834,1,1,-1,1,67.69719155420327,1,24359.30078125,21743.650390625,-0.124599481621257,11.88990248500168,1
2025-04-24,24246.69921875,24246.69921875,24347.849609375,24216.150390625,24277.900390625,358800,,,23869.599609375,21743.650390625,,Bearish,Bullish_BOS,23454.708423972854,23253.881686818564,23395.94398375272,1,1,-1,1,65.8672360069573,1,24359.30078125,21743.650390625,-0.46225285163633556,11.511631134412536,1
2025-04-25,24039.349609375,24039.349609375,24365.44921875,23847.849609375,24289.0,387700,,,23869.599609375,21743.650390625,,Bearish,Bullish_BOS,23510.388536868297,23284.68435044823,23402.346029778815,1,1,-1,1,61.36389528963377,1,24365.44921875,21743.650390625,-1.3383689602736948,10.55802120392726,1
2025-04-28,24328.5,24328.5,24355.099609375,24054.05078125,24070.25,320500,,,23869.599609375,21743.650390625,,Bearish,Bullish_BOS,23588.30391430941,23325.61829748948,23411.56149216908,1,1,-1,1,64.96152009314287,1,24365.44921875,21743.650390625,-0.15164595743043519,11.88783650830536,1
2025-04-29,24335.94921875,24335.94921875,24457.650390625,24290.75,24370.69921875,357600,,,23869.599609375,21743.650390625,,Bearish,Bullish_BOS,23659.50822901804,23365.23911793107,23420.759379995758,1,1,-1,1,65.05180577924877,1,24457.650390625,21743.650390625,-0.4975996055681997,11.922095791434796,1
2025-04-30,24334.19921875,24334.19921875,24396.150390625,24198.75,24342.05078125,424500,,,23869.599609375,21743.650390625,,Bearish,Bullish_BOS,23723.764513754417,23403.237553257302,23429.848333615206,1,1,-1,1,65.0094256790006,1,24457.650390625,21743.650390625,-0.5047548309150773,11.914047464826517,1
2025-05-02,24346.69921875,24346.69921875,24589.150390625,24238.5,24311.900390625,421100,24589.150390625,,23869.599609375,21743.650390625,HH,Bullish,Bullish_BOS,23783.091628515904,23440.23604994329,23438.971227994658,1,1,1,3,65.18390314793311,1,24589.150390625,21743.650390625,-0.9860087397222106,11.97153551202852,1
2025-05-05,24461.150390625,24461.150390625,24526.400390625,24400.650390625,24419.5,291500,,,24589.150390625,21743.650390625,,Bullish,,23847.668653478675,23480.271906440612,23449.142164936253,1,1,1,3,66.81552010810762,1,24589.150390625,21743.650390625,-0.5205547892732532,12.497901461714434,1
2025-05-06,24379.599609375,24379.599609375,24509.650390625,24331.80078125,24500.75,302400,,,24589.150390625,21743.650390625,,Bullish,,23898.32874451642,23515.539659496862,23458.400447965498,1,1,1,3,64.49617871491148,1,24589.150390625,21743.650390625,-0.8522083029346761,12.122845848765662,1
2025-05-07,24414.400390625,24414.400390625,24449.599609375,24220.0,24233.30078125,330100,,,24589.150390625,21743.650390625,,Bullish,,23947.47842509819,23550.789099933263,23467.912885205893,1,1,1,3,65.05366541032495,1,24589.150390625,21743.650390625,-0.7106792923867178,12.282896165178968,1
2025-05-08,24273.80078125,24273.80078125,24447.25,24150.19921875,24431.5,411400,,,24589.150390625,21743.650390625,,Bullish,,23978.556744731693,23579.142499200585,23475.931670241156,1,1,1,3,60.89350403072259,1,24589.150390625,21743.650390625,-1.2824746051219083,11.636272406752358,1
2025-05-09,24008.0,24008.0,24164.25,23935.75,23935.75,335600,,23935.75,24589.150390625,21743.650390625,HL,Bullish,,23981.360864281058,23595.960440408406,23481.225882477564,1,1,1,3,53.8787458150248,0,24589.150390625,22270.849609375,-2.3634423369364277,7.800108307918974,1
2025-05-12,24924.69921875,24924.69921875,24944.80078125,24378.849609375,24420.099609375,368700,,,24589.150390625,23935.75,,Bullish,Bullish_BOS,24071.20261232572,23648.06784348063,23495.588801246446,1,1,1,3,67.69893245502726,1,24944.80078125,22353.25,-0.08058417734532197,11.503692835493728,1
2025-05-13,24578.349609375,24578.349609375,24973.80078125,24547.5,24864.05078125,423000,,,24589.150390625,23935.75,,Bullish,,24119.50232633041,23684.54948135884,23506.36254063081,1,1,1,3,60.34187534711952,1,24973.80078125,22695.400390625,-1.5834641084023549,8.296611587992997,1
2025-05-14,24666.900390625,24666.900390625,24767.55078125,24535.55078125,24613.80078125,345500,,,24589.150390625,23935.75,,Bullish,Bullish_BOS,24171.635475310846,23723.0730464281,23517.91018092926,1,1,1,3,61.49403508815213,1,24973.80078125,23207.0,-1.2288894001886042,6.290776018550437,1
2025-05-15,25062.099609375,25062.099609375,25116.25,24494.44921875,24694.44921875,500800,25116.25,,24589.150390625,23935.75,HH,Bullish,Bullish_BOS,24256.441583316955,23775.583892033865,23533.275249869017,1,1,1,3,66.21196820845032,1,25116.25,23273.05078125,-0.21559902702433797,7.687212325280335,1
2025-05-16,25019.80078125,25019.80078125,25070.0,24953.05078125,25064.650390625,432700,,,25116.25,23935.75,,Bullish,,24329.142459310577,23824.37671121881,23548.06654868873,1,1,1,3,65.28989232498522,1,25116.25,23298.55078125,-0.3840112228139181,7.387798563785397,1
2025-05-19,24945.44921875,24945.44921875,25062.94921875,24916.650390625,25005.349609375,255300,,,25116.25,23935.75,,Bullish,,24387.83834116195,23868.340338965132,23561.97085386347,1,1,1,3,63.612934865248775,1,25116.25,23847.849609375,-0.6800409346538583,4.602509774900265,1
2025-05-20,24683.900390625,24683.900390625,25010.349609375,24669.69921875,24996.19921875,414800,,,25116.25,23935.75,,Bullish,,24416.0347268251,23900.32308608905,23573.134331841196,1,1,1,3,57.972110625960745,1,25116.25,23847.849609375,-1.7213939556064317,3.5057701006355524,1
2025-05-21,24813.44921875,24813.44921875,24946.19921875,24685.349609375,24744.25,332700,,,25116.25,23935.75,,Bullish,,24453.88372605604,23936.131954036537,23585.47577350198,1,1,1,3,59.870253692862256,1,25116.25,23847.849609375,-1.2055970984920172,4.049000749297771,1
2025-05-22,24609.69921875,24609.69921875,24737.5,24462.400390625,24733.94921875,403300,,24462.400390625,25116.25,23935.75,HL,Bullish,,24468.723296788798,23962.54635657432,23595.667051564153,1,1,1,3,55.61584948411546,1,25116.25,23847.849609375,-2.016824889264923,3.1946260222787792,1
2025-05-23,24853.150390625,24853.150390625,24909.05078125,24614.05078125,24639.5,270500,,,25116.25,24462.400390625,,Bullish,,24505.335400963675,23997.472004968466,23608.17932359461,1,1,1,3,59.33424377417408,1,25116.25,23847.849609375,-1.0475274349275865,4.215477695962999,1
2025-05-26,25001.150390625,25001.150390625,25079.19921875,24900.5,24919.349609375,302800,25079.19921875,,25116.25,24462.400390625,LH,Bearish,,24552.555876169517,24036.83194166088,23622.03973222178,1,1,1,3,61.44871101091153,1,25116.25,23935.75,-0.45826749365450725,4.4510842176451515,1
2025-05-27,24826.19921875,24826.19921875,25062.900390625,24704.099609375,24956.650390625,525700,,,25079.19921875,24462.400390625,,Bearish,,24578.617146891465,24067.78752115457,23634.0214186549,1,1,1,3,57.63376066380722,1,25116.25,23935.75,-1.1548331508485554,3.7201642678838187,1
2025-05-28,24752.44921875,24752.44921875,24864.25,24737.05078125,24832.5,684400,,,25079.19921875,24462.400390625,,Bearish,,24595.172582306564,24094.636999491646,23645.150053481713,1,1,1,3,56.05392471943381,1,25116.25,23935.75,-1.4484677499626786,3.4120477476160094,1
2025-05-29,24833.599609375,24833.599609375,24892.599609375,24677.30078125,24825.099609375,345400,,,25079.19921875,24462.400390625,,Bearish,,24617.879918217845,24123.615925369424,23656.97542219707,1,1,1,3,57.43649028891688,1,25116.25,23935.75,-1.125368598516896,3.7510819981617427,1
2025-05-30,24750.69921875,24750.69921875,24863.94921875,24717.400390625,24812.599609375,853900,,,25079.19921875,24462.400390625,,Bearish,,24630.529375411385,24148.207427070625,23667.858246043368,1,1,1,3,55.51504944363494,1,25116.25,23935.75,-1.455435350619616,3.4047365081520287,1
2025-06-02,24716.599609375,24716.599609375,24754.400390625,24526.150390625,24669.69921875,311100,,,25079.19921875,24462.400390625,,Bearish,,24638.726540550775,24170.49731657276,23678.293483489455,1,1,1,3,54.70438932267897,0,25116.25,23935.75,-1.5912024710098005,3.2622734168555434,1
2025-06-03,24542.5,24542.5,24845.099609375,24502.150390625,24786.30078125,349300,,24502.150390625,25079.19921875,24462.400390625,HL,Bullish,,24629.562108117367,24185.08565709932,23686.89255330548,-1,1,1,1,50.6386175612061,0,25116.25,23935.75,-2.284377643955604,2.5349111684405123,1
2025-06-04,24620.19921875,24620.19921875,24644.25,24530.44921875,24560.44921875,280900,,,25079.19921875,24502.150390625,,Bullish,,24628.670404368095,24202.148934026798,23696.179186792488,-1,1,1,1,52.341046002107596,0,25116.25,23935.75,-1.975019285323243,2.8595269366951115,1
2025-06-05,24750.900390625,24750.900390625,24899.849609375,24613.099609375,24691.19921875,388400,,,25079.19921875,24502.150390625,,Bullish,,24640.31135544018,24223.668598991433,23706.673925139083,1,1,1,3,55.14359691077222,1,25116.25,23935.75,-1.4546343875976753,3.4055769742957764,1
2025-06-06,25003.05078125,25003.05078125,25029.5,24671.44921875,24748.69921875,335600,,,25079.19921875,24502.150390625,,Bullish,,24674.857967422067,24254.232606138827,23719.573197339192,1,1,1,3,60.02718057973716,1,25116.25,24378.849609375,-0.45070111481610997,2.5604209463393257,1
2025-06-09,25103.19921875,25103.19921875,25160.099609375,25077.150390625,25160.099609375,279200,,,25079.19921875,24502.150390625,,Bullish,Bullish_BOS,24715.652372310444,24287.52541447652,23733.340620437808,1,1,1,3,61.80579135541008,1,25160.099609375,24462.400390625,-0.2261532804258004,2.6195255489750657,1
2025-06-10,25104.25,25104.25,25199.30078125,25055.44921875,25196.05078125,307300,,,25079.19921875,24502.150390625,,Bullish,Bullish_BOS,24752.66167018564,24319.55382959509,23746.98150978669,1,1,1,3,61.82498459031922,1,25199.30078125,24462.400390625,-0.37719610585673635,2.623821044238084,1
2025-06-11,25141.400390625,25141.400390625,25222.400390625,25081.30078125,25134.150390625,301200,25222.400390625,,25079.19921875,24502.150390625,HH,Bullish,Bullish_BOS,24789.684405465578,24351.783106498224,23760.8563245214,1,1,1,3,62.54168014306887,1,25222.400390625,24462.400390625,-0.3211431059119474,2.775688359104045,1
2025-06-12,24888.19921875,24888.19921875,25196.19921875,24825.900390625,25164.44921875,328300,,,25222.400390625,24502.150390625,,Bullish,,24799.066768635523,24372.819032468884,23772.07366675253,1,1,1,3,54.96730297548737,0,25222.400390625,24462.400390625,-1.3250173127820952,1.7406257003633296,1
2025-06-13,24718.599609375,24718.599609375,24754.349609375,24473.0,24473.0,318700,,24473.0,25222.400390625,24502.150390625,LL,Bearish,,24791.403229658332,24386.379055092657,23781.49183533584,-1,1,1,1,50.551073937068594,0,25222.400390625,24462.400390625,-1.9974339216233372,1.047318393366603,1
2025-06-16,24946.5,24946.5,24967.099609375,24703.599609375,24732.349609375,305800,,,25222.400390625,24473.0,,Bearish,,24806.17435064325,24408.344582343925,23793.083956377275,1,1,1,3,55.70147800480522,1,25222.400390625,24462.400390625,-1.093870473674463,1.978953829733432,1
2025-06-17,24853.400390625,24853.400390625,24982.05078125,24813.69921875,24977.849609375,242400,,,25222.400390625,24473.0,,Bearish,,24810.67206873675,24425.797751296122,23803.63436865835,1,1,1,3,53.260965990923815,0,25222.400390625,24462.400390625,-1.4629852602655369,1.5983713525915766,1
2025-06-18,24812.05078125,24812.05078125,24947.55078125,24750.44921875,24788.349609375,237600,,,25222.400390625,24473.0,,Bearish,,24810.80337469039,24440.944928941375,23813.668362813492,1,1,1,3,52.167704147410134,0,25222.400390625,24462.400390625,-1.6269252847461946,1.429338025057425,1
2025-06-19,24793.25,24793.25,24863.099609375,24733.400390625,24803.25,274600,,,25222.400390625,24473.0,,Bearish,,24809.131624719877,24454.760814080928,23823.415443780526,-1,1,1,1,51.64859008825798,0,25222.400390625,24473.0,-1.7014653006004576,1.30858497119275,1
2025-06-20,25112.400390625,25112.400390625,25136.19921875,24783.650390625,24787.650390625,574700,,,25222.400390625,24473.0,,Bearish,,24838.014364329887,24480.550601396382,23836.241164644653,1,1,1,3,59.09057245226435,1,25222.400390625,24473.0,-0.4361202672878317,2.6126767892166836,1
2025-06-23,24971.900390625,24971.900390625,25057.0,24824.849609375,24939.75,248500,,,25222.400390625,24473.0,,Bearish,,24850.76541445323,24499.81922058182,23847.541256445453,1,1,1,3,55.071964062988286,1,25222.400390625,24473.0,-0.993164790505463,2.0385747175458713,1
2025-06-24,25044.349609375,25044.349609375,25317.69921875,24999.69921875,25179.900390625,450200,,,25222.400390625,24473.0,,Bearish,,24869.202004445782,24521.17335347567,23859.449797270623,1,1,1,3,56.7069634822824,1,25317.69921875,24473.0,-1.0796779241794674,2.334612059718877,1
2025-06-25,25244.75,25244.75,25266.80078125,25125.05078125,25150.349609375,260600,,,25222.400390625,24473.0,,Bearish,Bullish_BOS,24904.96848021285,24549.54890824133,23873.233878889823,1,1,1,3,60.941142761338696,1,25317.69921875,24473.0,-0.2881352611060928,3.1534752584480907,1
2025-06-26,25549.0,25549.0,25565.30078125,25259.900390625,25268.94921875,428900,,,25222.400390625,24473.0,,Bearish,Bullish_BOS,24966.304815430674,24588.743068702453,23889.908168652113,1,1,1,3,66.32587616044496,1,25565.30078125,24473.0,-0.06376135133115968,4.3966820577779675,1
2025-06-27,25637.80078125,25637.80078125,25654.19921875,25523.55078125,25576.650390625,564000,,,25222.400390625,24473.0,,Bearish,Bullish_BOS,25030.256812175372,24629.882586841573,23907.30013494662,1,1,1,3,67.72446175241916,1,25654.19921875,24473.0,-0.0639210655541178,4.759534103910434,1
2025-06-30,25517.05078125,25517.05078125,25669.349609375,25473.30078125,25661.650390625,271000,25669.349609375,,25222.400390625,24473.0,HH,Bullish,Bullish_BOS,25076.61814256343,24664.673496426218,23923.317554312824,1,1,1,3,63.84160323498923,1,25669.349609375,24473.0,-0.5933100387918611,4.26613321313285,1
2025-07-01,25541.80078125,25541.80078125,25593.400390625,25501.80078125,25551.349609375,260700,,,25669.349609375,24473.0,,Bullish,,25120.92125100977,24699.07064485068,23939.42186502862,1,1,1,3,64.29348643788433,1,25669.349609375,24473.0,-0.4968915460110357,4.367265072733217,1
2025-07-02,25453.400390625,25453.400390625,25608.099609375,25378.75,25588.30078125,309800,,,25669.349609375,24473.0,,Bullish,,25152.585930973128,24728.652203508496,23954.48632796988,1,1,1,3,61.34460656020463,1,25669.349609375,24473.0,-0.8412726541039084,4.006049077044094,1
2025-07-03,25405.30078125,25405.30078125,25587.5,25384.349609375,25505.099609375,293400,,,25669.349609375,24473.0,,Bullish,,25176.654011951876,24755.187441851303,23968.922292679137,1,1,1,3,59.73906851786323,1,25669.349609375,24473.0,-1.0286541425598261,3.8095075440281123,1
2025-07-04,25461.0,25461.0,25470.25,25331.650390625,25428.849609375,193500,,,25669.349609375,24473.0,,Bullish,,25203.73458224217,24782.866365700273,23983.76883703059,1,1,1,3,61.0116094494705,1,25669.349609375,24473.0,-0.81166688110752,4.037102112532187,1
2025-07-07,25461.30078125,25461.30078125,25489.80078125,25407.25,25450.44921875,196100,,,25669.349609375,24473.0,,Bullish,,25228.264696433394,24809.4716368983,23998.470647420836,1,1,1,3,61.01877467340441,1,25669.349609375,24473.0,-0.8104951285910933,4.038331145548146,1
2025-07-08,25522.5,25522.5,25548.05078125,25424.150390625,25427.849609375,210400,,,25669.349609375,24473.0,,Bullish,,25256.28710629688,24837.433533490523,24013.635118590777,1,1,1,3,62.52775632585916,1,25669.349609375,24473.0,-0.5720815354097186,4.288399460630088,1
2025-07-09,25476.099609375,25476.099609375,25548.69921875,25424.349609375,25514.599609375,239100,,,25669.349609375,24473.0,,Bullish,,25277.22163039956,24862.47926195658,24028.18700407122,1,1,1,3,60.61196895138957,1,25669.349609375,24473.0,-0.7528433830260362,4.09880116608099,1
2025-07-10,25355.25,25355.25,25524.05078125,25340.44921875,25511.650390625,219600,,,25669.349609375,24473.0,,Bullish,,25284.652903694838,24881.80360462495,24041.39161099589,1,1,1,3,55.81533787047571,1,25669.349609375,24473.0,-1.2236368048074153,3.6049932578760213,1
2025-07-11,25149.849609375,25149.849609375,25322.44921875,25129.0,25255.5,250000,,,25669.349609375,24473.0,,Bullish,,25271.814494711994,24892.315212654365,24052.42104381558,-1,1,1,1,48.75340513349062,0,25669.349609375,24703.599609375,-2.023814424227821,1.8064169070755476,1
2025-07-14,25082.30078125,25082.30078125,25151.099609375,25001.94921875,25149.5,259500,,,25669.349609375,24473.0,,Bullish,,25253.765569620376,24899.765627109096,24062.66860339204,-1,1,1,1,46.66247728261689,0,25669.349609375,24733.400390625,-2.28696416955807,1.4106446550602447,1
2025-07-15,25195.80078125,25195.80078125,25245.19921875,25088.44921875,25089.5,241300,,,25669.349609375,24473.0,,Bullish,,25248.245113585104,24911.374848840114,24073.943550435408,-1,1,1,1,50.503700541232284,0,25669.349609375,24733.400390625,-1.8448025966035786,1.869538289608852,1
2025-07-16,25212.05078125,25212.05078125,25255.30078125,25121.05078125,25196.599609375,228800,,,25669.349609375,24473.0,,Bullish,,25244.798034315096,24923.166061875796,24085.268000493266,-1,1,1,1,51.04727094755348,0,25669.349609375,24733.400390625,-1.7814975255858623,1.9352389201058973,1
2025-07-17,25111.44921875,25111.44921875,25238.349609375,25101.0,25230.75,243400,,,25669.349609375,24473.0,,Bullish,,25232.09814711842,24930.54971508655,24095.47875888388,-1,1,1,1,47.564670806663734,0,25669.349609375,24783.650390625,-2.173410698420042,1.3226414307756507,1
2025-07-18,24968.400390625,24968.400390625,25144.599609375,24918.650390625,25108.55078125,317000,,,25669.349609375,24473.0,,Bullish,,25206.98407507143,24932.034055303742,24104.16454626439,-1,1,1,1,43.06557167403083,-1,25669.349609375,24824.849609375,-2.730685542940281,0.5782543842512977,1
2025-07-21,25090.69921875,25090.69921875,25111.400390625,24882.30078125,24999.0,305200,,,25669.349609375,24473.0,,Bullish,,25195.90932685034,24938.256218576145,24113.98081166226,-1,1,1,1,47.62671342785274,0,25669.349609375,24882.30078125,-2.2542464044888133,0.8375368473040767,1
2025-07-22,25060.900390625,25060.900390625,25182.0,25035.55078125,25166.650390625,483700,,,25669.349609375,24473.0,,Bullish,,25183.05133292412,24943.06579395061,24123.402897025073,-1,1,1,1,46.64614935509851,0,25669.349609375,24882.30078125,-2.3703336002240616,0.7177777125400908,1
2025-07-23,25219.900390625,25219.900390625,25233.5,25085.5,25139.349609375,271500,,,25669.349609375,24473.0,,Bullish,,25186.560766990868,24953.922052643724,24134.313319846962,1,1,1,3,52.290486816458596,0,25669.349609375,24882.30078125,-1.7509178284199733,1.356786144267641,1
2025-07-24,25062.099609375,25062.099609375,25246.25,25018.69921875,25243.30078125,338700,25246.25,,25669.349609375,24473.0,LH,Bearish,,25174.707323408406,24958.164309770444,24143.545024220377,-1,1,1,1,46.97865309389378,0,25669.349609375,24882.30078125,-2.3656618077234737,0.722597277903203,1
2025-07-25,24837.0,24837.0,25010.349609375,24806.349609375,25010.349609375,278100,,,25246.25,24473.0,,Bearish,,25142.544721179034,24953.41276821082,24150.445073730625,-1,1,1,1,40.63711089796766,-1,25669.349609375,24806.349609375,-3.2425816081877223,0.1235586497314145,0
2025-07-28,24680.900390625,24680.900390625,24889.19921875,24646.599609375,24782.44921875,262100,,,25246.25,24473.0,,Bearish,,25098.578594459603,24942.726008305493,24155.723236087782,-1,1,1,1,36.915625531516795,-1,25608.099609375,24646.599609375,-3.6207263830329572,0.13917044052176308,0
2025-07-29,24821.099609375,24821.099609375,24847.150390625,24598.599609375,24609.650390625,284700,,,25246.25,24473.0,,Bearish,,25072.152024451545,24937.95634560234,24162.3438965185,-1,1,1,1,42.04878219312465,-1,25608.099609375,24598.599609375,-3.0732464025244655,0.9045230359991718,0
2025-07-30,24855.05078125,24855.05078125,24902.30078125,24771.94921875,24890.400390625,243900,,,25246.25,24473.0,,Bearish,,25051.47571557521,24934.705147000288,24169.236502336727,-1,1,1,1,43.252984900841085,-1,25587.5,24598.599609375,-2.8625274792379085,1.0425437868311072,1
2025-07-31,24768.349609375,24768.349609375,24956.5,24635.0,24642.25,346300,,,25246.25,24473.0,,Bearish,,25024.511324508523,24928.181400426747,24175.19782678487,-1,1,1,1,40.91483312731572,-1,25548.69921875,24598.599609375,-3.054361408749562,0.6900799342061115,0
2025-08-01,24565.349609375,24565.349609375,24784.150390625,24535.05078125,24734.900390625,263400,,,25246.25,24473.0,,Bearish,,24980.78163735295,24913.952702738443,24179.07993407433,-1,1,1,1,36.00690532484156,-1,25548.69921875,24535.05078125,-3.848922408751543,0.12349201310051239,0
2025-08-04,24722.75,24722.75,24736.25,24554.0,24596.05078125,259300,,,25246.25,24473.0,,Bearish,,24956.207195700288,24906.454557533012,24184.489586471598,-1,1,1,1,41.83313364666909,-1,25548.69921875,24535.05078125,-3.2328425477874845,0.7650247819883882,0
2025-08-05,24649.55078125,24649.55078125,24733.099609375,24590.30078125,24720.25,251800,,,25246.25,24473.0,,Bearish,,24927.0018228955,24896.37989963956,24189.11706104651,-1,1,1,1,40.00883628523377,-1,25548.69921875,24535.05078125,-3.5193511411341083,0.46667928679202664,0
2025-08-06,24574.19921875,24574.19921875,24671.400390625,24539.19921875,24641.349609375,225100,,,25246.25,24473.0,,Bearish,,24893.401574881642,24883.745363134087,24192.94872430724,-1,1,1,1,38.16383067098533,-1,25524.05078125,24535.05078125,-3.7213981849533173,0.15956126542813198,0
2025-08-07,24596.150390625,24596.150390625,24634.19921875,24344.150390625,24464.19921875,616700,,,25246.25,24473.0,,Bearish,,24865.09193828577,24872.467128918044,24196.960681186025,-1,-1,1,-1,39.045684014607296,-1,25322.44921875,24344.150390625,-2.8682013412320795,1.0351562735048114,1
2025-08-08,24363.30078125,24363.30078125,24585.5,24337.5,24544.25,312600,,24337.5,25246.25,24473.0,LL,Bearish,Bearish_BOS,24817.302304282362,24852.49982116636,24198.6158065598,-1,-1,1,-1,33.575750972947816,-1,25255.30078125,24337.5,-3.5319318020644475,0.10601245505905688,0
2025-08-11,24585.05078125,24585.05078125,24600.849609375,24347.44921875,24371.5,241100,,,25246.25,24337.5,,Bearish,,24795.183111612612,24842.01162352258,24202.46093068607,-1,-1,1,-1,41.92035488205784,-1,25255.30078125,24337.5,-2.6538983075489853,1.017157806882385,1
2025-08-12,24487.400390625,24487.400390625,24702.599609375,24465.650390625,24563.349609375,237000,,,25246.25,24337.5,,Bearish,,24765.870471518552,24828.105300663854,24205.296149192927,-1,-1,1,-1,39.56331573504213,-1,25255.30078125,24337.5,-3.0405513570248344,0.6159235362095616,0
2025-08-13,24619.349609375,24619.349609375,24664.55078125,24535.25,24586.19921875,236000,,,25246.25,24337.5,,Bearish,,24751.916103695356,24819.918802966255,24209.416084120112,-1,-1,1,-1,44.134250238544794,-1,25246.25,24337.5,-2.483142607813038,1.1580877632254793,1
2025-08-14,24631.30078125,24631.30078125,24673.650390625,24596.900390625,24607.25,270200,,,25246.25,24337.5,,Bearish,,24740.42893012913,24812.52201780091,24213.613941802996,-1,-1,1,-1,44.54336601487869,-1,25246.25,24337.5,-2.4358042035945937,1.2071937596302096,1
2025-08-18,24876.94921875,24876.94921875,25022.0,24852.849609375,24938.19921875,363100,,,25246.25,24337.5,,Bearish,,24753.430862378736,24815.04857470088,24220.214292817396,1,-1,1,1,52.27903702577672,0,25246.25,24337.5,-1.4627945982076507,2.216535053929114,1
2025-08-19,24980.650390625,24980.650390625,25012.650390625,24873.94921875,24891.349609375,252300,,,25246.25,24337.5,,Bearish,,24775.07081744981,24821.54276356065,24227.780821153792,1,-1,1,1,55.124840049693425,1,25246.25,24337.5,-1.0520358840421795,2.642631291730857,1
2025-08-20,25050.55078125,25050.55078125,25088.69921875,24929.69921875,24965.80078125,287100,,,25246.25,24337.5,,Bearish,,24801.3070044784,24830.5234701367,24235.967586925894,1,-1,1,1,56.986831551326105,1,25246.25,24337.5,-0.7751615338911666,2.929843990754999,1
2025-08-21,25083.75,25083.75,25153.650390625,25054.900390625,25142.0,226500,25153.650390625,,25246.25,24337.5,LH,Bearish,,24828.20633738522,24840.4539222882,24244.403232827128,1,-1,1,1,57.88072452069734,1,25246.25,24337.5,-0.6436599494974549,3.066255778120186,1
2025-08-22,24870.099609375,24870.099609375,25084.849609375,24859.150390625,25064.150390625,210200,,,25153.650390625,24337.5,,Bearish,,24832.19617281282,24841.61649825239,24250.629067419646,1,-1,1,1,50.59383482021025,0,25153.650390625,24337.5,-1.1272748759984408,2.188390793528505,1
2025-08-25,24967.75,24967.75,25021.55078125,24894.349609375,24949.150390625,213000,,,25153.650390625,24337.5,,Bearish,,24845.106061116363,24846.56291008563,24257.764599087113,1,-1,1,1,53.476758720416846,0,25153.650390625,24337.5,-0.739059292540245,2.5896250642013285,1
2025-08-26,24712.05078125,24712.05078125,24919.650390625,24689.599609375,24899.5,750500,,,25153.650390625,24337.5,,Bearish,,24832.43412970052,24841.2879246411,24262.28485960615,-1,-1,1,-1,45.92062070464328,0,25153.650390625,24337.5,-1.7556084405927375,1.5389862609142213,1
2025-08-28,24500.900390625,24500.900390625,24702.650390625,24481.599609375,24695.80078125,326600,,,25153.650390625,24337.5,,Bearish,,24800.8594878838,24827.939393895373,24264.659143496883,-1,-1,1,-1,40.79455491107537,-1,25153.650390625,24337.5,-2.5950507773745857,0.6713934899845952,1
2025-08-29,24426.849609375,24426.849609375,24572.44921875,24404.69921875,24466.69921875,325500,,24404.69921875,25153.650390625,24337.5,HL,Bullish,,24765.239499454394,24812.21038273771,24266.27297897826,-1,-1,1,-1,39.14424033865326,-1,25153.650390625,24337.5,-2.8894445536258417,0.3671273112480833,1
2025-09-01,24625.05078125,24625.05078125,24635.599609375,24432.69921875,24432.69921875,229300,,,25153.650390625,24404.69921875,,Bullish,,24751.888192958737,24804.87079052251,24269.842907359074,-1,-1,1,-1,45.49940798875656,0,25153.650390625,24337.5,-2.1014826920390584,1.1815132254750838,1
2025-09-02,24579.599609375,24579.599609375,24756.099609375,24522.349609375,24653.0,271600,,,25153.650390625,24404.69921875,,Bullish,,24735.479756426954,24796.036626555942,24272.92506359804,-1,-1,1,-1,44.35548649233296,-1,25153.650390625,24337.5,-2.2821768305404833,0.9947595659989705,1
2025-09-03,24715.05078125,24715.05078125,24737.05078125,24533.19921875,24616.5,340300,,,25153.650390625,24404.69921875,,Bullish,,24733.53413974343,24792.86071105375,24277.3243244702,-1,-1,1,-1,48.51013770913215,0,25153.650390625,24337.5,-1.7436817422670003,1.5513129173086782,1
2025-09-04,24734.30078125,24734.30078125,24980.75,24708.19921875,24980.75,314100,,,25153.650390625,24404.69921875,,Bullish,,24733.607153220248,24790.56424321831,24281.871353890896,1,-1,1,1,49.09188171325081,0,25153.650390625,24337.5,-1.6671520946768603,1.6304089625064133,1
2025-09-05,24741.0,24741.0,24832.349609375,24621.599609375,24818.849609375,210100,,,25153.650390625,24404.69921875,,Bullish,,24734.311233865938,24788.620547405826,24286.43979813079,1,-1,1,1,49.30653634290071,0,25153.650390625,24337.5,-1.6405189076604154,1.6579352850539353,1
2025-09-08,24773.150390625,24773.150390625,24885.5,24751.55078125,24802.599609375,213200,,,25153.650390625,24404.69921875,,Bullish,,24738.010201176323,24788.01387459089,24291.282689598396,1,-1,1,1,50.38769492255239,0,25153.650390625,24337.5,-1.5127029043141005,1.7900375577811989,1
2025-09-09,24868.599609375,24868.599609375,24891.80078125,24814.0,24864.099609375,226900,,,25153.650390625,24404.69921875,,Bullish,,24750.447287671435,24791.174099484386,24297.027136561348,1,-1,1,1,53.554708558654085,0,25153.650390625,24347.44921875,-1.133238225161315,2.140472235685631,1
2025-09-10,24973.099609375,24973.099609375,25035.69921875,24915.05078125,24991.0,244100,,,25153.650390625,24404.69921875,,Bullish,,24771.65227069082,24798.308433205584,24303.754225843077,1,-1,1,1,56.80569817314366,1,25153.650390625,24404.69921875,-0.7177915668148627,2.329061241567376,1
2025-09-11,25005.5,25005.5,25037.30078125,24940.150390625,24945.5,224600,,,25153.650390625,24404.69921875,,Bullish,,24793.923483005983,24806.433592687717,24310.736770859563,1,-1,1,1,57.79217192425278,1,25153.650390625,24404.69921875,-0.5889816719414132,2.4618241588013845,1
2025-09-12,25114.0,25114.0,25139.44921875,25038.05078125,25074.44921875,225700,,,25153.650390625,24404.69921875,,Bullish,,24824.406960814937,24818.495020425453,24318.729439806237,1,1,1,3,61.00393865631343,1,25153.650390625,24404.69921875,-0.15763274916065217,2.9064106666188527,1
2025-09-15,25069.19921875,25069.19921875,25138.44921875,25048.75,25118.900390625,185400,,,25153.650390625,24404.69921875,,Bullish,,24847.720509189705,24828.32655761465,24326.196800790756,1,1,1,3,59.007309823263896,1,25153.650390625,24404.69921875,-0.3357412167359852,2.722836262163275,1
2025-09-16,25239.099609375,25239.099609375,25261.400390625,25070.44921875,25073.599609375,240100,,,25153.650390625,24404.69921875,,Bullish,Bullish_BOS,24884.994709207353,24844.43530474251,24335.28041082642,1,1,1,3,63.84071075378266,1,25261.400390625,24404.69921875,-0.08828006723758941,3.419015260732805,1
2025-09-17,25330.25,25330.25,25346.5,25275.349609375,25276.599609375,268900,,,25153.650390625,24404.69921875,,Bullish,Bullish_BOS,24927.39997499713,24863.486861419275,24345.18060574357,1,1,1,3,66.14689374967335,1,25346.5,24404.69921875,-0.06411141577732371,3.7925105036283435,1
2025-09-18,25423.599609375,25423.599609375,25448.94921875,25329.75,25441.05078125,272200,25448.94921875,,25153.650390625,24404.69921875,HH,Bullish,Bullish_BOS,24974.65708303312,24885.45206722146,24355.911143093137,1,1,1,3,68.37168175556903,1,25448.94921875,24404.69921875,-0.09960965050895831,4.175017202597542,1
2025-09-19,25327.05078125,25327.05078125,25428.75,25286.30078125,25410.19921875,380400,,,25448.94921875,24404.69921875,,Bullish,,25008.218387625206,24902.76966385003,24365.574224069824,1,1,1,3,63.708256549619215,1,25448.94921875,24404.69921875,-0.47899202616267234,3.7794014760540895,1
2025-09-22,25202.349609375,25202.349609375,25331.69921875,25151.05078125,25238.099609375,254500,,,25448.94921875,24404.69921875,,Bullish,,25026.7070754109,24914.517897007874,24373.90034730669,1,1,1,3,58.18787074992008,1,25448.94921875,24404.69921875,-0.9689972157801874,3.268429508084947,1
2025-09-23,25169.5,25169.5,25261.900390625,25084.650390625,25209.0,299200,,,25448.94921875,24404.69921875,,Bullish,,25040.306401562244,24924.51719516443,24381.816761761354,1,1,1,3,56.79181169085924,1,25448.94921875,24404.69921875,-1.0980776312135898,3.133825884903385,1
2025-09-24,25056.900390625,25056.900390625,25149.849609375,25027.44921875,25108.75,244400,,,25448.94921875,24404.69921875,,Bullish,,25041.886781472982,24929.70869302563,24388.5340117998,1,1,1,3,52.17125828213856,0,25448.94921875,24404.69921875,-1.5405305136769631,2.6724409345472155,1
2025-09-25,24890.849609375,24890.849609375,25092.69921875,24878.30078125,25034.5,342500,,,25448.94921875,24404.69921875,,Bullish,,25027.502288892225,24928.184807392274,24393.5321769498,-1,1,1,1,46.20154475689294,0,25448.94921875,24404.69921875,-2.1930163189755936,1.9920359856412162,1
2025-09-26,24654.69921875,24654.69921875,24868.599609375,24629.44921875,24818.55078125,291500,,,25448.94921875,24404.69921875,,Bullish,,24991.997234592964,24917.45988234748,24396.130853982642,-1,1,1,1,39.31214549350087,-1,25448.94921875,24432.69921875,-3.120954005499066,0.9086183970604234,0
2025-09-29,24634.900390625,24634.900390625,24791.30078125,24606.19921875,24728.55078125,394400,,,25448.94921875,24404.69921875,,Bullish,,24957.98801135792,24906.379117966208,24398.506670267645,-1,1,1,1,38.789894877388086,-1,25448.94921875,24522.349609375,-3.198752220092582,0.4589722560964127,0
2025-09-30,24611.099609375,24611.099609375,24731.80078125,24587.69921875,24691.94921875,303000,,24587.69921875,25448.94921875,24404.69921875,HL,Bullish,,24924.95102069288,24894.799529394004,24400.62202289558,-1,1,1,1,38.13404936736562,-1,25448.94921875,24533.19921875,-3.292275850657511,0.31753050195533206,0
2025-10-01,24836.30078125,24836.30078125,24867.94921875,24605.94921875,24620.55078125,308900,,,25448.94921875,24587.69921875,,Bullish,,24916.50814074594,24892.50546083934,24404.95713491901,-1,1,1,1,47.226178718824734,0,25448.94921875,24587.69921875,-2.407362411052394,1.0110810299420958,1
2025-10-03,24894.25,24894.25,24904.80078125,24747.55078125,24759.55078125,365900,,,25448.94921875,24587.69921875,,Bullish,,24914.388317817757,24892.57387413976,24409.825720641205,-1,1,1,1,49.29135689589164,0,25448.94921875,24587.69921875,-2.1796547039408365,1.2467648091946337,1
2025-10-06,25077.650390625,25077.650390625,25095.94921875,24881.650390625,24916.55078125,268800,,,25448.94921875,24587.69921875,,Bullish,,24929.93708665654,24899.831776747025,24416.470742233087,1,1,1,3,55.25874763461642,1,25448.94921875,24587.69921875,-1.4589947307193318,1.9926678275833831,1
2025-10-07,25108.30078125,25108.30078125,25220.900390625,25076.30078125,25085.30078125,288000,,,25448.94921875,24587.69921875,,Bullish,,24946.92410518925,24908.00703182557,24423.354623218333,1,1,1,3,56.1867067151653,1,25448.94921875,24587.69921875,-1.338556003125746,2.117325244091983,1
2025-10-08,25046.150390625,25046.150390625,25192.5,25008.5,25079.75,227400,,,25448.94921875,24587.69921875,,Bullish,,24956.3742276117,24913.424418445156,24429.551596028352,1,1,1,3,53.75220810365313,0,25448.94921875,24587.69921875,-1.582771943402006,1.8645549866064481,1
2025-10-09,25181.80078125,25181.80078125,25199.25,25024.30078125,25074.30078125,286300,,,25448.94921875,24587.69921875,,Bullish,,24977.8434231963,24923.948981692407,24437.03666254797,1,1,1,3,58.02693619124629,1,25448.94921875,24587.69921875,-1.049742506866147,2.4162552063714537,1
2025-10-10,25285.349609375,25285.349609375,25330.75,25156.849609375,25167.650390625,232900,,,25448.94921875,24587.69921875,,Bullish,,25007.12972664189,24938.12155532702,24445.47758739202,1,1,1,3,60.99102273468494,1,25448.94921875,24587.69921875,-0.6428540839496177,2.837395985765867,1
2025-10-13,25227.349609375,25227.349609375,25267.30078125,25152.30078125,25177.30078125,234300,,,25448.94921875,24587.69921875,,Bullish,,25028.103048806952,24949.463831956353,24453.25740850628,1,1,1,3,58.49908729206813,1,25448.94921875,24587.69921875,-0.8707613326986885,2.6015056753956767,1
2025-10-14,25145.5,25145.5,25310.349609375,25060.55078125,25277.55078125,292100,,,25448.94921875,24587.69921875,,Bullish,,25039.283710825337,24957.15152482081,24460.145394491294,1,1,1,3,55.079051695103004,1,25448.94921875,24587.69921875,-1.192384078971831,2.2686172312724295,1
2025-10-15,25323.55078125,25323.55078125,25365.150390625,25159.349609375,25181.94921875,289900,,,25448.94921875,24587.69921875,,Bullish,,25066.356765151493,24971.52012311215,24468.736492867003,1,1,1,3,60.4902973842534,1,25448.94921875,24587.69921875,-0.4927450497940855,2.9927629907675835,1
2025-10-16,25585.30078125,25585.30078125,25625.400390625,25376.849609375,25394.900390625,372800,,,25448.94921875,24587.69921875,,Bullish,Bullish_BOS,25115.78000477992,24995.58995284305,24479.846585288728,1,1,1,3,66.81839556675563,1,25625.400390625,24587.69921875,-0.15648383542787858,4.057319693171024,1
2025-10-17,25709.849609375,25709.849609375,25781.5,25508.599609375,25546.849609375,422100,,,25448.94921875,24587.69921875,,Bullish,Bullish_BOS,25172.358062360407,25023.600135452143,24492.08542134929,1,1,1,3,69.33518796509603,1,25781.5,24587.69921875,-0.27791397174330434,4.5638690332167275,1
2025-10-20,25843.150390625,25843.150390625,25926.19921875,25788.5,25824.599609375,301100,,,25448.94921875,24587.69921875,,Bullish,Bullish_BOS,25236.243046004656,25055.7393611452,24505.528853879398,1,1,1,3,71.80048567853984,1,25926.19921875,24587.69921875,-0.3203278175265223,5.106013217038319,1
2025-10-21,25868.599609375,25868.599609375,25934.349609375,25825.80078125,25901.19921875,42500,,,25448.94921875,24587.69921875,,Bullish,Bullish_BOS,25296.467480611354,25087.6162336248,24519.09174696891,1,1,1,3,72.25902567129566,1,25934.349609375,24587.69921875,-0.25352476923590217,5.209517080997217,1
2025-10-23,25891.400390625,25891.400390625,26104.19921875,25862.44921875,26057.19921875,448400,26104.19921875,,25448.94921875,24587.69921875,HH,Bullish,Bullish_BOS,25353.127757755512,25119.137180958143,24532.7465593436,1,1,1,3,72.68753127418799,1,26104.19921875,24587.69921875,-0.8151900249525834,5.302249552820415,1
2025-10-24,25795.150390625,25795.150390625,25944.150390625,25718.19921875,25935.099609375,284900,,,26104.19921875,24587.69921875,,Bullish,,25395.22515136213,25145.647502905864,24545.307791495652,1,1,1,3,67.91820855540553,1,26104.19921875,24587.69921875,-1.1839046489616756,4.910793649835377,1
2025-10-27,25966.05078125,25966.05078125,26005.94921875,25827.0,25843.19921875,266300,,,26104.19921875,24587.69921875,,Bullish,,25449.589497065735,25177.820180487986,24559.444537662363,1,1,1,3,71.494643054077,1,26104.19921875,24587.69921875,-0.5292192123663053,5.605858239265027,1
2025-10-28,25936.19921875,25936.19921875,26041.69921875,25810.05078125,25939.94921875,395200,,,26104.19921875,24587.69921875,,Bullish,,25495.933280083285,25207.560534929635,24573.143589215473,1,1,1,3,70.02618737966469,1,26104.19921875,24587.69921875,-0.6435746164522471,5.484449716107087,1
2025-10-29,26053.900390625,26053.900390625,26097.849609375,25960.30078125,25982.0,321900,,,26104.19921875,24587.69921875,,Bullish,,25549.07300489678,25240.750333192198,24587.87748773696,1,1,1,3,72.43062066172783,1,26104.19921875,24587.69921875,-0.19268481558657458,5.963149129288636,1
2025-10-30,25877.849609375,25877.849609375,26032.05078125,25845.25,25984.400390625,257400,,,26104.19921875,24587.69921875,,Bullish,,25580.38506246614,25265.7346185327,24600.71303123585,1,1,1,3,64.14245920648966,1,26104.19921875,24605.94921875,-0.8671003752239947,5.169076711154874,1
2025-10-31,25722.099609375,25722.099609375,25953.75,25711.19921875,25863.80078125,334400,,,26104.19921875,24587.69921875,,Bullish,,25593.88168598127,25283.63128484024,24611.87110664022,1,1,1,3,57.837002412913726,1,26104.19921875,24747.55078125,-1.4637476758932566,3.937960716756539,1
2025-11-03,25763.349609375,25763.349609375,25803.099609375,25645.5,25696.849609375,23300,,,26104.19921875,24587.69921875,,Bullish,,25610.021488209244,25302.44376815533,24623.32860417987,1,1,1,3,58.98693853744321,1,26104.19921875,24881.650390625,-1.3057271227465028,3.5435720899053003,1
2025-11-04,25597.650390625,25597.650390625,25787.400390625,25578.400390625,25744.75,305100,,,26104.19921875,24587.69921875,,Bullish,,25608.843288439315,25314.02049844826,24633.023348323604,-1,1,1,1,52.7618767800577,0,26104.19921875,25008.5,-1.9404879034219058,2.355800590299295,1
2025-11-06,25509.69921875,25509.69921875,25679.150390625,25491.55078125,25593.349609375,371900,,,26104.19921875,24587.69921875,,Bullish,,25599.400996087952,25321.69417375421,24641.746491312922,-1,1,1,1,49.76012274075014,0,26104.19921875,25008.5,-2.2774113659574935,2.004115475738244,1
2025-11-07,25492.30078125,25492.30078125,25551.25,25318.44921875,25433.80078125,305600,,25318.44921875,26104.19921875,24587.69921875,HL,Bullish,,25589.200975627195,25328.384628950123,24650.209718078466,-1,1,1,1,49.16424448426641,0,26104.19921875,25024.30078125,-2.3440613227487472,1.8701821245317607,1
2025-11-10,25574.349609375,25574.349609375,25653.44921875,25503.5,25503.5,243600,,,26104.19921875,25318.44921875,,Bullish,,25587.78655979365,25338.03031445698,24659.405139882412,-1,1,1,1,52.07866251233541,0,26104.19921875,25060.55078125,-2.029748566255285,2.050229592357633,1
2025-11-11,25694.94921875,25694.94921875,25715.80078125,25449.25,25617.0,297700,,,26104.19921875,25318.44921875,,Bullish,,25597.9925273133,25352.02713423318,24669.709061065176,1,1,1,3,56.065650816614166,1,26104.19921875,25060.55078125,-1.5677554272802485,2.5314624687923892,1
2025-11-12,25875.80078125,25875.80078125,25934.55078125,25781.150390625,25834.30078125,312600,,,26104.19921875,25318.44921875,,Bullish,,25624.450456259656,25372.56727725345,24681.70997370383,1,1,1,3,61.269557892682926,1,26104.19921875,25060.55078125,-0.8749490286449668,3.2531208396663125,1
2025-11-13,25879.150390625,25879.150390625,26010.69921875,25808.400390625,25906.099609375,385200,,,26104.19921875,25318.44921875,,Bullish,,25648.707592865878,25392.433281699392,24693.624803722945,1,1,1,3,61.36084501925217,1,26104.19921875,25159.349609375,-0.8621173407355576,2.86096736372623,1
2025-11-14,25910.05078125,25910.05078125,25940.19921875,25740.80078125,25767.900390625,518900,,,26104.19921875,25318.44921875,,Bullish,,25673.597420331032,25412.732007171966,24705.728544792866,1,1,1,3,62.244915756743175,1,26104.19921875,25318.44921875,-0.7437440845170507,2.336642174994985,1
2025-11-17,26013.44921875,26013.44921875,26024.19921875,25906.349609375,25948.19921875,281800,,,26104.19921875,25318.44921875,,Bullish,,25705.964258275697,25436.28954488091,24718.74069080239,1,1,1,3,65.12073392769265,1,26104.19921875,25318.44921875,-0.347645216922865,2.7450338446689093,1
2025-11-18,25910.05078125,25910.05078125,26029.849609375,25876.5,26021.80078125,280000,,,26104.19921875,25318.44921875,,Bullish,,25725.401069987536,25454.868416895388,24730.594522548137,1,1,1,3,60.183874026005356,1,26104.19921875,25318.44921875,-0.7437440845170507,2.336642174994985,1
2025-11-19,26052.650390625,26052.650390625,26074.650390625,25856.19921875,25918.099609375,250100,,,26104.19921875,25318.44921875,,Bullish,,25756.56767195301,25478.310847237724,24743.749307305123,1,1,1,3,64.21329191694599,1,26104.19921875,25318.44921875,-0.19747331719708328,2.8998662814279985,1
2025-11-20,26192.150390625,26192.150390625,26246.650390625,26063.19921875,26132.099609375,240400,,,26104.19921875,25318.44921875,,Bullish,Bullish_BOS,25798.05174039796,25506.304554821538,24758.161258382934,1,1,1,3,67.66114321397333,1,26246.650390625,25318.44921875,-0.20764554405565683,3.4508478948543475,1
2025-11-21,26068.150390625,26068.150390625,26179.19921875,26052.19921875,26109.55078125,235600,,,26104.19921875,25318.44921875,,Bullish,,25823.775421371964,25528.337724853045,24771.195976116687,1,1,1,3,61.94786611713221,1,26246.650390625,25318.44921875,-0.6800867819070633,2.961086460697593,1
2025-11-24,25959.5,25959.5,26142.80078125,25912.150390625,26122.80078125,464700,,,26104.19921875,25318.44921875,,Bullish,,25836.70157171749,25545.246049368612,24783.019896752343,1,1,1,3,57.37622414405274,1,26246.650390625,25318.44921875,-1.0940458548096,2.5319512096154018,1
2025-11-25,25884.80078125,25884.80078125,26032.599609375,25857.5,25998.5,260500,,,26104.19921875,25318.44921875,,Bullish,,25841.282448815826,25558.561921207096,24793.98289062794,1,1,1,3,54.4035808585839,0,26246.650390625,25318.44921875,-1.3786506239449436,2.2369125281203273,1
2025-11-26,26205.30078125,26205.30078125,26215.150390625,25842.94921875,25842.94921875,275300,,25842.94921875,26104.19921875,25318.44921875,HL,Bullish,Bullish_BOS,25875.950861428602,25583.924229444074,24808.02585471373,1,1,1,3,63.21062053612769,1,26246.650390625,25318.44921875,-0.1575424244983692,3.502787847856137,1
2025-11-27,26215.55078125,26215.55078125,26310.44921875,26141.900390625,26261.25,240300,,,26104.19921875,25842.94921875,,Bullish,Bullish_BOS,25908.293710935402,25608.693898142345,24822.031077863347,1,1,1,3,63.45374163541803,1,26310.44921875,25318.44921875,-0.3606872566522812,3.5432721599537587,1
2025-11-28,26202.94921875,26202.94921875,26280.75,26172.400390625,26237.44921875,202500,,,26104.19921875,25842.94921875,,Bullish,Bullish_BOS,25936.35614025108,25631.998028362254,24835.771556877145,1,1,1,3,62.90336588751481,1,26310.44921875,25318.44921875,-0.40858291360297283,3.4934999073520157,1
2025-12-01,26175.75,26175.75,26325.80078125,26124.19921875,26325.80078125,213800,26325.80078125,,26104.19921875,25842.94921875,HH,Bullish,Bullish_BOS,25959.155555465262,25653.321635093147,24849.10467571419,1,1,1,3,61.66021511635801,1,26325.80078125,25318.44921875,-0.569976132907879,3.386071452650863,1
2025-12-02,26032.19921875,26032.19921875,26154.599609375,25997.849609375,26087.94921875,254800,,,26325.80078125,25842.94921875,,Bullish,,25966.112094825716,25668.179579550277,24860.876760719522,1,1,1,3,55.43353819450387,1,26325.80078125,25318.44921875,-1.1152616588556374,2.819090513140199,1
2025-12-03,25986.0,25986.0,26066.44921875,25891.0,26004.900390625,265700,,,26325.80078125,25842.94921875,,Bullish,,25968.00618103279,25680.643125450268,24872.072016831768,1,1,1,3,53.55898658277614,0,26325.80078125,25318.44921875,-1.290751928397238,2.6366179677214774,1
2025-12-04,26033.75,26033.75,26098.25,25938.94921875,25981.849609375,248100,,,26325.80078125,25842.94921875,,Bullish,,25974.267497124907,25694.490453863986,24883.631001738915,1,1,1,3,55.24361167031109,1,26325.80078125,25318.44921875,-1.1093709311133515,2.825215616761678,1
2025-12-05,26186.44921875,26186.44921875,26202.599609375,25985.349609375,25999.80078125,249300,,,26325.80078125,25842.94921875,,Bullish,,25994.475280136823,25713.78295444775,24896.59436708231,1,1,1,3,60.21389476078801,1,26325.80078125,25449.25,-0.5293345629176494,2.896742413823583,1
2025-12-08,25960.55078125,25960.55078125,26178.69921875,25892.25,26159.80078125,320700,,,26325.80078125,25842.94921875,,Bullish,,25991.244375480936,25723.460124126268,24907.180998069056,-1,1,1,1,51.162084924763676,0,26325.80078125,25449.25,-1.3874221834123346,2.0090996050964094,1
2025-12-09,25839.650390625,25839.650390625,25923.650390625,25728.0,25867.099609375,276000,,,26325.80078125,25842.94921875,,Bullish,Bearish_BOS,25976.806853113703,25728.016605165434,24916.459300482547,-1,1,1,1,47.08266078945259,0,26325.80078125,25728.0,-1.846668956680897,0.4339645157999117,1
2025-12-10,25758.0,25758.0,25947.650390625,25734.55078125,25864.05078125,207900,,,26325.80078125,25842.94921875,,Bullish,Bearish_BOS,25955.96810519811,25729.192424570712,24924.83283978123,-1,1,1,1,44.50191867731431,-1,26325.80078125,25728.0,-2.156822449459561,0.11660447761194792,1
2025-12-11,25898.55078125,25898.55078125,25922.80078125,25693.25,25771.400390625,206100,,25693.25,26325.80078125,25842.94921875,LL,Bearish,,25950.499788631623,25735.833928754215,24934.52157551724,-1,1,1,1,49.62100861097864,0,26325.80078125,25693.25,-1.6229325882626155,0.7990455907679994,1
2025-12-12,26046.94921875,26046.94921875,26057.599609375,25938.44921875,25971.19921875,216300,,,26325.80078125,25693.25,,Bearish,,25959.685448642897,25748.03452836189,24945.5905072907,1,1,1,3,54.40322939801253,0,26325.80078125,25693.25,-1.0592329738307704,1.3766231159934916,1
2025-12-15,26027.30078125,26027.30078125,26047.150390625,25904.75,25930.05078125,181600,,,26325.80078125,25693.25,,Bearish,,25966.125004129288,25758.98614612221,24956.353793598755,1,1,1,3,53.67670636273644,0,26325.80078125,25693.25,-1.1338686427065925,1.3001499664308636,1
2025-12-16,25860.099609375,25860.099609375,25980.75,25834.349609375,25951.5,264400,,,26325.80078125,25693.25,,Bearish,,25956.027347486022,25762.951379975264,24965.34628927812,-1,1,1,1,47.823881718165346,0,26325.80078125,25693.25,-1.7689914762505032,0.6493908297899198,1
2025-12-17,25818.55078125,25818.55078125,25929.150390625,25770.349609375,25902.400390625,206500,,,26325.80078125,25693.25,,Bearish,,25942.93434117783,25765.131748652704,24973.835886213164,-1,1,1,1,46.46795154093237,0,26325.80078125,25693.25,-1.9268169816178182,0.4876797651134135,1
2025-12-18,25815.55078125,25815.55078125,25902.349609375,25726.30078125,25764.69921875,197600,,,26325.80078125,25693.25,,Bearish,,25930.80257356566,25767.108965617303,24982.211158800594,-1,1,1,1,46.36573132921675,0,26325.80078125,25693.25,-1.938212646368631,0.47600354665136013,1
2025-12-19,25966.400390625,25966.400390625,25993.349609375,25880.44921875,25911.5,382900,,,26325.80078125,25693.25,,Bearish,,25934.192841857024,25774.924315617605,24992.00408648044,1,1,1,3,52.07467706330196,0,26325.80078125,25693.25,-1.3652021209587528,1.0631212113103583,1
2025-12-22,26172.400390625,26172.400390625,26180.69921875,26047.80078125,26055.849609375,253000,,,26325.80078125,25693.25,,Bearish,,25956.87927507302,25790.51161267672,25003.7493233376,1,1,1,3,58.56141280256768,1,26325.80078125,25693.25,-0.5826998080691093,1.8648882123709631,1
2025-12-23,26177.150390625,26177.150390625,26233.55078125,26119.05078125,26205.19921875,216600,,,26325.80078125,25693.25,,Bearish,,25977.857476554163,25805.6739176943,25015.424955847924,1,1,1,3,58.70022254291742,1,26325.80078125,25693.25,-0.5646566722136481,1.8833755582691847,1
2025-12-24,26142.099609375,26142.099609375,26236.400390625,26123.0,26170.650390625,188800,26236.400390625,,26325.80078125,25693.25,LH,Bearish,,25993.499584441863,25818.867082073935,25026.635648917847,1,1,1,3,57.17815503262558,1,26325.80078125,25693.25,-0.697798989673426,1.7469553652223802,1
2025-12-26,26042.30078125,26042.30078125,26144.19921875,26008.599609375,26121.25,142200,,,26236.400390625,25693.25,,Bearish,,25998.14731747121,25827.62918792398,25036.74176963757,1,1,1,3,52.96690356380303,0,26325.80078125,25693.25,-1.0768903189524837,1.3585310587411081,1
2025-12-29,25942.099609375,25942.099609375,26106.80078125,25920.30078125,26063.349609375,234300,,,26236.400390625,25693.25,,Bearish,,25992.809440509664,25832.11822405931,25045.750305356352,-1,1,1,1,49.05993390282125,0,26325.80078125,25693.25,-1.4575099730614216,0.968540801085882,1
2025-12-30,25938.849609375,25938.849609375,25976.75,25878.0,25940.900390625,396900,,25878.0,26236.400390625,25693.25,HL,Bullish,,25987.67040897303,25836.303768581496,25054.636865595345,-1,1,1,1,48.93385566382872,0,26236.400390625,25693.25,-1.1341143480807836,0.955891564418665,1
2025-12-31,26129.599609375,26129.599609375,26187.94921875,25969.0,25971.05078125,246300,,,26236.400390625,25878.0,,Bullish,,26001.18747567798,25847.805566259674,25065.33301229962,1,1,1,3,56.06966955158195,1,26236.400390625,25693.25,-0.40707101454421357,1.6983044549638615,1
2026-01-01,26146.55078125,26146.55078125,26197.55078125,26113.400390625,26173.30078125,425600,,,26236.400390625,25878.0,,Bullish,,26015.031600018174,25859.521064886747,25076.09139806032,1,1,1,3,56.64939909390267,1,26236.400390625,25693.25,-0.342461648843817,1.7642796502972624,1
2026-01-02,26328.55078125,26328.55078125,26340.0,26118.400390625,26155.099609375,357500,,,26236.400390625,25878.0,,Bullish,Bullish_BOS,26044.8905696593,25877.914387097073,25088.55368048012,1,1,1,3,62.3884323472671,1,26340.0,25693.25,-0.043467041571754184,2.4726369036614626,1
2026-01-05,26250.30078125,26250.30078125,26373.19921875,26210.05078125,26333.69921875,338800,26373.19921875,,26236.400390625,25878.0,HH,Bullish,Bullish_BOS,26064.453446953652,25892.51777510307,25100.113353124598,1,1,1,3,58.785067150710184,1,26373.19921875,25693.25,-0.4659974562836733,2.168082205443067,1
2026-01-06,26178.69921875,26178.69921875,26273.94921875,26124.75,26189.69921875,383000,,,26373.19921875,25878.0,,Bullish,,26075.333996648544,25903.74057681472,25110.845550792514,1,1,1,3,55.619482117060834,1,26373.19921875,25693.25,-0.7374911112858817,1.8894037101184091,1
2026-01-07,26140.75,26140.75,26187.150390625,26067.900390625,26143.099609375,338200,,,26373.19921875,25878.0,,Bullish,,26081.564092205823,25913.035063998454,25121.093356257268,1,1,1,3,53.96092150906759,0,26373.19921875,25693.25,-0.8813842295808394,1.7417025872554115,1
2026-01-08,25876.849609375,25876.849609375,26133.19921875,25858.44921875,26106.5,328500,,,26373.19921875,25878.0,,Bullish,Bearish_BOS,26062.067474793363,25911.616026562242,25128.613318974858,-1,1,1,1,44.11025065354498,-1,26373.19921875,25693.25,-1.8820227506647025,0.7145830495363548,1
2026-01-09,25683.30078125,25683.30078125,25940.599609375,25623.0,25840.400390625,348800,,,26373.19921875,25878.0,,Bullish,Bearish_BOS,26025.99445636066,25902.662487530393,25134.13259720645,-1,1,1,1,38.55165958463047,-1,26373.19921875,25623.0,-2.615907276844587,0.2353384898333477,1
2026-01-12,25790.25,25790.25,25813.150390625,25473.400390625,25669.05078125,275800,,,26373.19921875,25878.0,,Bullish,Bearish_BOS,26003.54260337393,25898.254154686063,25140.661128577533,-1,1,1,1,42.838162599969195,-1,26373.19921875,25473.400390625,-2.2103849211268733,1.243844969718344,1
2026-01-13,25732.30078125,25732.30078125,25899.80078125,25603.30078125,25897.349609375,339500,,,26373.19921875,25878.0,,Bullish,Bearish_BOS,25977.71004888594,25891.7461792572,25146.54809029567,-1,1,1,1,41.16263792958842,-1,26373.19921875,25473.400390625,-2.430112600993639,1.0163558325738231,1
2026-01-14,25665.599609375,25665.599609375,25791.75,25603.94921875,25648.55078125,393100,,,26373.19921875,25878.0,,Bullish,Bearish_BOS,25947.985245122993,25882.87768632064,25151.712782027804,-1,1,1,1,39.25922808909005,-1,26373.19921875,25473.400390625,-2.683025307266984,0.7545094718518053,1
2026-01-16,25694.349609375,25694.349609375,25873.5,25662.400390625,25696.05078125,434000,,,26373.19921875,25878.0,,Bullish,Bearish_BOS,25923.829470289853,25875.484428401207,25157.112153444195,-1,1,1,1,40.535594195614486,-1,26373.19921875,25473.400390625,-2.5740131250075016,0.8673722995824251,1
2026-01-19,25585.5,25585.5,25653.30078125,25494.349609375,25653.099609375,443100,,,26373.19921875,25878.0,,Bullish,Bearish_BOS,25891.607615976533,25864.112490032534,25161.374719081567,-1,1,1,1,37.336667977891594,-1,26373.19921875,25473.400390625,-2.986741245218316,0.44006535309772943,1
2026-01-20,25232.5,25232.5,25585.0,25171.349609375,25580.30078125,409800,,,26373.19921875,25878.0,,Bullish,Bearish_BOS,25828.835462074003,25839.34337277636,25162.082433319563,-1,-1,1,-1,29.26958158683007,-1,26373.19921875,25171.349609375,-4.325221256960821,0.24293647966426857,0
2026-01-21,25157.5,25157.5,25300.94921875,24919.80078125,25141.0,395600,,24919.80078125,26373.19921875,25878.0,LL,Bearish,Bearish_BOS,25764.898751400287,25812.604416981205,25162.036836968127,-1,-1,1,-1,27.890745884031674,-1,26373.19921875,24919.80078125,-4.609600862855123,0.9538568178636853,0
2026-01-22,25289.900390625,25289.900390625,25435.75,25168.5,25344.150390625,486400,,,26373.19921875,24919.80078125,,Bearish,,25719.66081227883,25792.106219869198,25163.30911113387,-1,-1,1,-1,33.81793778088279,-1,26373.19921875,24919.80078125,-4.107574584105933,1.485162793329664,0
2026-01-23,25048.650390625,25048.650390625,25347.94921875,25025.30078125,25344.599609375,393900,,,26373.19921875,24919.80078125,,Bearish,,25655.75505783561,25762.9510893106,25162.168228342736,-1,-1,1,-1,29.120886372822994,-1,26373.19921875,24919.80078125,-5.022328983065938,0.5170571406491575,0
2026-01-27,25175.400390625,25175.400390625,25246.650390625,24932.55078125,25063.349609375,618700,,,26373.19921875,24919.80078125,,Bearish,,25610.00699429174,25739.909885440582,25162.29989164903,-1,-1,1,-1,34.28513499287635,-1,26373.19921875,24919.80078125,-4.541727449104571,1.0256888151662702,0
2026-01-28,25342.75,25342.75,25372.099609375,25187.650390625,25258.849609375,574900,,,26373.19921875,24919.80078125,,Bearish,,25584.553947216336,25724.334987972325,25164.09541511521,-1,-1,1,-1,40.4539692253019,-1,26373.19921875,24919.80078125,-3.9071832362961967,1.697241572927144,0
2026-01-29,25418.900390625,25418.900390625,25458.150390625,25159.80078125,25345.0,582400,,,26373.19921875,24919.80078125,,Bearish,,25568.777418017162,25712.35716062537,25166.630788005856,-1,-1,1,-1,43.07270766765674,-1,26373.19921875,24919.80078125,-3.6184416619677418,2.0028234324831695,0
2026-01-30,25320.650390625,25320.650390625,25370.69921875,25213.650390625,25247.55078125,508400,,,26373.19921875,24919.80078125,,Bearish,,25545.14627255124,25696.996110821437,25168.16332136525,-1,-1,1,-1,40.592273047933766,-1,26373.19921875,24919.80078125,-3.990978945689272,1.608558643360447,0
2026-02-02,25088.400390625,25088.400390625,25108.099609375,24679.400390625,24796.5,449200,,24679.400390625,26373.19921875,24919.80078125,LL,Bearish,,25501.64666474874,25673.129611990204,25167.36966036286,-1,-1,1,-1,35.40230173932687,-1,26373.19921875,24679.400390625,-4.8716077919419565,1.657252581206814,0
2026-02-03,25727.55078125,25727.55078125,26341.19921875,25641.30078125,26308.05078125,637300,26341.19921875,,26373.19921875,24679.400390625,LH,Bearish,,25523.161342510764,25675.263775490588,25172.943601864223,1,-1,1,1,53.153591294719284,0,26373.19921875,24679.400390625,-2.448123309366945,4.247065868841626,1
2026-02-04,25776.0,25776.0,25818.55078125,25563.94921875,25675.05078125,429800,,,26341.19921875,24679.400390625,,Bearish,,25547.241214652597,25679.21421566743,25178.944163039705,1,-1,1,1,54.18142497830379,0,26341.19921875,24679.400390625,-2.145685221300342,4.443380276741116,1
2026-02-05,25642.80078125,25642.80078125,25757.650390625,25579.5,25755.900390625,343800,,,26341.19921875,24679.400390625,,Bearish,,25556.342125757114,25677.78623784714,25183.559651778116,1,-1,1,1,50.876487517117454,0,26341.19921875,24679.400390625,-2.6513539937956576,3.903662063811608,1
2026-02-06,25693.69921875,25693.69921875,25703.94921875,25491.900390625,25605.80078125,375500,,,26341.19921875,24679.400390625,,Bearish,,25569.423753661198,25678.41027631392,25188.63566736988,1,-1,1,1,52.0793689129144,0,26341.19921875,24679.400390625,-2.4581265060214186,4.109900613753581,1
2026-02-09,25867.30078125,25867.30078125,25922.25,25780.900390625,25888.69921875,359400,,,26341.19921875,24679.400390625,,Bearish,,25597.79299438394,25685.817747095727,25195.388554075154,1,-1,1,1,56.03381819170808,1,26341.19921875,24679.400390625,-1.7990769272291596,4.8133276004397985,1
2026-02-10,25935.150390625,25935.150390625,25989.44921875,25870.44921875,25922.650390625,460900,,,26341.19921875,24679.400390625,,Bearish,,25629.922270216422,25695.595497822364,25202.749368369186,1,-1,1,1,57.50963465675699,1,26341.19921875,24679.400390625,-1.5414971230162111,5.088251659781107,1
2026-02-11,25953.849609375,25953.849609375,26009.400390625,25899.80078125,25997.44921875,331400,26009.400390625,,26341.19921875,24679.400390625,LH,Bearish,,25660.772492993427,25705.723110040115,25210.22300260805,1,-1,1,1,57.92877508279918,1,26341.19921875,24679.400390625,-1.4705086361416653,5.164020189218732,1
2026-02-12,25807.19921875,25807.19921875,25906.69921875,25752.400390625,25906.69921875,419400,,,26009.400390625,24679.400390625,,Bearish,,25674.717895446433,25709.70256528364,25216.163064460212,1,-1,1,1,53.47371194981854,0,26341.19921875,24679.400390625,-2.027242554772879,4.5697983349442195,1
2026-02-13,25471.099609375,25471.099609375,25630.349609375,25444.30078125,25571.150390625,453500,,,26009.400390625,24679.400390625,,Bearish,,25655.325677725345,25700.345586620555,25218.699746499165,-1,-1,1,-1,44.94290481672745,-1,26341.19921875,24679.400390625,-3.303189054337552,3.207935388295513,0
2026-02-16,25682.75,25682.75,25697.0,25372.69921875,25423.599609375,275800,,25372.69921875,26009.400390625,24679.400390625,HL,Bullish,,25657.93751794198,25699.65556361583,25223.317161956886,1,-1,1,1,50.31798271587606,0,26341.19921875,24679.400390625,-2.4996934015111494,4.065534792150549,1
2026-02-17,25725.400390625,25725.400390625,25764.400390625,25570.30078125,25637.94921875,344100,,,26009.400390625,25372.69921875,,Bullish,,25664.362553435603,25700.665164675014,25228.31301497846,1,-1,1,1,51.34873481814146,0,26341.19921875,24679.400390625,-2.33777825759226,4.238352567096193,1
2026-02-18,25819.349609375,25819.349609375,25828.05078125,25645.150390625,25752.650390625,310200,,,26009.400390625,25372.69921875,,Bullish,,25679.12322542983,25705.319456624035,25234.193976116734,1,-1,1,1,53.63085713988405,0,26341.19921875,24679.400390625,-1.981115609207118,4.619031259702067,1
2026-02-19,25454.349609375,25454.349609375,25885.30078125,25388.75,25873.349609375,298200,,,26009.400390625,25372.69921875,,Bullish,,25657.71621437699,25695.477501829955,25236.38457943274,-1,-1,1,-1,44.832152386814364,-1,26341.19921875,24679.400390625,-3.3667776550724726,3.1400650197497493,0
2026-02-20,25571.25,25571.25,25663.55078125,25379.75,25406.55078125,296600,,,26009.400390625,25372.69921875,,Bullish,,25649.481336817276,25690.605835091526,25239.71657366724,-1,-1,1,-1,47.786712475199764,0,26341.19921875,24679.400390625,-2.9229846840152174,3.613740995562398,1
2026-02-23,25713.0,25713.0,25771.44921875,25609.349609375,25678.400390625,313700,,,26009.400390625,25372.69921875,,Bullish,,25655.53073331087,25691.484037636958,25244.425861491447,1,-1,1,1,51.19959986147227,0,26341.19921875,24679.400390625,-2.3848542867510703,4.188106651763035,1
2026-02-24,25424.650390625,25424.650390625,25641.80078125,25327.599609375,25641.80078125,439100,,,26009.400390625,25372.69921875,,Bullish,,25633.542129245547,25681.019973048253,25246.219140388297,-1,-1,1,-1,44.78648676674737,-1,26341.19921875,24679.400390625,-3.4795258200415957,3.0197249049984887,0
2026-02-25,25482.5,25482.5,25652.599609375,25428.19921875,25512.599609375,414200,,,26009.400390625,25372.69921875,,Bullish,,25619.157164555498,25673.23487606597,25248.570193717766,-1,-1,1,-1,46.24133129105031,0,26341.19921875,24679.400390625,-3.259909359550972,3.2541293413274053,0
2026-02-26,25496.55078125,25496.55078125,25572.94921875,25400.94921875,25556.30078125,405200,,,26009.400390625,25372.69921875,,Bullish,,25607.48036614545,25666.306088033973,25251.037662250426,-1,-1,1,-1,46.609308964076156,0,26341.19921875,24679.400390625,-3.2065678957348576,3.311062577255375,0
2026-02-27,25178.650390625,25178.650390625,25476.400390625,25141.30078125,25459.849609375,438900,,,26009.400390625,25372.69921875,,Bullish,Bearish_BOS,25566.63941609588,25647.182335194408,25250.317390890974,-1,-1,1,-1,39.94689959877203,-1,26341.19921875,24679.400390625,-4.4134240756111165,2.0229421788936497,0
2026-03-02,24865.69921875,24865.69921875,24989.349609375,24603.5,24659.25,519200,,,26009.400390625,25372.69921875,,Bullish,Bearish_BOS,25499.883206824845,25616.5359384711,25246.49034440201,-1,-1,1,-1,34.689963512452465,-1,26341.19921875,24603.5,-5.601491366231038,1.0656988589021976,0
2026-03-04,24480.5,24480.5,24602.44921875,24305.400390625,24388.80078125,599000,,,26009.400390625,25372.69921875,,Bullish,Bearish_BOS,25402.799091889145,25571.98550951145,25238.868549930346,-1,-1,1,-1,29.537480529719986,-1,26009.400390625,24305.400390625,-5.87826081210272,0.7204144205027685,0
2026-03-05,24765.900390625,24765.900390625,24854.19921875,24529.400390625,24615.94921875,504300,,,26009.400390625,25372.69921875,,Bullish,Bearish_BOS,25342.14207272113,25540.37432837865,25234.16239909149,-1,-1,1,-1,37.003405863648155,-1,26009.400390625,24305.400390625,-4.780963733590015,1.8946406666792592,0
2026-03-06,24450.44921875,24450.44921875,24700.900390625,24415.75,24656.400390625,433400,,,26009.400390625,25372.69921875,,Bullish,Bearish_BOS,25257.2189437715,25497.632167216743,25226.364257993566,-1,-1,1,-1,32.85917115026558,-1,26009.400390625,24305.400390625,-5.993798966764796,0.5967761312047681,0
2026-03-09,24028.05078125,24028.05078125,24078.150390625,23697.80078125,23868.05078125,526900,,,26009.400390625,25372.69921875,,Bullish,Bearish_BOS,25140.15530924564,25440.001524629814,25214.440740812042,-1,-1,1,-1,28.290244488826048,-1,26009.400390625,23697.80078125,-7.617821170876249,1.3935892323869048,-1
2026-03-10,24261.599609375,24261.599609375,24303.80078125,24079.94921875,24280.80078125,444300,,,26009.400390625,25372.69921875,,Bullish,Bearish_BOS,25056.48333782939,25393.7896848159,25204.959734529086,-1,-1,1,-1,33.77339476958866,-1,26009.400390625,23697.80078125,-6.7198811006807695,2.3791187770094036,0
2026-03-11,23866.849609375,23866.849609375,24299.0,23834.30078125,24231.849609375,407400,,,26009.400390625,25372.69921875,,Bullish,Bearish_BOS,24943.1848875004,25333.909681857433,25191.645205920588,-1,-1,1,-1,29.64707493129376,-1,26009.400390625,23697.80078125,-8.237601594315391,0.7133523894704785,-1
2026-03-12,23639.150390625,23639.150390625,23833.150390625,23556.30078125,23674.849609375,501000,,,26009.400390625,25372.69921875,,Bullish,Bearish_BOS,24818.99112589322,25267.44853318165,25176.197496315657,-1,-1,1,-1,27.555736672060263,-1,25906.69921875,23556.30078125,-8.752750819308774,0.35170891280580374,-1
2026-03-13,23151.099609375,23151.099609375,23492.400390625,23112.0,23462.5,519800,,,26009.400390625,25372.69921875,,Bullish,Bearish_BOS,24660.144314796245,25184.45445773825,25156.047268584905,-1,-1,1,-1,23.697161885641677,-1,25885.30078125,23112.0,-10.562756040507427,0.16917449539199936,-1
2026-03-16,23408.80078125,23408.80078125,23502.0,22955.25,23116.099609375,540300,,,26009.400390625,25372.69921875,,Bullish,Bearish_BOS,24540.968740172793,25114.82098022891,25138.661731397497,-1,-1,-1,-3,29.32470211606497,-1,25885.30078125,22955.25,-9.567205808919365,1.9758041461103604,-1
2026-03-17,23581.150390625,23581.150390625,23656.80078125,23346.599609375,23493.19921875,458800,,,26009.400390625,25372.69921875,,Bullish,Bearish_BOS,24449.55746878729,25054.67703553856,25123.16410611618,-1,-1,-1,-3,32.88959409971412,-1,25885.30078125,22955.25,-8.901385423707374,2.726611082976671,-1
2026-03-18,23777.80078125,23777.80078125,23862.25,23618.44921875,23632.900390625,382900,,,26009.400390625,25372.69921875,,Bullish,Bearish_BOS,24385.580641402787,25004.60345693901,25109.777406366265,-1,-1,-1,-3,36.80630630846443,-1,25885.30078125,22955.25,-8.141686348595822,3.5832795602313228,-1
2026-03-19,23002.150390625,23002.150390625,23378.69921875,22930.349609375,23197.75,550100,,,26009.400390625,25372.69921875,,Bullish,Bearish_BOS,24253.82537942395,24926.07588571101,25088.805993274316,-1,-1,-1,-3,29.494445472233693,-1,25885.30078125,22930.349609375,-11.13817612161342,0.31312554092348677,-1
2026-03-20,23114.5,23114.5,23345.150390625,23067.599609375,23110.150390625,663300,,,26009.400390625,25372.69921875,,Bullish,Bearish_BOS,24145.31820043119,24855.0336941145,25069.161157520342,-1,-1,-1,-3,31.613614347003022,-1,25771.44921875,22930.349609375,-10.30966165774232,0.8030858393441642,-1
2026-03-23,22512.650390625,22512.650390625,22851.69921875,22471.25,22824.349609375,550300,,,26009.400390625,25372.69921875,,Bullish,Bearish_BOS,23989.826028068695,24763.17552535021,25043.72323944178,-1,-1,-1,-3,26.941943329429208,-1,25771.44921875,22471.25,-12.644996408483166,0.18423715024753484,-1
2026-03-24,22912.400390625,22912.400390625,23057.30078125,22624.19921875,22878.44921875,538100,,,26009.400390625,25372.69921875,,Bullish,Bearish_BOS,23887.214062597868,24690.59610830216,25022.51604691624,-1,-1,-1,-3,33.92608897979227,-1,25652.599609375,22471.25,-10.68195528124396,1.9631769066028815,-1
2026-03-25,23306.44921875,23306.44921875,23465.349609375,23063.19921875,23064.400390625,505400,,,26009.400390625,25372.69921875,,Bullish,Bearish_BOS,23831.903125088545,24636.315838123646,25005.440755093692,-1,-1,-1,-3,40.01365677958581,-1,25652.599609375,22471.25,-9.145858222367353,3.7167457028425277,-1
2026-03-27,22819.599609375,22819.599609375,23186.099609375,22804.55078125,23173.55078125,612600,,,26009.400390625,25372.69921875,,Bullish,Bearish_BOS,23735.493266449157,24565.072064447228,24983.691091952212,-1,-1,-1,-3,35.64415796676654,-1,25572.94921875,22471.25,-10.766648718624339,1.5502012988819036,-1
2026-03-30,22331.400390625,22331.400390625,22714.099609375,22283.849609375,22549.650390625,698600,,,26009.400390625,25372.69921875,,Bullish,Bearish_BOS,23601.770135418286,24477.477096846356,24957.3001397002,-1,-1,-1,-3,31.884177886604505,-1,25476.400390625,22283.849609375,-12.344758096820152,0.21338674458650786,-1
2026-04-01,22679.400390625,22679.400390625,22941.30078125,22618.599609375,22899.0,518000,,,26009.400390625,25372.69921875,,Bullish,Bearish_BOS,23513.925397818926,24406.964284837675,24934.634470555175,-1,-1,-1,-3,36.98682347464176,-1,24989.349609375,22283.849609375,-9.243734850479656,1.7750558731270072,-1
2026-04-02,22713.099609375,22713.099609375,22782.30078125,22182.55078125,22383.400390625,495100,,22182.55078125,26009.400390625,25372.69921875,LL,Bearish,Bearish_BOS,23437.65627510998,24340.538219133257,24912.52964606582,-1,-1,-1,-3,37.47527834171478,-1,24854.19921875,22182.55078125,-8.614639283005964,2.391739495412093,-1
2026-04-06,22968.25,22968.25,22998.349609375,22542.94921875,22780.30078125,426400,,,26009.400390625,22182.55078125,,Bearish,,23392.950915575697,24286.722994853524,24893.183579935816,-1,-1,-1,-3,41.192245735722665,-1,24854.19921875,22182.55078125,-7.58805062336203,3.5419696611902696,-1
2026-04-07,23123.650390625,23123.650390625,23153.849609375,22719.30078125,22838.69921875,477000,,,26009.400390625,22182.55078125,,Bearish,,23367.303246532774,24241.11230449162,24875.57628451979,-1,-1,-1,-3,43.3992331254767,-1,24700.900390625,22182.55078125,-6.385394763174834,4.242522055535969,0
2026-04-08,23997.349609375,23997.349609375,24025.150390625,23828.5,23855.150390625,639300,,,26009.400390625,22182.55078125,,Bearish,,23427.307662041556,24231.552983114496,24866.837710637752,1,-1,-1,-1,53.87913517623211,0,24303.80078125,22182.55078125,-1.2609187123991838,8.181199926110283,1
2026-04-09,23775.099609375,23775.099609375,23990.75,23682.80078125,23909.05078125,466600,,,26009.400390625,22182.55078125,,Bearish,,23460.430704644743,24213.652850810988,24855.974644953545,1,-1,-1,-1,51.278184853340086,0,24303.80078125,22182.55078125,-2.175384733579966,7.179286295023912,1
2026-04-10,24050.599609375,24050.599609375,24074.05078125,23856.349609375,23880.55078125,481300,,,26009.400390625,22182.55078125,,Bearish,,23516.637267000006,24207.258606048792,24847.96096300749,1,-1,-1,-1,54.22787905826038,0,24299.0,22182.55078125,-1.0222658982879995,8.421253473265967,1
2026-04-13,23842.650390625,23842.650390625,23907.400390625,23555.599609375,23589.599609375,488800,,,26009.400390625,22182.55078125,,Bearish,,23547.686135916672,24192.960244659625,24837.957872735027,1,-1,-1,-1,51.684370855360235,0,24074.05078125,22182.55078125,-0.9612025526058332,7.483808448116869,1
2026-04-15,24231.30078125,24231.30078125,24280.900390625,24145.80078125,24163.80078125,460300,,,26009.400390625,22182.55078125,,Bearish,,23612.792292615082,24194.46379511415,24831.92148376503,1,-1,-1,-1,55.85216651842642,1,24280.900390625,22182.55078125,-0.2042741767276035,9.235862999721945,1
2026-04-16,24196.75,24196.75,24400.94921875,24102.80078125,24385.19921875,508000,,,26009.400390625,22182.55078125,,Bearish,,23668.407312366027,24194.553450207713,24825.601369498712,1,-1,-1,-1,55.394688375326396,1,24400.94921875,22182.55078125,-0.8368494885973132,9.080106425148005,1
2026-04-17,24353.55078125,24353.55078125,24371.900390625,24096.05078125,24165.900390625,498600,,,26009.400390625,22182.55078125,,Bearish,,23733.65907130736,24200.788639660354,24820.90434872012,1,-1,-1,-1,57.11158959511015,1,24400.94921875,22182.55078125,-0.1942483346655144,9.78697184741737,1
2026-04-20,24364.849609375,24364.849609375,24480.650390625,24241.25,24391.5,415900,,,26009.400390625,22182.55078125,,Bearish,,23793.77245588523,24207.222403178577,24816.366490617183,1,-1,-1,-1,57.23931381553203,1,24480.650390625,22182.55078125,-0.47302983949456534,9.837907505071986,1
2026-04-21,24576.599609375,24576.599609375,24601.69921875,24354.900390625,24374.55078125,425800,24601.69921875,,26009.400390625,22182.55078125,LH,Bearish,,23868.327422884257,24221.70778381373,24813.98075050532,1,-1,-1,-1,59.663711945685435,1,24601.69921875,22182.55078125,-0.10202388522769779,10.79248663390231,1
2026-04-22,24378.099609375,24378.099609375,24515.94921875,24352.900390625,24470.849609375,440500,,,24601.69921875,22182.55078125,,Bearish,,23916.877154930993,24227.84079658084,24809.643624722932,1,-1,-1,-1,56.43359133451672,1,24601.69921875,22182.55078125,-0.9088787216965266,9.897639138871295,1
2026-04-23,24173.05078125,24173.05078125,24310.19921875,24134.80078125,24202.349609375,467500,,,24601.69921875,22182.55078125,,Bearish,,23941.27464315185,24225.69216852865,24803.309367573947,1,-1,-1,-1,53.22784734791537,0,24601.69921875,22182.55078125,-1.7423529719984066,8.973269213396717,1
2026-04-24,23897.94921875,23897.94921875,24206.0,23813.650390625,24100.55078125,438400,,,24601.69921875,22182.55078125,,Bearish,,23937.148412256436,24212.839503831452,24794.300808879183,-1,-1,-1,-3,49.19052819401211,0,24601.69921875,22182.55078125,-2.86057476657402,7.733098210463507,1
2026-04-27,24092.69921875,24092.69921875,24130.69921875,23936.19921875,23945.44921875,430300,,,24601.69921875,22182.55078125,,Bearish,,23951.962774779633,24208.128120102767,24787.319698529638,1,-1,-1,-1,51.96802589741647,0,24601.69921875,22182.55078125,-2.0689627796606436,8.611040526117364,1
2026-04-28,23995.69921875,23995.69921875,24181.80078125,23957.05078125,24049.900390625,554100,,,24601.69921875,22182.55078125,,Bearish,,23956.12815039586,24199.797574951677,24779.442877835314,1,-1,-1,-1,50.48764625612828,0,24601.69921875,22182.55078125,-2.4632444881617865,8.173759886228149,1
2026-04-29,24177.650390625,24177.650390625,24334.69921875,24059.94921875,24096.900390625,531100,,,24601.69921875,22182.55078125,,Bearish,,23977.22550660816,24198.929057919257,24773.45489288795,1,-1,-1,-1,53.181782563528735,0,24601.69921875,22182.55078125,-1.7236566643405449,8.994004472476513,1
2026-04-30,23997.55078125,23997.55078125,24087.44921875,23796.849609375,23996.94921875,505500,,23796.849609375,24601.69921875,22182.55078125,HL,Bullish,,23979.16124705024,24191.031870598894,24765.73445396618,1,-1,-1,-1,50.26620444223321,0,24601.69921875,22182.55078125,-2.455718331193779,8.18210681854561,1
2026-05-04,24119.30078125,24119.30078125,24290.19921875,24004.75,24063.55078125,419100,,,24601.69921875,23796.849609375,,Bullish,,23992.50786935498,24188.21888670286,24759.302278118255,1,-1,-1,-1,52.1749925530127,0,24601.69921875,22182.55078125,-1.960833815626617,8.730961642324097,1
2026-05-05,24032.80078125,24032.80078125,24081.69921875,23882.05078125,24052.599609375,363300,,,24601.69921875,23796.849609375,,Bullish,,23996.345289535457,24182.124059038044,24752.073407502652,1,-1,-1,-1,50.68655468890956,0,24601.69921875,22542.94921875,-2.312435545372482,6.608946984012287,1
2026-05-06,24330.94921875,24330.94921875,24356.5,23997.900390625,24171.0,429200,,,24601.69921875,23796.849609375,,Bullish,,24028.212330413033,24187.96033981106,24747.883117067304,1,-1,-1,-1,55.40850546771898,1,24601.69921875,22719.30078125,-1.1005337379039637,7.093741365623707,1
2026-05-07,24326.650390625,24326.650390625,24482.099609375,24284.0,24398.5,440600,24482.099609375,,24601.69921875,23796.849609375,LH,Bearish,,24056.63500281417,24193.399165333172,24743.691746654946,1,-1,-1,-1,55.32624531050519,1,24601.69921875,23555.599609375,-1.1180074420037323,3.2733226665269344,1
2026-05-08,24176.150390625,24176.150390625,24253.80078125,24126.650390625,24233.650390625,335900,,,24482.099609375,23796.849609375,,Bearish,,24068.01742070092,24192.7227427956,24738.04456898301,1,-1,-1,-1,52.39358145109468,0,24601.69921875,23555.599609375,-1.7297538041627258,2.634408767090024,1
2026-05-11,23815.849609375,23815.849609375,23997.44921875,23799.099609375,23970.099609375,390100,,,24482.099609375,23796.849609375,,Bearish,,24044.00143866988,24177.943404230085,24728.868499733177,-1,-1,-1,-3,46.09429122724844,0,24601.69921875,23555.599609375,-3.19428996504465,1.1048328393917117,0
2026-05-12,23379.55078125,23379.55078125,23757.55078125,23348.400390625,23722.599609375,447500,,,24482.099609375,23796.849609375,,Bearish,Bearish_BOS,23980.72042367751,24146.633889603418,24715.442452783096,-1,-1,-1,-3,39.846739655566196,-1,24601.69921875,23348.400390625,-4.9677399379330245,0.13341552356411768,0
2026-05-13,23412.599609375,23412.599609375,23582.94921875,23262.55078125,23362.44921875,415400,,23262.55078125,24482.099609375,23796.849609375,LL,Bearish,Bearish_BOS,23926.613679458227,24117.848231555246,24702.478842400928,-1,-1,-1,-3,40.504553692430555,-1,24601.69921875,23262.55078125,-4.833404387241414,0.6450231083254376,0
2026-05-14,23689.599609375,23689.599609375,23777.19921875,23426.55078125,23530.25,428700,,,24482.099609375,23262.55078125,,Bearish,,23904.040910878874,24101.054167940336,24692.40044207231,-1,-1,-1,-3,45.849628564510446,0,24601.69921875,23262.55078125,-3.707465900078355,1.835778166121016,0
2026-05-15,23643.5,23643.5,23839.30078125,23610.30078125,23731.400390625,408900,,,24482.099609375,23262.55078125,,Bearish,,23879.227490795172,24083.110867236795,24681.963621753184,-1,-1,-1,-3,45.12306960614977,0,24601.69921875,23262.55078125,-3.8948497428166085,1.637607252670903,0
2026-05-18,23649.94921875,23649.94921875,23695.650390625,23317.099609375,23482.19921875,392000,,,24482.099609375,23262.55078125,,Bearish,,23857.391464886106,24066.124135923586,24671.6948217233,-1,-1,-1,-3,45.253772073860006,0,24601.69921875,23262.55078125,-3.868635217174876,1.6653308622210483,0
2026-05-19,23618.0,23618.0,23782.30078125,23587.19921875,23675.30078125,442000,,,24482.099609375,23262.55078125,,Bearish,,23834.592277754095,24048.550640397174,24661.210296134017,-1,-1,-1,-3,44.68596224074382,-1,24601.69921875,23262.55078125,-3.998501119793718,1.5279890072781521,0
2026-05-20,23659.0,23659.0,23690.900390625,23397.30078125,23457.25,344100,,,24482.099609375,23262.55078125,,Bearish,,23817.869203682276,24033.274144695322,24651.238054381443,-1,-1,-1,-3,45.62877518754511,0,24515.94921875,23262.55078125,-3.4954763982566806,1.7042379508507954,0
2026-05-21,23654.69921875,23654.69921875,23859.900390625,23596.599609375,23830.05078125,348200,,,24482.099609375,23262.55078125,,Bearish,,23802.329205117298,24018.428069168054,24641.32224507168,-1,-1,-1,-3,45.541086868015185,0,24482.099609375,23262.55078125,-3.379613692561567,1.6857499471471415,0
2026-05-22,23719.30078125,23719.30078125,23835.650390625,23671.0,23671.19921875,336100,,,24482.099609375,23262.55078125,,Bearish,,23794.421736177555,24006.697587288916,24632.14790214808,-1,-1,-1,-3,47.18302508543114,0,24482.099609375,23262.55078125,-3.1157410528339646,1.9634562189463356,0
2026-05-25,24031.69921875,24031.69921875,24054.44921875,23922.849609375,23940.25,351200,,,24482.099609375,23262.55078125,,Bearish,,23817.019591660646,24007.678043424643,24626.173288382928,1,-1,-1,-1,54.35061695858817,0,24482.099609375,23262.55078125,-1.8397130875675627,3.3063804770711025,1
2026-05-26,23913.69921875,23913.69921875,24089.80078125,23885.44921875,24004.099609375,387900,24089.80078125,,24482.099609375,23262.55078125,LH,Bearish,,23826.227175192966,24003.992599319754,24619.083994157725,1,-1,-1,-1,51.50729322391168,0,24482.099609375,23262.55078125,-2.321697892313701,2.799127419959624,1
2026-05-27,23907.150390625,23907.150390625,23983.19921875,23858.25,23880.349609375,531600,,,24089.80078125,23262.55078125,,Bearish,,23833.934148091255,24000.194865645448,24612.000077704663,1,-1,-1,-1,51.3467466536215,0,24482.099609375,23262.55078125,-2.3484473469335687,2.7709756141383934,1
2026-05-29,23547.75,23547.75,24002.80078125,23484.75,23902.150390625,1198000,,,24089.80078125,23262.55078125,,Bearish,,23806.678514939704,23982.451929737785,24601.410524692677,-1,-1,-1,-3,43.35920321299189,-1,24482.099609375,23262.55078125,-3.816460288468093,1.2260014881079861,0
2026-06-01,23382.599609375,23382.599609375,23733.69921875,23357.94921875,23654.5,421700,,,24089.80078125,23262.55078125,,Bearish,,23766.290047743067,23958.9283093314,24589.28305289847,-1,-1,-1,-3,40.2599353147022,-1,24482.099609375,23262.55078125,-4.491036379816727,0.5160604666869073,0
2026-06-02,23483.55078125,23483.55078125,23556.94921875,23229.150390625,23229.150390625,511900,,,24089.80078125,23262.55078125,,Bearish,,23739.36249855325,23940.28605332821,24578.28074173779,-1,-1,-1,-3,42.94460574083933,-1,24482.099609375,23229.150390625,-4.078689508078881,1.0951773368675255,0
2026-06-03,23405.599609375,23405.599609375,23459.650390625,23151.5,23415.94921875,450100,,,24089.80078125,23262.55078125,,Bearish,,23707.57555672675,23919.31795748691,24566.61227275906,-1,-1,-1,-3,41.397584561918286,-1,24482.099609375,23151.5,-4.397090189061126,1.0975513870591591,0
2026-06-04,23416.55078125,23416.55078125,23465.30078125,23247.30078125,23282.44921875,412500,,,24089.80078125,23262.55078125,,Bearish,,23679.85891144325,23899.601597634482,24555.168874833595,-1,-1,-1,-3,41.71524653790927,-1,24482.099609375,23151.5,-4.352358846366943,1.144853600198692,0
2026-06-05,23366.69921875,23366.69921875,23516.349609375,23282.650390625,23478.94921875,366200,,,24089.80078125,23262.55078125,,Bearish,,23650.034178805796,23878.70346512921,24543.34330611635,-1,-1,-1,-3,40.63541192057611,-1,24253.80078125,23151.5,-3.6575775091951646,0.9295260296309005,0
2026-06-08,23123.0,23123.0,23267.30078125,23070.150390625,23080.69921875,375700,,23070.150390625,24089.80078125,23262.55078125,LL,Bearish,Bearish_BOS,23599.84044749096,23849.068035124143,24529.21053690126,-1,-1,-1,-3,35.761889843338935,-1,24089.80078125,23070.150390625,-4.013319952411132,0.22908220570800886,0
2026-06-09,23242.099609375,23242.099609375,23279.400390625,23104.44921875,23259.05078125,402600,,,24089.80078125,23070.150390625,,Bearish,,23565.76989147992,23825.26535176143,24516.403462995528,-1,-1,-1,-3,39.575961955048534,-1,24089.80078125,23070.150390625,-3.5189214704290817,0.7453320235826233,0
2026-06-10,23214.94921875,23214.94921875,23425.349609375,23184.599609375,23233.94921875,380000,,,24089.80078125,23070.150390625,,Bearish,,23532.358398838973,23801.331385760983,24503.453669520448,-1,-1,-1,-3,39.00737963688032,-1,24089.80078125,23070.150390625,-3.631626390123288,0.6276457919573986,0
2026-06-11,23161.599609375,23161.599609375,23327.44921875,23072.05078125,23104.400390625,363000,,,24089.80078125,23070.150390625,,Bearish,,23497.048037937642,23776.243865118395,24490.101887827463,-1,-1,-1,-3,37.85646844866646,-1,24089.80078125,23070.150390625,-3.8530877872491764,0.39639628351604284,0
2026-06-12,23622.900390625,23622.900390625,23645.349609375,23313.900390625,23412.55078125,351900,,,24089.80078125,23070.150390625,,Bearish,,23509.03397628882,23770.23039553042,24481.473017208533,1,-1,-1,-1,51.25029465860531,0,24089.80078125,23070.150390625,-1.9381662590933768,2.3959531716994054,1
2026-06-15,23853.900390625,23853.900390625,24011.400390625,23817.80078125,23984.849609375,398900,,,24089.80078125,23070.150390625,,Bearish,,23541.87839670179,23773.511571808638,24475.228513461432,1,-1,-1,-1,56.32650019377323,1,24089.80078125,23070.150390625,-0.979254219522685,3.397247034499151,1
2026-06-16,23989.150390625,23989.150390625,24002.599609375,23888.19921875,23923.900390625,327300,,,24089.80078125,23070.150390625,,Bearish,,23584.475729456382,23781.967996075946,24470.391915224252,1,-1,-1,-1,59.01727883562567,1,24089.80078125,23070.150390625,-0.4178132959212322,3.98350242386567,1
2026-06-17,24085.69921875,24085.69921875,24108.19921875,23969.69921875,24044.5,352700,,,24089.80078125,23070.150390625,,Bearish,,23632.2112998653,23793.879024416106,24466.564127199636,1,-1,-1,-1,60.87062809650719,1,24108.19921875,23070.150390625,-0.09332924369772622,4.40200350205644,1
2026-06-18,24168.0,24168.0,24189.25,24036.94921875,24073.80078125,340000,,,24089.80078125,23070.150390625,,Bearish,Bullish_BOS,23683.238795116224,23808.55043522332,24463.593339864317,1,-1,-1,-1,62.43030893336254,1,24189.25,23070.150390625,-0.08784894116188324,4.758744918373536,1
2026-06-19,24013.099609375,24013.099609375,24047.19921875,23901.900390625,23991.19921875,447900,,,24089.80078125,23070.150390625,,Bearish,,23714.654110759915,23816.57197146456,24459.11081518283,1,-1,-1,-1,57.763504200771955,1,24189.25,23070.150390625,-0.7282176612544822,4.087312838381774,1
2026-06-22,24102.900390625,24102.900390625,24168.05078125,24073.150390625,24106.599609375,252800,,,24089.80078125,23070.150390625,,Bearish,Bullish_BOS,23751.629946937544,23827.800536921834,24455.566432848922,1,-1,-1,-1,59.64678290220105,1,24189.25,23070.150390625,-0.35697514133344876,4.4765637956988735,1
2026-06-23,23824.099609375,23824.099609375,24135.5,23784.94921875,24071.30078125,340100,,23784.94921875,24089.80078125,23070.150390625,HL,Bullish,,23758.531819550633,23827.655402508233,24449.28318087406,1,-1,-1,-1,51.90820309820255,0,24189.25,23070.150390625,-1.5095564791177907,3.2680724051819876,1
2026-06-24,24021.650390625,24021.650390625,24090.05078125,23789.25,23795.80078125,395600,,,24089.80078125,23784.94921875,,Bullish,,23783.590731081527,23835.26304910105,24445.028128234768,1,-1,-1,-1,56.24048028897934,1,24189.25,23070.150390625,-0.6928681516582769,4.124377101532284,1
2026-06-25,24056.0,24056.0,24261.599609375,24039.0,24125.849609375,448800,,,24089.80078125,23784.94921875,,Bullish,,23809.534470978524,23843.919400116694,24441.157201585665,1,-1,-1,-1,56.966386942058975,1,24261.599609375,23070.150390625,-0.8474280867101336,4.273269106106992,1
2026-06-29,23946.25,23946.25,24120.0,23924.55078125,24061.75,588500,,,24089.80078125,23784.94921875,,Bullish,,23822.554997551997,23847.932364818,24436.232751818643,1,-1,-1,-1,53.89038285093027,0,24261.599609375,23070.150390625,-1.299789026495779,3.797546156140452,1
2026-06-30,23865.75,23865.75,24035.55078125,23829.19921875,24032.05078125,449000,,,24089.80078125,23784.94921875,,Bullish,,23826.66880730895,23848.63109560945,24430.556306526916,1,-1,-1,-1,51.685853134822075,0,24261.599609375,23070.150390625,-1.6315890780014275,3.4486104160738718,1
2026-07-01,24005.849609375,24005.849609375,24049.900390625,23895.099609375,23897.650390625,352100,,,24089.80078125,23784.94921875,,Bullish,,23843.733645600958,23854.796527521827,24426.330369241823,1,-1,-1,-1,55.12635474983766,1,24261.599609375,23070.150390625,-1.0541349462430905,4.055886948748455,1
2026-07-02,24175.69921875,24175.69921875,24194.55078125,24058.80078125,24062.19921875,372900,,,24089.80078125,23784.94921875,,Bullish,Bullish_BOS,23875.349414472294,23867.380946785677,24423.836526948373,1,1,-1,1,58.94352412461663,1,24261.599609375,23070.150390625,-0.3540590563196333,4.792117994056344,1
2026-07-03,24270.849609375,24270.849609375,24378.150390625,24252.349609375,24375.650390625,326600,,,24089.80078125,23784.94921875,,Bullish,Bullish_BOS,23913.016099701123,23883.203247279376,24422.31426906207,1,1,-1,1,60.94766301340288,1,24378.150390625,23070.150390625,-0.44015144516978966,5.204557397414833,1
2026-07-06,24430.349609375,24430.349609375,24458.650390625,24287.099609375,24306.849609375,329400,,,24089.80078125,23784.94921875,,Bullish,Bullish_BOS,23962.2859577653,23904.659967361556,24422.39422269703,1,1,-1,1,64.1103095329399,1,24458.650390625,23070.150390625,-0.11570867892550796,5.895926969347998,1
2026-07-07,24398.69921875,24398.69921875,24530.900390625,24348.94921875,24464.44921875,412600,24530.900390625,,24089.80078125,23784.94921875,HH,Bullish,Bullish_BOS,24003.849125478126,23924.0340556513,24422.15845151348,1,1,-1,1,63.01966608531291,1,24530.900390625,23072.05078125,-0.5389169160929907,5.7500239145543475,1
2026-07-08,23882.05078125,23882.05078125,24300.0,23805.19921875,24259.55078125,420500,,23805.19921875,24530.900390625,23784.94921875,HL,Bullish,,23992.249283170684,23922.387652733603,24416.784245839215,-1,1,-1,-1,48.51181282998679,0,24530.900390625,23072.05078125,-2.6450297341021,3.5107412326704113,1
2026-07-09,23962.80078125,23962.80078125,24134.69921875,23925.69921875,23928.94921875,384800,,,24530.900390625,23805.19921875,,Bullish,,23989.444663940143,23923.972481302873,24412.26699743534,-1,1,-1,-1,50.432498000689066,0,24530.900390625,23072.05078125,-2.315853068288154,3.860731793828598,1
2026-07-10,24206.900390625,24206.900390625,24228.44921875,24120.349609375,24124.69921875,313100,,,24530.900390625,23805.19921875,,Bullish,,24010.154733148225,23935.067693433153,24410.22354861136,1,1,-1,1,55.80008677149362,1,24530.900390625,23313.900390625,-1.320783154473304,3.830332913145207,1
2026-07-13,24211.0,24211.0,24259.80078125,24000.19921875,24039.400390625,322700,,,24530.900390625,23805.19921875,,Bullish,,24029.282853800774,23945.88856820048,24408.241224744583,1,1,-1,1,55.88648680794781,1,24530.900390625,23784.94921875,-1.3040711328608956,1.7912621016408892,1
2026-07-14,24052.05078125,24052.05078125,24157.099609375,24023.69921875,24068.0,355800,,,24530.900390625,23805.19921875,,Bullish,,24031.451227843558,23950.051792241637,24404.697041227224,1,1,-1,1,51.66927440479508,0,24530.900390625,23784.94921875,-1.9520262271253697,1.1229856328196064,1
2026-07-15,24078.5,24078.5,24220.349609375,24010.55078125,24085.849609375,306900,,,24530.900390625,23805.19921875,,Bullish,,24035.93206328703,23955.08897685961,24401.45129952347,1,1,-1,1,52.314108080658805,0,24530.900390625,23784.94921875,-1.8442062191809883,1.2341871262798065,1
2026-07-16,24072.75,24072.75,24186.5,24050.0,24142.099609375,264300,,,24530.900390625,23805.19921875,,Bullish,,24039.43853345017,23959.70313462982,24398.180639826718,1,1,-1,1,52.15120532733244,0,24530.900390625,23784.94921875,-1.86764604368167,1.2100121745188375,1
2026-07-17,24334.30078125,24334.30078125,24367.30078125,24099.05078125,24127.599609375,387800,24367.30078125,,24530.900390625,23805.19921875,LH,Bearish,,24067.520652288247,23974.39323841885,24397.545019343368,1,1,-1,1,58.484032335075014,1,24530.900390625,23784.94921875,-0.801436580983117,2.3096604388246345,1
2026-07-20,24238.5,24238.5,24266.099609375,24135.849609375,24190.05078125,353100,,,24367.30078125,23805.19921875,,Bearish,,24083.80439968937,23984.75036632399,24395.962481837465,1,1,-1,1,55.58227777717964,1,24530.900390625,23784.94921875,-1.1919676243793642,1.9068814361497877,1
2026-07-21,24187.69921875,24187.69921875,24262.19921875,24135.650390625,24216.05078125,315600,,,24367.30078125,23805.19921875,,Bearish,,24093.69914436181,23992.7091448505,24393.890210562964,1,1,-1,1,54.05079719633853,0,24530.900390625,23784.94921875,-1.399056562987644,1.693297708125896,1
2026-07-22,23996.25,23996.25,24166.30078125,23961.400390625,24150.44921875,304700,,,24367.30078125,23805.19921875,,Bearish,,24084.418273470208,23992.84800191519,24389.933591552388,-1,1,-1,-1,48.61443608592338,0,24530.900390625,23789.25,-2.1794976218212025,0.8701409249976422,1
2026-07-23,23869.599609375,23869.599609375,23990.75,23807.19921875,23904.80078125,344000,,,24367.30078125,23805.19921875,,Bearish,,24063.959353080187,23988.0147316195,24384.75613899341,-1,1,-1,-1,45.36390555596143,0,24530.900390625,23805.19921875,-2.69578682689825,0.27053077789105373,1
2026-07-24,23767.44921875,23767.44921875,23823.599609375,23606.30078125,23666.349609375,333900,,23606.30078125,24367.30078125,23805.19921875,LL,Bearish,Bearish_BOS,24035.72029266779,23979.365103663833,24378.613781578053,-1,1,-1,-1,42.8739007965717,-1,24530.900390625,23606.30078125,-3.112201997146302,0.6826501068223134,0
2026-07-27,23995.94921875,23995.94921875,24011.599609375,23891.55078125,23928.400390625,319400,,,24367.30078125,23606.30078125,,Bearish,,24031.932571342284,23980.015461118193,24374.806173987723,-1,1,-1,-1,49.545371842013935,0,24530.900390625,23606.30078125,-2.180723753945224,1.6506120171504879,1
2026-07-28,23985.349609375,23985.349609375,24041.150390625,23954.599609375,23971.25,437800,,,24367.30078125,23606.30078125,,Bearish,,24027.496098773972,23980.224643402773,24370.930984290084,-1,1,-1,-1,49.25799477786303,0,24530.900390625,23606.30078125,-2.2239329684714426,1.6057104060373195,1
2026-07-29,24250.19921875,24250.19921875,24283.55078125,24136.75,24176.650390625,424200,,,24367.30078125,23606.30078125,,Bearish,,24048.70591972407,23990.811881651687,24369.729673190184,1,1,-1,1,56.1085135419815,1,24530.900390625,23606.30078125,-1.1442758618932514,2.7276549742661693,1
2026-07-30,24317.150390625,24317.150390625,24342.94921875,24187.099609375,24249.55078125,400600,,,24367.30078125,23606.30078125,,Bearish,,24074.27205980987,24003.60947023888,24369.20649624924,1,1,-1,1,57.66449393391866,1,24530.900390625,23606.30078125,-0.8713499977427985,3.0112706601604255,1
2026-07-31,24383.599609375,24383.599609375,24429.400390625,24299.69921875,24361.44921875,411700,,,24367.30078125,23606.30078125,,Bearish,Bullish_BOS,24103.73182643512,24018.51104432265,24369.349711305218,1,1,-1,1,59.21007955410133,1,24530.900390625,23606.30078125,-0.6004703410980139,3.2927599937318197,1
2026-08-03,24774.30078125,24774.30078125,24774.30078125,24515.150390625,24572.69921875,342300,24774.30078125,,24367.30078125,23606.30078125,HH,Bullish,Bullish_BOS,24167.595536417488,24048.14985753549,24373.37907518527,1,1,-1,1,66.86892575744429,1,24774.30078125,23606.30078125,0.0,4.94783155913916,1
2026-08-04,24614.900390625,24614.900390625,24703.900390625,24427.94921875,24703.900390625,296500,,,24774.30078125,23606.30078125,,Bullish,,24210.195998722967,24070.37536863704,24375.782272353823,1,1,-1,1,61.77283260893277,1,24774.30078125,23606.30078125,-0.6434102501316152,4.272586453596783,1
2026-08-05,24624.650390625,24624.650390625,24677.599609375,24497.94921875,24669.19921875,355500,,,24774.30078125,23606.30078125,,Bullish,,24249.667845570777,24092.111644009117,24378.258572038114,1,1,-1,1,61.96377849102756,1,24774.30078125,23606.30078125,-0.6040549517274729,4.313888985875569,1
2026-08-06,24636.0,24636.0,24677.05078125,24604.150390625,24641.0,344000,,,24774.30078125,23606.30078125,,Bullish,,24286.461384087845,24113.440599146015,24380.82316336112,1,1,-1,1,62.20047156103643,1,24774.30078125,23606.30078125,-0.5582429246789089,4.36196771485633,1
2026-08-07,24570.650390625,24570.650390625,24630.400390625,24522.75,24538.900390625,254800,,,24774.30078125,23606.30078125,,Bullish,,24313.527003758052,24131.37039489029,24382.7119914931,1,1,-1,1,59.889545978594484,1,24774.30078125,23606.30078125,-0.8220227582734774,4.085136499408515,1
2026-08-10,24583.80078125,24583.80078125,24620.94921875,24511.099609375,24581.25,269500,,,24774.30078125,23606.30078125,,Bullish,,24339.26736351919,24149.11276298283,24384.71287497327,1,1,-1,1,60.20991278729754,1,24774.30078125,23606.30078125,-0.7689419842039524,4.1408436207692745,1
2026-08-11,24471.69921875,24471.69921875,24576.849609375,24429.25,24575.099609375,271800,,,24774.30078125,23606.30078125,,Bullish,,24351.879921160216,24161.7632122286,24385.578410732243,1,1,-1,1,56.09666673795038,1,24774.30078125,23606.30078125,-1.2214333117688603,3.6659637844967508,1
2026-08-12,24435.94921875,24435.94921875,24473.30078125,24265.94921875,24472.44921875,317600,,,24774.30078125,23606.30078125,,Bullish,,24359.88652093067,24172.515604641205,24386.079612802074,1,1,-1,1,54.810696042936506,0,24774.30078125,23606.30078125,-1.365736072584034,3.51452116614126,1
2026-08-13,24395.849609375,24395.849609375,24431.599609375,24311.400390625,24431.599609375,295800,,,24774.30078125,23606.30078125,,Bullish,,24363.31157697299,24181.273800905277,24386.176826698324,1,1,-1,1,53.33381523474576,0,24774.30078125,23606.30078125,-1.5275957744140367,3.3446529189025798,1
2026-08-14,24366.0,24366.0,24405.19921875,24296.80078125,24361.900390625,267700,,,24774.30078125,23606.30078125,,Bullish,,24363.567617261273,24188.51796557566,24385.976062253565,1,1,-1,1,52.206137803908085,0,24774.30078125,23606.30078125,-1.6480819574089312,3.2182052825210805,1
2026-08-17,24287.650390625,24287.650390625,24360.099609375,24226.94921875,24343.44921875,225400,,,24774.30078125,23606.30078125,,Bullish,,24356.337405200677,24192.405511656027,24384.997697361738,-1,1,-1,-1,49.26187839764805,0,24774.30078125,23606.30078125,-1.9643355222090153,2.8863040240348914,1
2026-08-18,24154.900390625,24154.900390625,24269.650390625,24154.900390625,24223.849609375,227000,,,24774.30078125,23606.30078125,,Bullish,,24337.15292762204,24190.934722595986,24382.708171921575,-1,1,-1,-1,44.66556421174782,-1,24774.30078125,23606.30078125,-2.500173046634613,2.3239541614700654,1
2026-08-19,24078.30078125,24078.30078125,24172.849609375,24025.650390625,24152.05078125,238700,,24025.650390625,24774.30078125,23606.30078125,HL,Bullish,,24312.500342253275,24186.5177052883,24379.679242661165,-1,1,-1,-1,42.217792191286954,-1,24774.30078125,23606.30078125,-2.809362839926266,1.99946617800828,1
2026-08-20,24231.849609375,24231.849609375,24265.150390625,24184.55078125,24225.44921875,253900,,,24774.30078125,24025.650390625,,Bullish,,24304.81932007439,24188.29542701719,24378.20830103643,-1,1,-1,-1,48.33054277803329,0,24774.30078125,23606.30078125,-2.1895720757759807,2.649923145187838,1
2026-08-21,24252.0,24252.0,24284.05078125,24206.80078125,24284.05078125,259300,,,24774.30078125,24025.650390625,,Bullish,,24299.788908638737,24190.793645565536,24376.95249704602,-1,1,-1,-1,49.091662724506136,0,24774.30078125,23891.55078125,-2.1082362156727097,1.508689084481185,1
2026-08-24,24219.05078125,24219.05078125,24313.0,24144.30078125,24285.05078125,236300,,,24774.30078125,24025.650390625,,Bullish,,24292.099563173142,24191.901768533557,24375.381335694816,-1,1,-1,-1,47.85043510526163,0,24774.30078125,23954.599609375,-2.2412337886049682,1.1039682407027351,1
2026-08-25,24334.55078125,24334.55078125,24334.55078125,24115.44921875,24175.75,239500,,,24774.30078125,24025.650390625,,Bullish,,24296.14253632332,24197.49584746361,24374.975061521236,1,1,-1,1,52.394288353538286,0,24774.30078125,24025.650390625,-1.7750248690482362,1.2857108365546432,1
2026-08-26,24207.75,24207.75,24378.599609375,24207.75,24341.94921875,244800,24378.599609375,,24774.30078125,24025.650390625,LH,Bearish,,24287.724199530625,24197.89797109249,24373.311130560825,-1,1,-1,-1,47.50099816516245,0,24774.30078125,24025.650390625,-2.286848723814572,0.7579383134870499,1
2026-08-27,24090.849609375,24090.849609375,24297.44921875,24090.849609375,24277.599609375,323400,,,24378.599609375,24025.650390625,,Bearish,,24268.974238563424,24193.699996123178,24370.50056816097,-1,1,-1,-1,43.47023118673482,-1,24774.30078125,24025.650390625,-2.758710237312767,0.27137337674505435,1
2026-08-28,24175.650390625,24175.650390625,24188.30078125,24076.849609375,24122.599609375,296100,,,24378.599609375,24025.650390625,,Bearish,,24260.086253045476,24192.99216845658,24368.561760424294,-1,1,-1,-1,46.98466250944581,0,24774.30078125,24025.650390625,-2.4164168987488743,0.6243327342286165,1
2026-08-31,24080.400390625,24080.400390625,24128.69921875,23993.599609375,24117.55078125,710900,,,24378.599609375,24025.650390625,,Bearish,,24242.973313767336,24188.57680462005,24365.69448311286,-1,1,-1,-1,43.69846369404406,-1,24703.900390625,23993.599609375,-2.5238929486479544,0.3617663988028097,1
2026-09-01,24055.80078125,24055.80078125,24143.150390625,23952.55078125,24077.55078125,334200,,,24378.599609375,24025.650390625,,Bearish,,24225.147358289494,24183.369901742793,24362.610963691342,-1,1,-1,-1,42.86462007112914,-1,24677.599609375,23952.55078125,-2.5196892646267677,0.4310605619540997,1
2026-09-02,23914.44921875,23914.44921875,23914.44921875,23786.80078125,23858.0,318900,,,24378.599609375,24025.650390625,,Bearish,Bearish_BOS,24195.557059285733,24172.823992605823,24358.151642846155,-1,1,-1,-1,38.33771158714466,-1,24677.05078125,23786.80078125,-3.090326997582049,0.5366355848938742,0
2026-09-03,23873.44921875,23873.44921875,24025.400390625,23873.44921875,23997.94921875,239100,,,24378.599609375,24025.650390625,,Bearish,Bearish_BOS,24164.880122091854,24161.083805395792,24353.328733153656,-1,1,-1,-1,37.11337422297156,-1,24630.400390625,23786.80078125,-3.0732394109318495,0.36427108587171464,0
2026-09-04,23897.69921875,23897.69921875,24005.75,23895.849609375,23910.900390625,231400,,,24378.599609375,24025.650390625,,Bearish,Bearish_BOS,24139.434321773584,24150.75499807635,24348.795106144666,-1,-1,-1,-3,38.367093025693855,-1,24620.94921875,23786.80078125,-2.9375390590108186,0.466218381025052,1
2026-09-07,23779.150390625,23779.150390625,23890.0,23737.900390625,23883.150390625,205900,,,24378.599609375,24025.650390625,,Bearish,Bearish_BOS,24105.1215664261,24136.182268372377,24343.12699952258,-1,-1,-1,-3,34.72269746951183,-1,24576.849609375,23737.900390625,-3.2457342231760777,0.17377274030643264,0
2026-09-08,23635.099609375,23635.099609375,23758.94921875,23623.099609375,23743.099609375,230100,,,24378.599609375,24025.650390625,,Bearish,Bearish_BOS,24060.35757051647,24116.53196801954,24336.081950864398,-1,-1,-1,-3,30.88384821203786,-1,24473.30078125,23623.099609375,-3.4249616729966403,0.05079773695420009,0
2026-09-09,23431.5,23431.5,23571.55078125,23431.5,23522.05078125,352900,,,24378.599609375,24025.650390625,,Bearish,Bearish_BOS,24000.466373324423,24089.667969273672,24327.081135432913,-1,-1,-1,-3,26.43530394753121,-1,24431.599609375,23431.5,-4.093467580367671,0.0,0
2026-09-10,23477.80078125,23477.80078125,23494.94921875,23380.099609375,23446.599609375,253200,,,24378.599609375,24025.650390625,,Bearish,Bearish_BOS,23950.688697888763,24065.67317758647,24318.630584645023,-1,-1,-1,-3,28.941965832999713,-1,24405.19921875,23380.099609375,-3.800003553289988,0.417881760588501,0
2026-09-11,23398.099609375,23398.099609375,23448.099609375,23231.400390625,23270.30078125,293000,,,24378.599609375,24025.650390625,,Bearish,Bearish_BOS,23898.061165649357,24039.493821970333,24309.47107245328,-1,-1,-1,-3,27.222418666672382,-1,24378.599609375,23231.400390625,-4.021970152965393,0.7175599229793717,0
2026-09-15,23118.599609375,23118.599609375,23592.849609375,23118.599609375,23576.150390625,338800,,,24378.599609375,24025.650390625,,Bearish,Bearish_BOS,23823.826731718465,24003.380323437184,24297.62160515897,-1,-1,-1,-3,22.233600708693203,-1,24378.599609375,23118.599609375,-5.168467509165109,0.0,0
2026-09-16,23217.599609375,23217.599609375,23284.75,23116.099609375,23201.599609375,261600,,23116.099609375,24378.599609375,24025.650390625,LL,Bearish,Bearish_BOS,23766.0908153048,23972.56539347396,24286.875117638734,-1,-1,-1,-3,27.3146772464888,-1,24378.599609375,23116.099609375,-4.762373633444994,0.4390879158473471,0
2026-09-17,23270.599609375,23270.599609375,23363.55078125,23193.650390625,23195.25,259700,,,24378.599609375,23116.099609375,,Bearish,,23718.901176644817,23945.037323509296,24276.762923526658,-1,-1,-1,-3,29.953296961639793,-1,24378.599609375,23116.099609375,-4.54496984139281,0.6683653497380648,0
2026-09-18,23346.400390625,23346.400390625,23389.150390625,23286.599609375,23334.69921875,375300,,,24378.599609375,23116.099609375,,Bearish,,23683.424911309594,23921.56136535697,24267.505584890823,-1,-1,-1,-3,33.662427763489774,-1,24378.599609375,23116.099609375,-4.2340381945198295,0.9962787197741463,0
2026-09-21,23414.30078125,23414.30078125,23466.80078125,23314.80078125,23330.19921875,213600,,,24378.599609375,23116.099609375,,Bearish,,23657.794041780107,23901.66879343121,24259.0159848546,-1,-1,-1,-3,36.886395652307066,-1,24378.599609375,23116.099609375,-3.9555136208651254,1.29001508435298,0
2026-09-22,23329.0,23329.0,23489.0,23285.75,23454.05078125,244100,,,24378.599609375,23116.099609375,,Bearish,,23626.480323515334,23879.21119368881,24249.762094458038,-1,-1,-1,-3,34.610735613603154,-1,24378.599609375,23116.099609375,-4.305413871973873,0.9210048157893169,0
2026-09-23,23446.80078125,23446.80078125,23466.900390625,23349.55078125,23352.150390625,237600,,,24378.599609375,23116.099609375,,Bearish,,23609.36798615673,23862.253922612777,24241.77242965,-1,-1,-1,-3,40.10618236543556,-1,24378.599609375,23116.099609375,-3.8221999747953928,1.4306097372105198,0
2026-09-24,23063.099609375,23063.099609375,23281.94921875,23046.150390625,23221.80078125,271700,,,24378.599609375,23116.099609375,,Bearish,Bearish_BOS,23557.34242646323,23830.914537779925,24230.04434188607,-1,-1,-1,-3,30.974829669694913,-1,24297.44921875,23046.150390625,-5.080161288792695,0.0735446851761079,0
2026-09-25,23140.5,23140.5,23162.69921875,23020.94921875,23035.0,242700,,,24378.599609375,23116.099609375,,Bearish,,23517.643147752446,23803.839457866987,24219.203104653374,-1,-1,-1,-3,34.227948244920725,-1,24188.30078125,23020.94921875,-4.3318494784975625,0.5193129966710064,0
2026-09-28,22780.25,22780.25,23080.25,22762.19921875,23064.900390625,261500,,,24378.599609375,23116.099609375,,Bearish,Bearish_BOS,23447.41522891888,23763.69869481338,24204.885163313542,-1,-1,-1,-3,27.68732753463665,-1,24143.150390625,22762.19921875,-5.645080979797179,0.07930156957387524,0
2026-09-29,22716.19921875,22716.19921875,22753.25,22569.650390625,22732.44921875,603200,,,24378.599609375,23116.099609375,,Bearish,Bearish_BOS,23377.775608902797,23722.62028398737,24190.07236784525,-1,-1,-1,-3,26.71004997972554,-1,24143.150390625,22569.650390625,-5.910376851353661,0.6493181134337611,0
2026-09-30,22620.44921875,22620.44921875,22809.349609375,22595.19921875,22665.0,379000,,,24378.599609375,23116.099609375,,Bearish,Bearish_BOS,23305.6492860311,23679.39788927218,24174.45422705823,-1,-1,-1,-3,25.27387375590692,-1,24025.400390625,22569.650390625,-5.8477742265774175,0.22507583079842686,0
2026-10-01,22421.94921875,22421.94921875,22610.599609375,22217.30078125,22543.69921875,463600,,,24378.599609375,23116.099609375,,Bearish,Bearish_BOS,23221.48737486147,23630.08617670268,24157.016366279044,-1,-1,-1,-3,22.565077874547924,-1,24025.400390625,22217.30078125,-6.673983142027828,0.9211219648820324,0
